id,date,likes,username,media,inferred company,generated,actual
6253,2020-10-22 16:00:05,1,Airbnb_uk,"[Photo(previewUrl='https://pbs.twimg.com/media/Ek8fOMFWkAc8R53?format=jpg&name=small', fullUrl='https://pbs.twimg.com/media/Ek8fOMFWkAc8R53?format=jpg&name=large')]",airbnb,"🎉✨ Discover your perfect escape with Airbnb! Whether you're looking for a cozy cabin in the woods or a bustling city hotel, we've got the perfect place for you. Don't miss out on your next adventure! #Airbnb #Travel #EscapeTheCity",
4685,2020-07-31 07:45:00,650,BBCSport,"[Photo(previewUrl='https://pbs.twimg.com/media/EePRCzQWkAEXZoN?format=png&name=small', fullUrl='https://pbs.twimg.com/media/EePRCzQWkAEXZoN?format=png&name=large')]",bbc,"🎉Stay tuned for the latest in sports, science, and culture from around the world at BBC Sport! 🏃🚀 #BBCSport #StayInTouch #SportsLovers #ScienceMatters #CultureVibes",
1732,2020-01-10 22:34:27,3440,SkySportsPL,"[Video(thumbnailUrl='https://pbs.twimg.com/media/EN9CtslWkAIt7q8.jpg', variants=[VideoVariant(contentType='video/mp4', url='https://video.twimg.com/amplify_video/1215763724096757761/vid/1280x720/s3u2pIhmY6YIME74.mp4?tag=13', bitrate=2176000), VideoVariant(contentType='video/mp4', url='https://video.twimg.com/amplify_video/1215763724096757761/vid/640x360/NMs9ziuKfgIweuyp.mp4?tag=13', bitrate=832000), VideoVariant(contentType='video/mp4', url='https://video.twimg.com/amplify_video/1215763724096757761/vid/480x270/-0yVMya2q5QBOJrc.mp4?tag=13', bitrate=288000), VideoVariant(contentType='application/x-mpegURL', url='https://video.twimg.com/amplify_video/1215763724096757761/pl/5-e5PycF7AX3VQEJ.m3u8?tag=13', bitrate=None)], duration=168.96, views=351409)]",sky,🚨🚨🚨 Friday night at Sky Sports! Catch the best of the Premier League with us. #SkySports #PremierLeague #FootballLovers,
4743,2020-01-18 16:41:22,196,BBCSport,"[Photo(previewUrl='https://pbs.twimg.com/media/EOk-sKIXkAEGkQQ?format=jpg&name=small', fullUrl='https://pbs.twimg.com/media/EOk-sKIXkAEGkQQ?format=jpg&name=large')]",bbc,"🚨Stay tuned for the latest in sports! 🏏🏃‍♀️ Whether it's football, rugby, or athletics, we've got you covered. #BBCSport #SportsLovers #StayTuned",
4522,2019-01-16 20:29:16,6435,SkySports,"[Video(thumbnailUrl='https://pbs.twimg.com/media/DxDzTAUWwAI5_Xi.jpg', variants=[VideoVariant(contentType='video/mp4', url='https://video.twimg.com/ext_tw_video/1085635021539590152/pu/vid/320x180/m-DIH5zMfJptDf3F.mp4?tag=6', bitrate=256000), VideoVariant(contentType='video/mp4', url='https://video.twimg.com/ext_tw_video/1085635021539590152/pu/vid/640x360/VG8uaugRn_9Q1PNS.mp4?tag=6', bitrate=832000), VideoVariant(contentType='application/x-mpegURL', url='https://video.twimg.com/ext_tw_video/1085635021539590152/pu/pl/Jyrd0-qzG3PGE52C.m3u8?tag=6', bitrate=None), VideoVariant(contentType='video/mp4', url='https://video.twimg.com/ext_tw_video/1085635021539590152/pu/vid/1280x720/63c6tzdy4YkH6sY3.mp4?tag=6', bitrate=2176000)], duration=120.56, views=432891)]",sky,"🎉 **Sky Sports** is here to bring you the latest in sports news, highlights, and more! Tune in to Sky Sports on Wednesdays at 8 PM for your favorite games. #SkySports #SportsLovers #StayConnected",
6341,2019-05-20 06:30:03,88,FlyMangoSA,"[Gif(thumbnailUrl='https://pbs.twimg.com/tweet_video_thumb/D6_YccEWkAcjNGd.jpg', variants=[VideoVariant(contentType='video/mp4', url='https://video.twimg.com/tweet_video/D6_YccEWkAcjNGd.mp4', bitrate=0)])]",mango,"🎉 Monday Morning Motivation! Ready to kickstart your day with #MangoMagic? 🌟 Whether you're in the office or on the go, let's #FlyHigh and chase our dreams together! 🚀 #StayMotivated #MondayMotivation",
577,2019-02-19 20:06:18,232,BBCHolbyCity,"[Gif(thumbnailUrl='https://pbs.twimg.com/tweet_video_thumb/DzYBaNuW0AMJU1H.jpg', variants=[VideoVariant(contentType='video/mp4', url='https://video.twimg.com/tweet_video/DzYBaNuW0AMJU1H.mp4', bitrate=0)])]",bbc,🎉Stay tuned for BBC Holby City at 8pm tonight! #HolbyCity #2023 #TV #Drama #EngageWithUs #StayTuned #BBCHOLBYCITY,
5203,2018-04-19 08:58:52,168,bbcproms,"[Video(thumbnailUrl='https://pbs.twimg.com/ext_tw_video_thumb/986891535361994752/pu/img/M4aQlmxrPJTO1Ygk.jpg', variants=[VideoVariant(contentType='application/x-mpegURL', url='https://video.twimg.com/ext_tw_video/986891535361994752/pu/pl/3gv5ZR7DcjQowzmj.m3u8?tag=3', bitrate=None), VideoVariant(contentType='video/mp4', url='https://video.twimg.com/ext_tw_video/986891535361994752/pu/vid/640x360/i6gQUhzx45JjslIf.mp4?tag=3', bitrate=832000), VideoVariant(contentType='video/mp4', url='https://video.twimg.com/ext_tw_video/986891535361994752/pu/vid/320x180/YAHUKqhQjjoR0naw.mp4?tag=3', bitrate=256000), VideoVariant(contentType='video/mp4', url='https://video.twimg.com/ext_tw_video/986891535361994752/pu/vid/1280x720/JlVRCVdd5mEZajOp.mp4?tag=3', bitrate=2176000)], duration=69.72, views=7590)]",bbc,"🎉Stay tuned for the latest news and insights from @BBCProms! 🎶 Join us in the heart of London this Thursday, August 14th, at the Royal Albert Hall. Tickets go on sale at 10am. Don't miss out on this incredible opportunity to experience some of the greatest classical music in the world. #BBCproms #ClassicalMusic #LiveInLondon",
6364,2019-06-29 13:04:55,1004,RelianceGenIn,"[Video(thumbnailUrl='https://pbs.twimg.com/ext_tw_video_thumb/1144944395843543040/pu/img/w-GfUN62PoDPdU8U.jpg', variants=[VideoVariant(contentType='video/mp4', url='https://video.twimg.com/ext_tw_video/1144944395843543040/pu/vid/640x360/23FTizVJrDLRRr5m.mp4?tag=10', bitrate=832000), VideoVariant(contentType='video/mp4', url='https://video.twimg.com/ext_tw_video/1144944395843543040/pu/vid/480x270/nFcu8B2-bbUCSQxs.mp4?tag=10', bitrate=256000), VideoVariant(contentType='application/x-mpegURL', url='https://video.twimg.com/ext_tw_video/1144944395843543040/pu/pl/ztNzSn_GrOC5W0pJ.m3u8?tag=10', bitrate=None), VideoVariant(contentType='video/mp4', url='https://video.twimg.com/ext_tw_video/1144944395843543040/pu/vid/1280x720/YgQtXaRGcWE69ByR.mp4?tag=10', bitrate=2176000)], duration=30.0, views=4387)]",reliance,🎉Stay tuned for the latest in tech and innovation at Reliance GenIn! 🚀 #Reliance #TechSavvy #InnovateNow,
440,2020-08-14 06:36:28,575,BBCBreakfast,"[Video(thumbnailUrl='https://pbs.twimg.com/amplify_video_thumb/1294159472601051136/img/yYKDp5KwA0iKBg09.jpg', variants=[VideoVariant(contentType='video/mp4', url='https://video.twimg.com/amplify_video/1294159472601051136/vid/480x270/vMMBQTlLWIJYEeEi.mp4?tag=13', bitrate=288000), VideoVariant(contentType='video/mp4', url='https://video.twimg.com/amplify_video/1294159472601051136/vid/1280x720/2cwsC0dDE6isEIGH.mp4?tag=13', bitrate=2176000), VideoVariant(contentType='video/mp4', url='https://video.twimg.com/amplify_video/1294159472601051136/vid/640x360/toHMLYzh1OB3yQUd.mp4?tag=13', bitrate=832000), VideoVariant(contentType='application/x-mpegURL', url='https://video.twimg.com/amplify_video/1294159472601051136/pl/qmK27COqkefDdtFq.m3u8?tag=13', bitrate=None)], duration=57.36, views=86169)]",bbc,🎉Fri 6am! Wake up to the best breakfast stories from around the world. Tune in to BBC Breakfast for your morning fix. #BBC #BreakfastAt6 #StartYourDayRight #WakeUpAndSmile,
2751,2018-11-21 09:43:51,159,BBCSport,"[Photo(previewUrl='https://pbs.twimg.com/media/DshGnLWWwAAP4gX?format=jpg&name=small', fullUrl='https://pbs.twimg.com/media/DshGnLWWwAAP4gX?format=jpg&name=large')]",bbc,"🎉Stay tuned for the latest in sports, science, and culture from around the world! 🏃🚀 #BBCSport #EngageWithUs #StayInformed",
7488,2018-04-23 07:30:00,44,AutoExpress,"[Photo(previewUrl='https://pbs.twimg.com/media/DbOL6EmWsAEOY-X?format=jpg&name=small', fullUrl='https://pbs.twimg.com/media/DbOL6EmWsAEOY-X?format=jpg&name=large')]",express,"🎉 Monday Morning Motivation: Ready to kickstart your week with a bang? 🚀 At AutoExpress, we're here to help you find the perfect ride. Whether you're looking for a new car, truck, SUV, or motorcycle, we've got you covered. So, what's your next adventure? Let's go! 🚗💨 #AutoExpress #DriveYourDream #MondayMotivation",
5273,2019-03-03 23:10:00,171,BBCSport,"[Photo(previewUrl='https://pbs.twimg.com/media/D0vEDE1X4AIwaj_?format=jpg&name=small', fullUrl='https://pbs.twimg.com/media/D0vEDE1X4AIwaj_?format=jpg&name=large')]",bbc,🚨Stay tuned for the latest in sports! 🏏 #BBCSport #SundayNight #StayTuned #SportsLovers #EngageWithUs,
5654,2020-03-06 15:53:10,1,UPMCnews,"[Video(thumbnailUrl='https://pbs.twimg.com/ext_tw_video_thumb/1235956523458756609/pu/img/S7NMj_-E4aAtpo1B.jpg', variants=[VideoVariant(contentType='video/mp4', url='https://video.twimg.com/ext_tw_video/1235956523458756609/pu/vid/640x360/hUgqR9lAEM46SeQR.mp4?tag=10', bitrate=832000), VideoVariant(contentType='application/x-mpegURL', url='https://video.twimg.com/ext_tw_video/1235956523458756609/pu/pl/whTBdpa8vnISy9zK.m3u8?tag=10', bitrate=None), VideoVariant(contentType='video/mp4', url='https://video.twimg.com/ext_tw_video/1235956523458756609/pu/vid/480x270/hFZyStLIVDgJ7JLY.mp4?tag=10', bitrate=256000), VideoVariant(contentType='video/mp4', url='https://video.twimg.com/ext_tw_video/1235956523458756609/pu/vid/1280x720/jothw0qmoI914Vwz.mp4?tag=10', bitrate=2176000)], duration=40.6, views=164)]",upmc,"🎉 Friday is here, and so is the #UPMC news! Stay healthy, stay safe, and join us for all the latest in healthcare and wellness. Let's #MakeHealthYourHobby! #StayHealthy #StaySafe #UPMCHelpingHands",
4000,2020-09-16 03:05:25,4,NyeemWartman,"[Gif(thumbnailUrl='https://pbs.twimg.com/tweet_video_thumb/EiAUrMhXgAINYir.jpg', variants=[VideoVariant(contentType='video/mp4', url='https://video.twimg.com/tweet_video/EiAUrMhXgAINYir.mp4', bitrate=0)])]",coach,"🎉 Wednesday is here, and so is the perfect opportunity to kickstart your week with Nyeem Wartman Coaching! 🌟 Whether you're looking to reach new heights or just want to feel more confident in your daily life, let's work together to achieve your goals. #Nyeems #Coaching #WednesdayMotivation #AchieveYourGoals",
6034,2020-03-06 17:00:00,181,BBCSport,"[Video(thumbnailUrl='https://pbs.twimg.com/amplify_video_thumb/1235928632218042368/img/G1agqaDChha_wBzD.jpg', variants=[VideoVariant(contentType='application/x-mpegURL', url='https://video.twimg.com/amplify_video/1235928632218042368/pl/JIoOur4H5pTXp13J.m3u8?tag=13', bitrate=None), VideoVariant(contentType='video/mp4', url='https://video.twimg.com/amplify_video/1235928632218042368/vid/720x720/v8FBit9yj5ue4yq3.mp4?tag=13', bitrate=1280000), VideoVariant(contentType='video/mp4', url='https://video.twimg.com/amplify_video/1235928632218042368/vid/320x320/_OCeIry09IrO8nbV.mp4?tag=13', bitrate=432000), VideoVariant(contentType='video/mp4', url='https://video.twimg.com/amplify_video/1235928632218042368/vid/480x480/v3hg3u_JDzw1sWMv.mp4?tag=13', bitrate=832000)], duration=47.4, views=50858)]",bbc,🎉Stay tuned for the latest in sports! 🏏 #BBCSport #FridayNight #StayTuned #SportsLovers #EngageWithUs #FollowOurUpdates #StayInTheLoop,
583,2020-09-03 14:54:06,6702,WhiteHouse45,"[Video(thumbnailUrl='https://pbs.twimg.com/amplify_video_thumb/1301533911361650689/img/8VC3dhiuXEzD0-WY.jpg', variants=[VideoVariant(contentType='video/mp4', url='https://video.twimg.com/amplify_video/1301533911361650689/vid/640x360/qjSSewiKEUdAEuXG.mp4?tag=13', bitrate=832000), VideoVariant(contentType='video/mp4', url='https://video.twimg.com/amplify_video/1301533911361650689/vid/1280x720/rGceHRE2mpXY6TSy.mp4?tag=13', bitrate=2176000), VideoVariant(contentType='video/mp4', url='https://video.twimg.com/amplify_video/1301533911361650689/vid/480x270/QmML4u9Mtyao5Pmh.mp4?tag=13', bitrate=288000), VideoVariant(contentType='application/x-mpegURL', url='https://video.twimg.com/amplify_video/1301533911361650689/pl/3nKg_CXUez1mnaMy.m3u8?tag=13', bitrate=None)], duration=21.42, views=247122)]",house,"Hey there, folks! Just a quick update from the White House. Stay tuned for more exciting news coming your way! 🚀 #WhiteHouse #StayHome #StaySafe #EngageWithTheWhiteHouse",
9931,2020-02-06 17:20:00,247,uclagymnastics,"[Photo(previewUrl='https://pbs.twimg.com/media/EP4FsYdUUAEd9CZ?format=jpg&name=small', fullUrl='https://pbs.twimg.com/media/EP4FsYdUUAEd9CZ?format=jpg&name=large')]",ucla,🚨 #UCLA #GymNastics 🏃‍♂️🏋️‍♀️ #StayStrong 🌟 #FitnessGoals #UCLATeam 🚀 #Athletics #LifelongLearning #StayInShape #HealthyHabits #MotivationMonday #Community #TogetherWeCan 🌍✨ #StayHealthy #StayFit #StayUCLA 🏠💪 #UclaGym #StayActive #StayConnected #StayInspired #,
7052,2020-05-18 17:00:02,562,BBCSport,"[Photo(previewUrl='https://pbs.twimg.com/media/EYULMxFXgAIIU_f?format=png&name=small', fullUrl='https://pbs.twimg.com/media/EYULMxFXgAIIU_f?format=png&name=large')]",bbc,"Monday morning, kickstart your day with #BBCSport! 🏃💨 Whether you're a fan or just tuning in, we've got you covered with all the latest sports news, analysis, and more. Tune in now and join the conversation! #SportsLovers #EngageWithUs",
8159,2018-10-17 15:54:57,0,UPMCnews,"[Photo(previewUrl='https://pbs.twimg.com/media/DpuL67cXoAIJYYi?format=jpg&name=small', fullUrl='https://pbs.twimg.com/media/DpuL67cXoAIJYYi?format=jpg&name=large')]",upmc,"**UpMCNews** 🚀 Wednesdays are here! 🌟 Join us for the latest in healthcare news, tips, and updates from the experts at **UPMC**. #UPMC #Healthcare #StayInformed",
9897,2018-05-13 22:37:19,11575,LFC,"[Photo(previewUrl='https://pbs.twimg.com/media/DdHGAjPXkAAaidP?format=jpg&name=small', fullUrl='https://pbs.twimg.com/media/DdHGAjPXkAAaidP?format=jpg&name=large')]",liverpool,🚨🚨🚨 Liverpool Football Club 🇬🇧 🇩🇪 🇵🇹 🇳🇱 🇸🇪 #LFC #Anfield #Merseyside #DreamTeam #SupportLFC,
2250,2020-01-30 16:15:00,466,BBCSport,"[Photo(previewUrl='https://pbs.twimg.com/media/EPihwr2UYAYh0H7?format=jpg&name=small', fullUrl='https://pbs.twimg.com/media/EPihwr2UYAYh0H7?format=jpg&name=large')]",bbc,🚨Stay tuned for the latest in sports! 🏏 #BBCSport #SportsLovers #StayTuned #EngageWithUs #FollowTheTrend #StayInTheLoop,
4641,2020-02-06 00:56:00,516,DoctorWho_BBCA,"[Photo(previewUrl='https://pbs.twimg.com/media/EQBgwzwUcAAf8Eb?format=jpg&name=small', fullUrl='https://pbs.twimg.com/media/EQBgwzwUcAAf8Eb?format=jpg&name=large'), Photo(previewUrl='https://pbs.twimg.com/media/EQBgxkLU8AEUME3?format=jpg&name=small', fullUrl='https://pbs.twimg.com/media/EQBgxkLU8AEUME3?format=jpg&name=large')]",bbc,"🎉✨ Thursday is here, and so is the #DoctorWho adventure! Dive into the universe with us this week. Let's explore new worlds, meet new friends, and solve mysteries together! 🌌✨ #BBCA #SciFi #AdventureTime",
9486,2020-01-28 21:51:22,349,BBCSport,"[Photo(previewUrl='https://pbs.twimg.com/media/EPZlYdqXUAA1Wqy?format=jpg&name=small', fullUrl='https://pbs.twimg.com/media/EPZlYdqXUAA1Wqy?format=jpg&name=large')]",bbc,🚨Stay tuned for the latest in sports! 🏏 #BBCSport #2100pm #SportsLover #StayTuned #EngageWithUs,
4948,2019-12-21 07:00:15,24,ZenithBank,"[Photo(previewUrl='https://pbs.twimg.com/media/EMStK_IWsAAK8nX?format=jpg&name=small', fullUrl='https://pbs.twimg.com/media/EMStK_IWsAAK8nX?format=jpg&name=large')]",zenith,"🎉 Saturday vibes at ZenithBank! 🛰️ Whether you're in the mood for a weekend getaway or just relaxing at home, we've got you covered with our latest offers and services. #ZenithBank #SaturdaySerenity",
9921,2018-02-25 15:44:20,693,SkySportsStatto,"[Photo(previewUrl='https://pbs.twimg.com/media/DW5FddEXkAAzVQN?format=jpg&name=small', fullUrl='https://pbs.twimg.com/media/DW5FddEXkAAzVQN?format=jpg&name=large')]",sky,"🎉 Sunday kick-off! 🏃💨 Tune in to Sky Sports Statto for all the latest news, stats, and highlights from your favorite teams. Don't miss out on the action! #SkySports #SportsLovers #StayConnected",
1964,2018-09-11 23:55:53,13,AirbnbPolicy,"[Photo(previewUrl='https://pbs.twimg.com/media/Dm2govlV4AADmhh?format=jpg&name=small', fullUrl='https://pbs.twimg.com/media/Dm2govlV4AADmhh?format=jpg&name=large'), Photo(previewUrl='https://pbs.twimg.com/media/Dm2gowCVsAERSgD?format=jpg&name=small', fullUrl='https://pbs.twimg.com/media/Dm2gowCVsAERSgD?format=jpg&name=large'), Photo(previewUrl='https://pbs.twimg.com/media/Dm2gowTVsAAoDTl?format=jpg&name=small', fullUrl='https://pbs.twimg.com/media/Dm2gowTVsAAoDTl?format=jpg&name=large')]",airbnb,"🎉Travel like never before with Airbnb! Whether you're looking for a cozy home away from home or a thrilling adventure, we've got the perfect place for you. #Airbnb #TravelLikeNeverBefore #ExploreTheWorld",
8244,2020-08-31 10:55:04,1,USAIDAsiaHQ,"[Photo(previewUrl='https://pbs.twimg.com/media/EgvmvJmWsAEsGDp?format=jpg&name=small', fullUrl='https://pbs.twimg.com/media/EgvmvJmWsAEsGDp?format=jpg&name=large')]",usaid,"🌞 Monday Morning Motivation! Let's make a difference together. Remember, small steps can lead to big changes. #USAID #MakeADifference #MondayMotivation",
6591,2019-09-22 19:02:01,81,EnvDefenseFund,"[Photo(previewUrl='https://pbs.twimg.com/media/EFFzSRkX4AAB55Z?format=jpg&name=small', fullUrl='https://pbs.twimg.com/media/EFFzSRkX4AAB55Z?format=jpg&name=large')]",edf,🌟Stay tuned for the latest in clean energy solutions! 🌟 #EDF #CleanEnergy #SustainableFuture #GoGreen #EcoFriendly #RenewableEnergy #Environment #Sustainability #GreenLiving #ClimateAction #CleanTech #EnergyEfficiency,
8848,2020-09-16 21:54:39,292,DeadlineWH,"[Video(thumbnailUrl='https://pbs.twimg.com/media/EiEXIvQXYAAkIjG.jpg', variants=[VideoVariant(contentType='video/mp4', url='https://video.twimg.com/amplify_video/1306350685512970251/vid/640x360/xk6w1pc0zj4pczN2.mp4?tag=13', bitrate=832000), VideoVariant(contentType='application/x-mpegURL', url='https://video.twimg.com/amplify_video/1306350685512970251/pl/Bwph5s-_rx2n5dsc.m3u8?tag=13&v=585', bitrate=None), VideoVariant(contentType='video/mp4', url='https://video.twimg.com/amplify_video/1306350685512970251/vid/1280x720/0gJ9YjwhiEKy-6M8.mp4?tag=13', bitrate=2176000), VideoVariant(contentType='video/mp4', url='https://video.twimg.com/amplify_video/1306350685512970251/vid/480x270/36jgumumYHB1BLgq.mp4?tag=13', bitrate=288000)], duration=97.079, views=11543)]",house,🚨 **Wednesday Night Special** 🌚 #DeadlineWH #SocialMediaMagic #StayTuned #EngageWithUs #FollowTheTrend #ShareTheMoment #ConnectWithUs 🛰️ #EndlessCreativity #StayInTheLoop #LikeForLikes #FollowForFollowers #ShareYourStory #JoinTheChase #MakeItHappen #CreateTheFuture #BeTheChange #StayTrueToYourself #LiveYourDreams #DreamBig #Achieve,
322,2020-07-31 17:58:07,182,searchliaison,"[Photo(previewUrl='https://pbs.twimg.com/media/EeReGh0UMAAuCxs?format=png&name=small', fullUrl='https://pbs.twimg.com/media/EeReGh0UMAAuCxs?format=png&name=large')]",google,"🎉 Friday is here, and so is the chance to shine! 🌟 Whether you're looking for the best deals or just want to stay ahead of the curve, Google is always ready to help. #TechSavvy #StayInTheKnow #GoogleIsHere",
2679,2018-05-15 00:15:05,4,USAIDMX,"[Photo(previewUrl='https://pbs.twimg.com/media/DdMmYCRX4AEjIeq?format=jpg&name=small', fullUrl='https://pbs.twimg.com/media/DdMmYCRX4AEjIeq?format=jpg&name=large')]",usaid,"🎉 Tuesday is here, USAIDMX! Let's make a difference together. #USAID #MakeADifference #TuesdayIsHere #UnitedWeStand #TogetherWeCan #MakeTheWorldA BetterPlace",
4626,2020-01-14 07:12:55,103,UNICEFUganda,"[Photo(previewUrl='https://pbs.twimg.com/media/EOOWNfcXkAIQ8to?format=jpg&name=small', fullUrl='https://pbs.twimg.com/media/EOOWNfcXkAIQ8to?format=jpg&name=large')]",unicef,"🎉Join UNICEF Uganda in celebrating #WorldChildren'sDay! Together, we can make a difference in the lives of children around the world. #UNICEF #ChildrenFirst #TogetherWeCan #UgandaUnite",
4950,2020-09-12 03:32:18,204,BBCSport,"[Photo(previewUrl='https://pbs.twimg.com/media/Ehr0YuWWoAUmBj6?format=jpg&name=small', fullUrl='https://pbs.twimg.com/media/Ehr0YuWWoAUmBj6?format=jpg&name=large')]",bbc,"🚨Stay tuned for the latest in sports! 🏏🏃‍♀️ Whether it's football, rugby, cricket, or any other sport you love, we've got you covered. Tune in to BBC Sport for all your sports news and highlights. #BBCSport #SportsLovers #StayTuned #EngageWithUs",
8329,2019-08-16 23:13:33,4018,GameStop,"[Photo(previewUrl='https://pbs.twimg.com/media/ECIKBcYXoAAKzDB?format=jpg&name=small', fullUrl='https://pbs.twimg.com/media/ECIKBcYXoAAKzDB?format=jpg&name=large')]",gamestop,🚨🚨🚨 Friday night at GameStop! 🚨🚨🚨 Get ready to unleash your inner gamer with the best deals of the season. Don't miss out on your favorite games and consoles. #GameStop #FridayNight #GamerLife,
3338,2019-03-27 19:11:03,2,UPMCnews,"[Photo(previewUrl='https://pbs.twimg.com/media/D2sAxcoX4AEvnLf?format=jpg&name=small', fullUrl='https://pbs.twimg.com/media/D2sAxcoX4AEvnLf?format=jpg&name=large')]",upmc,"**UPMC News** 🚀 Wednesdays at 9 PM: Dive into the latest health insights, expert tips, and inspiring stories. Join us for a night of learning and connection! 🌟 #UPMC #HealthAndWellness #WednesdayNight #LearnAndConnect",
5590,2020-10-29 16:15:00,400,BBCSport,"[Photo(previewUrl='https://pbs.twimg.com/media/ElglSc3XIAAzyM0?format=jpg&name=small', fullUrl='https://pbs.twimg.com/media/ElglSc3XIAAzyM0?format=jpg&name=large')]",bbc,🚨Stay tuned for the latest in sports! 🏏🏃‍♀️🏋️‍♂️ #BBCSport #SportsLovers #StayTuned #EngageWithUs,
252,2018-04-08 23:57:02,0,zinakumok,"[Photo(previewUrl='https://pbs.twimg.com/media/DaTJAx-WkAAIgJn?format=jpg&name=small', fullUrl='https://pbs.twimg.com/media/DaTJAx-WkAAIgJn?format=jpg&name=large')]",coach,"🎉 Sunday Night Vibes! 🌇 Whether you're catching up with friends or just relaxing at home, remember to #StayAtHomeAndEnjoy. #ZinaKumoCoach #SundayNight #RelaxAndBreathe #WellnessWednesday",
3974,2018-05-14 07:38:03,299,BBCSport,"[Photo(previewUrl='https://pbs.twimg.com/media/DdJB_JkX0AA3Xnz?format=jpg&name=small', fullUrl='https://pbs.twimg.com/media/DdJB_JkX0AA3Xnz?format=jpg&name=large')]",bbc,"Monday morning, kickstart your day with BBC Sport! 🏃🏃🏃 #BBCSport #MondayMotivation #StartYourDayWithUs",
6631,2019-05-03 22:02:56,7453,swedishousemfia,"[Photo(previewUrl='https://pbs.twimg.com/media/D5rK1pGX4AwjuTR?format=jpg&name=small', fullUrl='https://pbs.twimg.com/media/D5rK1pGX4AwjuTR?format=jpg&name=large')]",house,🎉 Friday night vibes at @SwedishOmeletteHouse! 🍳 Let's cook up some deliciousness together! 🌍✨ #SwedishHouseFia #FoodLovers #DinnerDelight #StayTuned,
5548,2018-02-26 09:00:03,683,BBCOne,"[Video(thumbnailUrl='https://pbs.twimg.com/media/DWo6rllXcAA5WBh.jpg', variants=[VideoVariant(contentType='video/mp4', url='https://video.twimg.com/amplify_video/966647375019290624/vid/480x480/9kLrzzq-F8WIUIRP.mp4', bitrate=832000), VideoVariant(contentType='video/mp4', url='https://video.twimg.com/amplify_video/966647375019290624/vid/240x240/11rmeItrA65KOA__.mp4', bitrate=320000), VideoVariant(contentType='video/mp4', url='https://video.twimg.com/amplify_video/966647375019290624/vid/720x720/vr8VRE1yVixdacgQ.mp4', bitrate=1280000), VideoVariant(contentType='application/x-mpegURL', url='https://video.twimg.com/amplify_video/966647375019290624/pl/MqbJmUQq9cOhxJ3l.m3u8', bitrate=None)], duration=296.84, views=30193)]",bbc,"Good morning, everyone! 🌥️ Let's kick off the week with a bang! What's on your mind today? #MondayMotivation #BBCOne #EngageWithUs",
36,2019-10-17 09:41:58,299,bbcpress,"[Video(thumbnailUrl='https://pbs.twimg.com/amplify_video_thumb/1184766232396025856/img/0mBdmS0ogOP36J6o.jpg', variants=[VideoVariant(contentType='video/mp4', url='https://video.twimg.com/amplify_video/1184766232396025856/vid/720x720/vCGkH-4aEYcssBR8.mp4?tag=13', bitrate=1280000), VideoVariant(contentType='application/x-mpegURL', url='https://video.twimg.com/amplify_video/1184766232396025856/pl/5BttyA3QcWP0dgqk.m3u8?tag=13', bitrate=None), VideoVariant(contentType='video/mp4', url='https://video.twimg.com/amplify_video/1184766232396025856/vid/320x320/QoyhqhCHh4vtpclb.mp4?tag=13', bitrate=432000), VideoVariant(contentType='video/mp4', url='https://video.twimg.com/amplify_video/1184766232396025856/vid/480x480/hKYEnOq8OVfOdrKY.mp4?tag=13', bitrate=832000)], duration=43.52, views=61661)]",bbc,🎉Stay tuned for the latest news and insights from around the world with @BBCPress! 🌍 #BBC #News #Innovation #EngageWithUs #StayInformed,
8363,2018-12-05 13:56:31,4,IndigoTeen,"[Photo(previewUrl='https://pbs.twimg.com/media/DtqEoKPUcAAJXWS?format=jpg&name=small', fullUrl='https://pbs.twimg.com/media/DtqEoKPUcAAJXWS?format=jpg&name=large'), Photo(previewUrl='https://pbs.twimg.com/media/DtqEoKOU8AACh_b?format=png&name=small', fullUrl='https://pbs.twimg.com/media/DtqEoKOU8AACh_b?format=png&name=large')]",indigo,"🎉Hey Indigo Teen community! 🌟 Ready for another exciting day ahead? Let's dive into the world of creativity, fun, and endless possibilities together! 🚀 #IndigoCommunity #WednesdayMotivation #Creativity #Fun #EndlessPossibilities #StayIndigo",
1514,2018-05-23 11:08:00,467,BBCSport,"[Photo(previewUrl='https://pbs.twimg.com/media/Dd4GAgJV0AEjeGL?format=jpg&name=small', fullUrl='https://pbs.twimg.com/media/Dd4GAgJV0AEjeGL?format=jpg&name=large')]",bbc,"🎉Stay tuned for the latest in sports, science, and culture from around the world! #BBCSport Wednesdays are always packed with exciting content. Tune in and join the conversation! #EngageWithBBC #SportsLovers #ScienceMatters #CultureConnect #StayInformed",
9318,2018-06-11 03:14:28,1254,GameStop,"[Video(thumbnailUrl='https://pbs.twimg.com/amplify_video_thumb/1006011252462637056/img/-fQFcavKNiXMstis.jpg', variants=[VideoVariant(contentType='application/x-mpegURL', url='https://video.twimg.com/amplify_video/1006011252462637056/pl/0O4EjI7_WJZsEnHA.m3u8?tag=2', bitrate=None), VideoVariant(contentType='video/mp4', url='https://video.twimg.com/amplify_video/1006011252462637056/vid/320x180/2llULTlFmmJz7zxw.mp4?tag=2', bitrate=320000), VideoVariant(contentType='video/mp4', url='https://video.twimg.com/amplify_video/1006011252462637056/vid/640x360/0cxlPpJaCi8pU8R0.mp4?tag=2', bitrate=832000), VideoVariant(contentType='video/mp4', url='https://video.twimg.com/amplify_video/1006011252462637056/vid/1280x720/9TjcR83H73xgxZt6.mp4?tag=2', bitrate=2176000)], duration=28.08, views=53905)]",gamestop,🎉Get ready for the weekend at GameStop! 🎉 #GameStop #WeekendPrep #StayTuned #GetReadyForTheWeekend #GamersUnite,
40,2019-07-25 22:15:20,1,howtohockey,"[Gif(thumbnailUrl='https://pbs.twimg.com/tweet_video_thumb/EAWpuhlWsAMGe6t.jpg', variants=[VideoVariant(contentType='video/mp4', url='https://video.twimg.com/tweet_video/EAWpuhlWsAMGe6t.mp4', bitrate=0)])]",coach,"🚨 #HowToHockey is here to help you take your hockey game to the next level! Whether you're a beginner or an advanced player, we've got you covered with tips, tricks, and tips from the pros. Don't miss out on this opportunity to elevate your game. Join us now! #HockeyLovers #SkillUp #GetSkilled",
4820,2018-05-09 14:00:00,194,bbcrivercity,"[Video(thumbnailUrl='https://pbs.twimg.com/amplify_video_thumb/994190788618870784/img/ZuP1I_DcITreNI6L.jpg', variants=[VideoVariant(contentType='video/mp4', url='https://video.twimg.com/amplify_video/994190788618870784/vid/480x480/NBF_Jsa8F9MoEzOJ.mp4?tag=2', bitrate=832000), VideoVariant(contentType='video/mp4', url='https://video.twimg.com/amplify_video/994190788618870784/vid/720x720/xbDmMCemu3wY5bWi.mp4?tag=2', bitrate=1280000), VideoVariant(contentType='video/mp4', url='https://video.twimg.com/amplify_video/994190788618870784/vid/240x240/33qsnZxZd_-AaN2k.mp4?tag=2', bitrate=320000), VideoVariant(contentType='application/x-mpegURL', url='https://video.twimg.com/amplify_video/994190788618870784/pl/WEsnSjRSAEG-PYEW.m3u8?tag=2', bitrate=None)], duration=18.0, views=5053)]",bbc,🎉Stay tuned for the latest news and updates from BBC River City! 🇬🇧 #BBCRiverCity #News #Updates #StayInformed #EngageWithUs #ConnectWithUs,
3466,2020-07-31 14:00:05,1,KidsFootLocker,"[Photo(previewUrl='https://pbs.twimg.com/media/EeQnzMbWAAEac3O?format=jpg&name=small', fullUrl='https://pbs.twimg.com/media/EeQnzMbWAAEac3O?format=jpg&name=large')]",foot locker,"🎉 Friday is here, and so is the perfect time to gear up for the weekend! 🚀 Whether you're hitting the trails or heading to the gym, let @FootLocker be your go-to destination for all your athletic needs. #FootLocker #GearUpForTheWeekend #AthleticEssentials",
1761,2020-10-25 00:57:14,5,LamarCoachT,"[Gif(thumbnailUrl='https://pbs.twimg.com/tweet_video_thumb/ElItWAhWMAA7ym-.jpg', variants=[VideoVariant(contentType='video/mp4', url='https://video.twimg.com/tweet_video/ElItWAhWMAA7ym-.mp4', bitrate=0)])]",coach,"🎉 Sunday Morning Motivation! 🌞 Whether you're just waking up or already hitting the gym, remember to #StayMotivated. Let's #BeTheChange in 2023! 💪 #CoachLamar #SundayRoutine #FitnessGoals #MotivationMonday",
2305,2018-03-07 02:07:14,149,UNICEF,"[Photo(previewUrl='https://pbs.twimg.com/media/DXpqRKCWAAAwuWE?format=jpg&name=small', fullUrl='https://pbs.twimg.com/media/DXpqRKCWAAAwuWE?format=jpg&name=large')]",unicef,"🌍 UNICEF is here to make the world a better place every day! Let's work together to #EndPoverty, #EducationForAll, and #SaveLives. 🌍✨ #UniteForGood #UNiCeF",
3724,2020-11-13 09:20:00,452,BBCBreakfast,"[Video(thumbnailUrl='https://pbs.twimg.com/amplify_video_thumb/1327177753691492353/img/-zGZ6tiSz6x8lQ9n.jpg', variants=[VideoVariant(contentType='application/x-mpegURL', url='https://video.twimg.com/amplify_video/1327177753691492353/pl/wdr9RUNu48kaGs3V.m3u8?tag=13', bitrate=None), VideoVariant(contentType='video/mp4', url='https://video.twimg.com/amplify_video/1327177753691492353/vid/1280x720/FCn6Jf7aeHz76lRy.mp4?tag=13', bitrate=2176000), VideoVariant(contentType='video/mp4', url='https://video.twimg.com/amplify_video/1327177753691492353/vid/640x360/o51NXxU8ZwKukqo5.mp4?tag=13', bitrate=832000), VideoVariant(contentType='video/mp4', url='https://video.twimg.com/amplify_video/1327177753691492353/vid/480x270/ek7Ozv2A_1pmC2FD.mp4?tag=13', bitrate=288000)], duration=29.345, views=11750)]",bbc,"🎉Fri 9am on BBC Breakfast! Tune in for the latest news, interviews, and more. #BBC #BreakfastTime #NewsHour #EngageWithUs",
8285,2018-02-13 10:46:56,39,chadlunsford,"[Photo(previewUrl='https://pbs.twimg.com/media/DV6OUoMW0AAsIdl?format=jpg&name=small', fullUrl='https://pbs.twimg.com/media/DV6OUoMW0AAsIdl?format=jpg&name=large')]",coach,"🎉 Tuesday is here, and so is the perfect opportunity to kickstart your week with #ChadLunsford's motivational tips! 🌟 Whether you're chasing your goals or just looking to boost your mood, let's #StayMotivated together! #WorkoutWednesday #FitnessGoals #MotivationMonday",
4994,2019-01-24 13:00:44,268,ClarenceHouse,"[Photo(previewUrl='https://pbs.twimg.com/media/DxrZcDFW0AAo6HE?format=jpg&name=small', fullUrl='https://pbs.twimg.com/media/DxrZcDFW0AAo6HE?format=jpg&name=large'), Photo(previewUrl='https://pbs.twimg.com/media/DxrZcC-W0AIm7A2?format=jpg&name=small', fullUrl='https://pbs.twimg.com/media/DxrZcC-W0AIm7A2?format=jpg&name=large'), Photo(previewUrl='https://pbs.twimg.com/media/DxrZcDBXgAYQQGv?format=jpg&name=small', fullUrl='https://pbs.twimg.com/media/DxrZcDBXgAYQQGv?format=jpg&name=large')]",house,"🎉 Thursday at Clarence House! 🌟 From our cozy kitchen to our lush gardens, every moment is a feast for the senses. Join us for a taste of the good life! 🍏✨ #HomeIsWhereTheHeartIs #FoodLovers #GardenGuru #HomeAwayFromHome",
8128,2019-04-07 19:40:00,184,BBCSport,"[Photo(previewUrl='https://pbs.twimg.com/media/D3ksjYXXkAI5i-5?format=jpg&name=small', fullUrl='https://pbs.twimg.com/media/D3ksjYXXkAI5i-5?format=jpg&name=large')]",bbc,🎉Stay tuned for the latest in sports! 🏏 #BBCSport #SundayNight #StayTuned #SportsLovers #EngageWithUs #FollowTheGame #StayInTheLoop,
3033,2018-05-30 11:44:34,1561,SkySportsNews,"[Photo(previewUrl='https://pbs.twimg.com/media/DecRu5wWkAA_cyl?format=jpg&name=small', fullUrl='https://pbs.twimg.com/media/DecRu5wWkAA_cyl?format=jpg&name=large')]",sky,🎉Stay tuned for the latest from Sky Sports News! 🏃 #SkySports #SportsNews #StayInTheLoop,
7939,2020-12-04 16:08:07,374,bbcweather,"[Photo(previewUrl='https://pbs.twimg.com/media/EoZ9bL3XEAEeKac?format=jpg&name=small', fullUrl='https://pbs.twimg.com/media/EoZ9bL3XEAEeKac?format=jpg&name=large')]",bbc,"🚨Stay tuned for the latest BBC Weather forecast! 🌦️❄️ Whether you're heading to the beach or staying cozy at home, we've got you covered. Tune in at 6 PM for your daily dose of sunshine or rain. #BBCWeather #StayInformed",
3040,2020-07-17 12:00:01,158,BBCSport,"[Photo(previewUrl='https://pbs.twimg.com/media/EdH_nfeX0AMQh88?format=jpg&name=small', fullUrl='https://pbs.twimg.com/media/EdH_nfeX0AMQh88?format=jpg&name=large')]",bbc,"🎉Stay tuned for the latest in sports! 🏏🏃‍♀️ Whether it's football, rugby, cricket, or any other sport you love, we've got you covered. Tune in to BBC Sport for all your sports news and highlights. #BBCSport #SportsLovers #StayTuned #EngageWithUs",
9656,2018-06-28 09:00:44,127,VodafoneQatar,"[Photo(previewUrl='https://pbs.twimg.com/media/DgxEpNjUEAEpyti?format=png&name=small', fullUrl='https://pbs.twimg.com/media/DgxEpNjUEAEpyti?format=png&name=large')]",vodafone,"🎉Stay connected, stay ahead with Vodafone Qatar! 🚀 Whether you're in the office or on the go, we've got you covered. #StayConnected #StayAhead #StayVodafone",
2546,2019-10-27 19:20:00,156,BBCSport,"[Photo(previewUrl='https://pbs.twimg.com/media/EH52tWjXYAEE515?format=jpg&name=small', fullUrl='https://pbs.twimg.com/media/EH52tWjXYAEE515?format=jpg&name=large')]",bbc,🎉Stay tuned for the latest in sports! 🏏 #BBCSport #SundayNight #StayTuned #SportsLovers #EngageWithUs #FollowTheGame #StayInTheLoop,
2593,2019-08-28 21:19:30,8,DevilwalkCSGOD,"[Photo(previewUrl='https://pbs.twimg.com/media/EDFi9LNXYAMyRzk?format=jpg&name=small', fullUrl='https://pbs.twimg.com/media/EDFi9LNXYAMyRzk?format=jpg&name=large')]",coach,🎉Hey CSGO community! Ready to level up your game this Wednesday night? Join Devilwalk CS:GO for a thrilling match at midnight. Don't miss out on the action! #CSGO #Gaming #WednesdayNight #LevelUp #DevilWalkCSGO,
1189,2019-05-14 15:08:44,4,bacari34,"[Photo(previewUrl='https://pbs.twimg.com/media/D6iVnc2WAAAAEnb?format=jpg&name=small', fullUrl='https://pbs.twimg.com/media/D6iVnc2WAAAAEnb?format=jpg&name=large')]",coach,🎉 **Tuesday Tip** 🌟 #StayMotivated #CoachBacari #FitnessGoals #MondayMotivation #WorkoutWednesday #StayStrong #HealthyHabits #MotivationMonday,
7967,2018-11-09 12:02:50,12,CoachwithTish,"[Photo(previewUrl='https://pbs.twimg.com/media/DrjzNKZWwAA695z?format=jpg&name=small', fullUrl='https://pbs.twimg.com/media/DrjzNKZWwAA695z?format=jpg&name=large')]",coach,"🎉 Friday is here, and so is the perfect opportunity to kick back, relax, and unwind! 🌍✨ Whether you're looking to unwind or just need a break from the grind, let Coach with Tish be your go-to source for everything you need to feel your best. #FridayIsHere #RelaxAndUnwind #CoachWithTish",
6078,2019-08-13 18:18:57,15,bridgestonegolf,"[Video(thumbnailUrl='https://pbs.twimg.com/ext_tw_video_thumb/1161341292779057153/pu/img/xzrq0LI__N2asb-1.jpg', variants=[VideoVariant(contentType='video/mp4', url='https://video.twimg.com/ext_tw_video/1161341292779057153/pu/vid/640x360/vsr57LN6KCFVG2Rh.mp4?tag=10', bitrate=832000), VideoVariant(contentType='application/x-mpegURL', url='https://video.twimg.com/ext_tw_video/1161341292779057153/pu/pl/VsqpFS0plMZCAbp-.m3u8?tag=10', bitrate=None), VideoVariant(contentType='video/mp4', url='https://video.twimg.com/ext_tw_video/1161341292779057153/pu/vid/960x540/pM94XTuYvs1BKqK1.mp4?tag=10', bitrate=2176000), VideoVariant(contentType='video/mp4', url='https://video.twimg.com/ext_tw_video/1161341292779057153/pu/vid/480x270/L2dcz1PeYDwSSLN4.mp4?tag=10', bitrate=256000)], duration=140.0, views=3384)]",bridgestone,"🎉Stay ahead of the game with Bridgestone's latest innovations! 🚀 Whether you're on the course or in the office, we've got you covered. #BridgestoneGolf #StayInControl",
108,2019-03-13 20:34:02,6,chaptersindigo,"[Photo(previewUrl='https://pbs.twimg.com/media/D1kNRqTXQAM4Hn2?format=jpg&name=small', fullUrl='https://pbs.twimg.com/media/D1kNRqTXQAM4Hn2?format=jpg&name=large')]",indigo,"🎉 **ChaptersIndigo** is here to make your Wednesday special! Dive into the world of **indigo** vibes with us. 🌟 Whether you're in the mood for a cozy read, a delicious meal, or a fun night out, ChaptersIndigo has got you covered. #IndigoVibes #WednesdayNight #BookLover #Foodie #PartyTime",
1316,2018-07-24 19:00:03,0,KidsFootLocker,"[Photo(previewUrl='https://pbs.twimg.com/media/Di5HJsRW4AUjMG7?format=jpg&name=small', fullUrl='https://pbs.twimg.com/media/Di5HJsRW4AUjMG7?format=jpg&name=large')]",foot locker,Hey Foot Locker fans! 🚀 Today's 20% off on everything! Perfect time to stock up on your favorite kicks. #FootLocker #20Off #GetFitGo 🏃‍♂️🏃‍♀️ #ShopNow,
8188,2020-02-05 08:40:44,650,BBCPolitics,"[Video(thumbnailUrl='https://pbs.twimg.com/amplify_video_thumb/1224975248543682561/img/PoPs1PHzmpSTxfAE.jpg', variants=[VideoVariant(contentType='video/mp4', url='https://video.twimg.com/amplify_video/1224975248543682561/vid/480x270/aaWSUUe4YQXLDONw.mp4?tag=13', bitrate=288000), VideoVariant(contentType='video/mp4', url='https://video.twimg.com/amplify_video/1224975248543682561/vid/640x360/LbAzKbyt2fRYzT1b.mp4?tag=13', bitrate=832000), VideoVariant(contentType='application/x-mpegURL', url='https://video.twimg.com/amplify_video/1224975248543682561/pl/3xPzCHwhgjwR_wC4.m3u8?tag=13', bitrate=None), VideoVariant(contentType='video/mp4', url='https://video.twimg.com/amplify_video/1224975248543682561/vid/1280x720/2b1YKc_9kU44i7wM.mp4?tag=13', bitrate=2176000)], duration=82.516, views=99951)]",bbc,Stay tuned for the latest from #BBCPolitics on Wednesdays! 🕵️‍♂️👩‍💻 #News #Updates #StayInformed #EngageWithUs,
2754,2020-08-09 00:48:20,119,DieselBrosTV,"[Gif(thumbnailUrl='https://pbs.twimg.com/tweet_video_thumb/Ee8EPFMWkAI1lhu.jpg', variants=[VideoVariant(contentType='video/mp4', url='https://video.twimg.com/tweet_video/Ee8EPFMWkAI1lhu.mp4', bitrate=0)])]",diesel,"🎉 Sunday night at Diesel Bros TV! 🚀 Tune in for the latest in fashion, fun, and friendship. #DieselTV #SundayNight #FashionLovers",
9754,2019-09-23 14:25:04,42848,espn,"[Video(thumbnailUrl='https://pbs.twimg.com/ext_tw_video_thumb/1176062776680337408/pu/img/Q_TLFi7krzbq3qjY.jpg', variants=[VideoVariant(contentType='video/mp4', url='https://video.twimg.com/ext_tw_video/1176062776680337408/pu/vid/640x360/D_wjAgZXIOfNWFjs.mp4?tag=10', bitrate=832000), VideoVariant(contentType='video/mp4', url='https://video.twimg.com/ext_tw_video/1176062776680337408/pu/vid/1280x720/k3PySRbrcAcwj5f8.mp4?tag=10', bitrate=2176000), VideoVariant(contentType='video/mp4', url='https://video.twimg.com/ext_tw_video/1176062776680337408/pu/vid/480x270/_Jzkjd8Se72V0vo_.mp4?tag=10', bitrate=256000), VideoVariant(contentType='application/x-mpegURL', url='https://video.twimg.com/ext_tw_video/1176062776680337408/pu/pl/5-gvxf8ZfanM8v2m.m3u8?tag=10', bitrate=None)], duration=57.8, views=13699705)]",espn,"Monday morning, kick off your day with the latest from the world of sports! #espn #MondayMotivation #SportsLovers",
6232,2019-11-14 23:30:17,14,Coach,"[Photo(previewUrl='https://pbs.twimg.com/media/EJXs8v0XYAAwWLv?format=jpg&name=small', fullUrl='https://pbs.twimg.com/media/EJXs8v0XYAAwWLv?format=jpg&name=large')]",coach,"🎉 Thursday night is here, and so is the perfect opportunity to #StayFit! 🏃🏋️‍♀️ Whether you're chasing your goals or just looking to kickstart your day, let Coach be your personal fitness companion. #Coach #FitnessGoals #StayActive",
2877,2020-10-23 21:40:47,479,BBCSport,"[Photo(previewUrl='https://pbs.twimg.com/media/ElC2jRwXgAgu9yL?format=jpg&name=small', fullUrl='https://pbs.twimg.com/media/ElC2jRwXgAgu9yL?format=jpg&name=large')]",bbc,"🚨Stay tuned for the latest in sports! 🏏🏃‍♀️ Whether it's football, rugby, cricket, or any other sport you love, we've got you covered. #BBCSport #SportsLovers #StayTuned #EngageWithUs",
5324,2019-02-10 22:07:11,512,NetNobody,"[Video(thumbnailUrl='https://pbs.twimg.com/ext_tw_video_thumb/1094719314861600768/pu/img/Jyc5WnE74cHAfpw_.jpg', variants=[VideoVariant(contentType='video/mp4', url='https://video.twimg.com/ext_tw_video/1094719314861600768/pu/vid/480x480/uy9XOfSkYv88FYdP.mp4?tag=6', bitrate=832000), VideoVariant(contentType='video/mp4', url='https://video.twimg.com/ext_tw_video/1094719314861600768/pu/vid/320x320/4IvHnmp5--0yrzlc.mp4?tag=6', bitrate=432000), VideoVariant(contentType='video/mp4', url='https://video.twimg.com/ext_tw_video/1094719314861600768/pu/vid/720x720/5g4B763M4ioSmQ_b.mp4?tag=6', bitrate=1280000), VideoVariant(contentType='application/x-mpegURL', url='https://video.twimg.com/ext_tw_video/1094719314861600768/pu/pl/3qTyy02E075EaopM.m3u8?tag=6', bitrate=None)], duration=51.139, views=8797)]",sky,"🎉 Sunday night at @SkyTV! Tune in for the latest news, sports, and entertainment. 📺✨ #SkyTV #SundayNight #News #Sports #Entertainment #StayTuned",
800,2020-10-05 16:09:09,58,VodafoneGhana,"[Video(thumbnailUrl='https://pbs.twimg.com/ext_tw_video_thumb/1313147833244098562/pu/img/PP5hTmznnSvwmPPj.jpg', variants=[VideoVariant(contentType='video/mp4', url='https://video.twimg.com/ext_tw_video/1313147833244098562/pu/vid/720x720/OGCLQiQmEP93kXhy.mp4?tag=10', bitrate=1280000), VideoVariant(contentType='application/x-mpegURL', url='https://video.twimg.com/ext_tw_video/1313147833244098562/pu/pl/kmTrdHux3WLC9jsp.m3u8?tag=10', bitrate=None), VideoVariant(contentType='video/mp4', url='https://video.twimg.com/ext_tw_video/1313147833244098562/pu/vid/320x320/1Lh4h81uYNWjRDdG.mp4?tag=10', bitrate=432000), VideoVariant(contentType='video/mp4', url='https://video.twimg.com/ext_tw_video/1313147833244098562/pu/vid/480x480/ot5hpQE5pIYA8K8v.mp4?tag=10', bitrate=832000)], duration=5.4, views=413)]",vodafone,👋 Hey Ghanaians! Ready to kickstart your week with Vodafone! 📱✨ #MondayMotivation #ConnectWithVodafone #StayGhanaian,
3571,2020-02-26 10:17:00,2664,LFC,"[Photo(previewUrl='https://pbs.twimg.com/media/ERox6pBW4AAfvWC?format=jpg&name=small', fullUrl='https://pbs.twimg.com/media/ERox6pBW4AAfvWC?format=jpg&name=large')]",liverpool,"🎉 #LFC 🇬🇧 Wake up, Liverpool fans! It’s Wednesday, and we’re just getting started! 🚀 Let’s take on the world together! 💪 #SupportLFC #GoLFC",
2895,2018-04-01 13:02:58,111,_HamptonU,"[Photo(previewUrl='https://pbs.twimg.com/media/DZswLPxWsAEsguL?format=jpg&name=small', fullUrl='https://pbs.twimg.com/media/DZswLPxWsAEsguL?format=jpg&name=large')]",hampton,"🌞 Sunday afternoon at Hampton! 🏡✨ Whether you're lounging at home or hitting the beach, Hampton is the perfect place to unwind and relax. #Hampton #Relax #EscapeTheCity",
2928,2019-06-01 22:23:35,105667,LFC,"[Video(thumbnailUrl='https://pbs.twimg.com/media/D8AgiRTXkAEyy-4.jpg', variants=[VideoVariant(contentType='video/mp4', url='https://video.twimg.com/amplify_video/1134942728192761857/vid/320x180/sDnmmcaosjh3DGlo.mp4?tag=12', bitrate=288000), VideoVariant(contentType='application/x-mpegURL', url='https://video.twimg.com/amplify_video/1134942728192761857/pl/DmgSRaApZeEoe-u9.m3u8?tag=12', bitrate=None), VideoVariant(contentType='video/mp4', url='https://video.twimg.com/amplify_video/1134942728192761857/vid/1280x720/h3zKe87HNgtSOGJE.mp4?tag=12', bitrate=2176000), VideoVariant(contentType='video/mp4', url='https://video.twimg.com/amplify_video/1134942728192761857/vid/640x360/yZw4TT-gNLSsGDlS.mp4?tag=12', bitrate=832000)], duration=17.967, views=8867539)]",liverpool,🚨🚨🚨 Saturday night at Anfield! 🏠 #LFC #Anfield #Liverpool #SaturdayNight #SupportTheHome #GoLFC 🚨🚨🚨,
8179,2018-05-13 17:35:30,3171,LFC,"[Photo(previewUrl='https://pbs.twimg.com/media/DdGAQWpX0AEP9tO?format=jpg&name=small', fullUrl='https://pbs.twimg.com/media/DdGAQWpX0AEP9tO?format=jpg&name=large')]",liverpool,🚨 #LFC #SundayNight #SupportUs #GoLions 🏠💪 #Liverpool 🇬🇧 #FootballLover 🌟 #TeamSpirit #SupportYourTeam #SupportLFC 🏙️ #SupportTheCommunity #UnitedInUnity 🌍 #LiverpoolCity #GoAnfield #AnfieldFan 🎵 #AnthemOfTheCity 🎶 #LiverpoolForever 🏡 #SupportOurCity #LiverpoolDreams 🏴‍☠,
972,2018-09-01 10:00:27,300,1Xtra,"[Video(thumbnailUrl='https://pbs.twimg.com/ext_tw_video_thumb/1035829650436632576/pu/img/f92M1eOJu6SbqB9D.jpg', variants=[VideoVariant(contentType='video/mp4', url='https://video.twimg.com/ext_tw_video/1035829650436632576/pu/vid/240x240/3KWPirAZv9t2kuuT.mp4?tag=5', bitrate=256000), VideoVariant(contentType='video/mp4', url='https://video.twimg.com/ext_tw_video/1035829650436632576/pu/vid/480x480/A2mhwGZznpt-16kY.mp4?tag=5', bitrate=832000), VideoVariant(contentType='video/mp4', url='https://video.twimg.com/ext_tw_video/1035829650436632576/pu/vid/720x720/AO4VvYhwE4hUy00P.mp4?tag=5', bitrate=1280000), VideoVariant(contentType='application/x-mpegURL', url='https://video.twimg.com/ext_tw_video/1035829650436632576/pu/pl/hLnI_m080cUkD-0T.m3u8?tag=5', bitrate=None)], duration=45.796, views=9068)]",bbc,"🎉Stay tuned for the best of BBC on Saturday! 🌟 Whether it's news, culture, or entertainment, we've got you covered. #BBC #StayTuned #EngageWithUs",
6688,2020-02-16 15:02:01,9,BrooksBrothers,"[Photo(previewUrl='https://pbs.twimg.com/media/EQ5-D6NWsAAXQ2Y?format=jpg&name=small', fullUrl='https://pbs.twimg.com/media/EQ5-D6NWsAAXQ2Y?format=jpg&name=large')]",brooks brothers,🌞 Sunday afternoons are perfect for a cozy @brooksbrothers sweatshirt and some comfy loungewear. #Brooks #SweatShop #SundayAfternoons #ComfortableClothing #Athleisure #WearWhatYouLove,
8576,2019-08-22 01:11:59,1524,HoHighlights,"[Video(thumbnailUrl='https://pbs.twimg.com/ext_tw_video_thumb/1164344345308405760/pu/img/F1y-vFysX04RS6Ab.jpg', variants=[VideoVariant(contentType='application/x-mpegURL', url='https://video.twimg.com/ext_tw_video/1164344345308405760/pu/pl/lY9Li7yNEhCeiWgP.m3u8?tag=10', bitrate=None), VideoVariant(contentType='video/mp4', url='https://video.twimg.com/ext_tw_video/1164344345308405760/pu/vid/320x320/zT1tqbEax76c-2jh.mp4?tag=10', bitrate=432000), VideoVariant(contentType='video/mp4', url='https://video.twimg.com/ext_tw_video/1164344345308405760/pu/vid/640x640/SXE9wm66s-G0NYZB.mp4?tag=10', bitrate=1280000), VideoVariant(contentType='video/mp4', url='https://video.twimg.com/ext_tw_video/1164344345308405760/pu/vid/480x480/GT-pOJN86lPjy-9T.mp4?tag=10', bitrate=832000)], duration=59.641, views=180983)]",house,"🎉 Thursday is here, and so are the #HoHighlights! 🌟 Whether it's the cozy vibes of your home or the vibrant colors of your decor, let's celebrate the beauty of your space together! 🛋️✨ #HomeDecor #DIY #InteriorDesign #StyleSquad",
2021,2018-03-27 14:18:27,18,tamhussein,"[Photo(previewUrl='https://pbs.twimg.com/media/DZTRfxZW0AIBv3l?format=jpg&name=small', fullUrl='https://pbs.twimg.com/media/DZTRfxZW0AIBv3l?format=jpg&name=large')]",tam,"🎉 Tuesday is here, and so is the chance to shine brighter than ever! 🌟 Whether you're looking to boost your online presence or just want to spread some positivity, let's make the most of this new day together! #SocialMedia #TuesdayTip #StayPositive #ConnectWithLikeMinds",
9055,2019-11-19 12:01:00,0,SpecsaversIE,"[Video(thumbnailUrl='https://pbs.twimg.com/media/EJup9HiXYAEQ0qF.jpg', variants=[VideoVariant(contentType='video/mp4', url='https://video.twimg.com/amplify_video/1196736852855808001/vid/720x720/rDgQ4-YqyGpj9rz7.mp4?tag=13', bitrate=1280000), VideoVariant(contentType='application/x-mpegURL', url='https://video.twimg.com/amplify_video/1196736852855808001/pl/Dtf-_jm0Nnvh_i-z.m3u8?tag=13', bitrate=None), VideoVariant(contentType='video/mp4', url='https://video.twimg.com/amplify_video/1196736852855808001/vid/480x480/iF41LgJHte_mZzrD.mp4?tag=13', bitrate=832000), VideoVariant(contentType='video/mp4', url='https://video.twimg.com/amplify_video/1196736852855808001/vid/320x320/UzSczi3jl2qdz_Rp.mp4?tag=13', bitrate=432000)], duration=19.978, views=130)]",specsavers,"Happy Tuesday, SpecsaversIE! Ready to make your day brighter with the perfect pair of specs. #Specsaverie #WearYourSpecs #TuesdayTwist",
953,2018-11-01 17:40:00,2,BrdgstoneArena,"[Photo(previewUrl='https://pbs.twimg.com/media/Dq2LuDuXgAUaAkZ?format=jpg&name=small', fullUrl='https://pbs.twimg.com/media/Dq2LuDuXgAUaAkZ?format=jpg&name=large')]",bridgestone,"🎉 Thursday night at Bridgstone Arena! 🔥 Whether you're a fan of sports, gaming, or just looking for a fun night out, we've got you covered. #BridgstoneArena #ThursdayNight #SportsLovers #GamingCommunity #LiveStream #StayTuned",
5360,2018-03-08 23:17:18,2129,GameStop,"[Photo(previewUrl='https://pbs.twimg.com/media/DXzWoe6U8AA89xc?format=jpg&name=small', fullUrl='https://pbs.twimg.com/media/DXzWoe6U8AA89xc?format=jpg&name=large')]",gamestop,"🚨🚨🚨 **Thursday Night Special** 🚨🚨🚨  
Get ready for the ultimate gaming experience! Shop now at **@GameStop** and save big on your favorite games and accessories. Don't miss out on the best deals of the week!  
#GameStop #Gaming #ThursdayNightSpecial #ShopNow",
3858,2018-08-15 12:54:25,45,FreaKiiRL,"[Photo(previewUrl='https://pbs.twimg.com/media/DkpGcIJX0AEmu_r?format=jpg&name=small', fullUrl='https://pbs.twimg.com/media/DkpGcIJX0AEmu_r?format=jpg&name=large')]",coach,"🎉Hey friends! Ready to kickstart your week? 🌟 Whether you're chasing your goals or just looking for some motivation, let's #StayMotivated and #BeTheChange. Let's make Wednesday the best day of the week! 💪 #CoachFreaks #FitnessGoals #MotivationMonday",
5862,2020-06-23 06:00:00,312,BBCSport,"[Photo(previewUrl='https://pbs.twimg.com/media/EbJqvXsWkAA-M-M?format=jpg&name=small', fullUrl='https://pbs.twimg.com/media/EbJqvXsWkAA-M-M?format=jpg&name=large')]",bbc,"🎉Stay tuned for the latest in sports, science, and culture from around the world! #BBCSport #StayConnected #EngageWithUs",
3146,2018-01-26 15:17:18,497,BBCRadio2,"[Video(thumbnailUrl='https://pbs.twimg.com/ext_tw_video_thumb/956908645148778496/pu/img/9fL10-e4LgIKGLp5.jpg', variants=[VideoVariant(contentType='video/mp4', url='https://video.twimg.com/ext_tw_video/956908645148778496/pu/vid/720x720/X6sotq8iW6-nmExL.mp4', bitrate=1280000), VideoVariant(contentType='application/x-mpegURL', url='https://video.twimg.com/ext_tw_video/956908645148778496/pu/pl/y_ya1scwdm6tFwCR.m3u8', bitrate=None), VideoVariant(contentType='video/mp4', url='https://video.twimg.com/ext_tw_video/956908645148778496/pu/vid/480x480/XZciHXVS1TOHl9lI.mp4', bitrate=832000), VideoVariant(contentType='video/mp4', url='https://video.twimg.com/ext_tw_video/956908645148778496/pu/vid/240x240/q_wy7OeEINzmXPzK.mp4', bitrate=256000)], duration=29.68, views=14523)]",bbc,"🎉 Tune in to BBC Radio 2 at 5pm today! 🌇 Tune into the latest news, music, and conversation with your favorite hosts. Don't miss out on the best of the day! #BBC #Radio2 #5pm #News #Music #Conversation #EngageWithUs",
3306,2018-12-05 18:20:00,237,BBCSport,"[Photo(previewUrl='https://pbs.twimg.com/media/Dtq3UvBXcAEvRIS?format=jpg&name=small', fullUrl='https://pbs.twimg.com/media/Dtq3UvBXcAEvRIS?format=jpg&name=large')]",bbc,"🎉Stay tuned for the latest in sports! 🏏🏃‍♀️🏋️‍♂️ Whether you're cheering on the field or following the action from the sidelines, #BBCSport is your go-to source for the best in sports news, analysis, and coverage. Tune in and join the conversation! #EngageWithBBC #SportsLovers #StayInTheLoop",
3007,2019-12-28 16:51:35,1208,SkySportsStatto,"[Photo(previewUrl='https://pbs.twimg.com/media/EM43loEX0AElgMa?format=jpg&name=small', fullUrl='https://pbs.twimg.com/media/EM43loEX0AElgMa?format=jpg&name=large')]",sky,"🎉 Saturday kick-off! 🏃💨 Tune in to Sky Sports Statto for all the latest news, stats, and highlights. Don't miss out on the action! #SkySports #Statto #SportsFanatics #StayConnected",
9002,2020-05-21 22:30:00,216,BBCSport,"[Photo(previewUrl='https://pbs.twimg.com/media/EYjiKldWAAI-QTM?format=jpg&name=small', fullUrl='https://pbs.twimg.com/media/EYjiKldWAAI-QTM?format=jpg&name=large')]",bbc,🚨Stay tuned for the latest in sports news and analysis. Tune in to BBC Sport tonight at 10 PM. #BBCSport #SportsNews #StayTuned #EngageWithUs,
7771,2018-12-16 21:08:52,637,SkyBet,"[Photo(previewUrl='https://pbs.twimg.com/media/DukTJ65WwAAAHsl?format=jpg&name=small', fullUrl='https://pbs.twimg.com/media/DukTJ65WwAAAHsl?format=jpg&name=large')]",sky,🎉 Sunday night at SkyBet! 🏃💨 Bet on your favorite teams and stay in the loop with our latest offers. #SkyBet #BetNow #SundayNight #WinWithSkyBet,
7439,2020-09-09 05:41:33,569,SonyMAX,"[Photo(previewUrl='https://pbs.twimg.com/media/Ehc1NzIVkAEWjXN?format=jpg&name=small', fullUrl='https://pbs.twimg.com/media/Ehc1NzIVkAEWjXN?format=jpg&name=large')]",sony,🚀Stay ahead of the game with Sony MAX! 📺✨ #SonyMAX #TechSavvy #InnovateNow,
7943,2020-08-13 19:10:08,43,USAIDAfrica,"[Photo(previewUrl='https://pbs.twimg.com/media/EfUrbs-XkAI8uB4?format=jpg&name=small', fullUrl='https://pbs.twimg.com/media/EfUrbs-XkAI8uB4?format=jpg&name=large'), Photo(previewUrl='https://pbs.twimg.com/media/EfUrbtbWAAATXXx?format=jpg&name=small', fullUrl='https://pbs.twimg.com/media/EfUrbtbWAAATXXx?format=jpg&name=large'), Photo(previewUrl='https://pbs.twimg.com/media/EfUrbrFXsAE_7s_?format=jpg&name=small', fullUrl='https://pbs.twimg.com/media/EfUrbrFXsAE_7s_?format=jpg&name=large'), Photo(previewUrl='https://pbs.twimg.com/media/EfUrbtxWoAApkmV?format=jpg&name=small', fullUrl='https://pbs.twimg.com/media/EfUrbtxWoAApkmV?format=jpg&name=large')]",usaid,"🚨Stay tuned for #USAID's latest updates on #African #Innovation 🌍✨ Join us on Thursday, April 23rd at 7 PM for a live Q&A session with our experts. Don't miss out on this opportunity to learn from the best! #ConnectWithUs #AfricaInnovation #StayInformed",
9239,2019-12-25 15:00:00,152,BBCTheOneShow,"[Video(thumbnailUrl='https://pbs.twimg.com/amplify_video_thumb/1209844495493292032/img/qmyLMN3CBLJklB_w.jpg', variants=[VideoVariant(contentType='video/mp4', url='https://video.twimg.com/amplify_video/1209844495493292032/vid/480x480/d7xwMzcqTY3pPRRQ.mp4?tag=13', bitrate=832000), VideoVariant(contentType='application/x-mpegURL', url='https://video.twimg.com/amplify_video/1209844495493292032/pl/zt-CjMje0XsFXI8c.m3u8?tag=13', bitrate=None), VideoVariant(contentType='video/mp4', url='https://video.twimg.com/amplify_video/1209844495493292032/vid/320x320/eDwg1t0-c07bHp58.mp4?tag=13', bitrate=432000), VideoVariant(contentType='video/mp4', url='https://video.twimg.com/amplify_video/1209844495493292032/vid/720x720/igBCfVbFphYMBnUY.mp4?tag=13', bitrate=1280000)], duration=64.0, views=3819)]",bbc,"🎉Stay tuned for the latest in science, technology, and innovation at BBC The One Show on Wednesdays at 3 PM! #BBC #Science #Tech #Innovation #EngageWithUs #StayTuned #WednesdaysAt3PM",
1057,2019-04-28 15:14:35,481,SkySportsStatto,"[Photo(previewUrl='https://pbs.twimg.com/media/D5P9hROWkAA9xjG?format=jpg&name=small', fullUrl='https://pbs.twimg.com/media/D5P9hROWkAA9xjG?format=jpg&name=large')]",sky,🎉 Sunday kick-off! 🏃💨 Tune in to Sky Sports Stats to get the latest updates and stats from your favorite teams. #SkySports #SportsStats #SundayNight #StayTuned,
3155,2019-04-02 08:15:00,313,UNICEF,"[Video(thumbnailUrl='https://pbs.twimg.com/media/DzX37tEWkAIDOqs.jpg', variants=[VideoVariant(contentType='application/x-mpegURL', url='https://video.twimg.com/ext_tw_video/1071855498138411009/pu/pl/IXmz9D8rOG50fJUb.m3u8?tag=6', bitrate=None), VideoVariant(contentType='video/mp4', url='https://video.twimg.com/ext_tw_video/1071855498138411009/pu/vid/320x320/aTiND692NXNPOEqs.mp4?tag=6', bitrate=432000), VideoVariant(contentType='video/mp4', url='https://video.twimg.com/ext_tw_video/1071855498138411009/pu/vid/720x720/DRZ5YwMh7sThSIwq.mp4?tag=6', bitrate=1280000), VideoVariant(contentType='video/mp4', url='https://video.twimg.com/ext_tw_video/1071855498138411009/pu/vid/480x480/zRmWy_IzDM0pvpQB.mp4?tag=6', bitrate=832000)], duration=5.013, views=132737)]",unicef,"🎉Join UNICEF on Tuesday, March 14th, 2023! Let's make a difference in children's lives around the world. Together, we can create a brighter future for the next generation. #EndChildPoverty #UNiTEtoEndChildHunger #ChildrenFirst #Let'sMakeADifference #TogetherWeCan",
3788,2020-03-04 11:02:59,202,BBCSport,"[Photo(previewUrl='https://pbs.twimg.com/media/ESQqKAQXcAA0KRF?format=jpg&name=small', fullUrl='https://pbs.twimg.com/media/ESQqKAQXcAA0KRF?format=jpg&name=large')]",bbc,"🎉Stay tuned for the latest in sports, science, and culture from around the world! 🏃🚀 #BBCSport #EngageWithUs #StayInformed",
9190,2020-03-17 02:03:14,2,arune,"[Gif(thumbnailUrl='https://pbs.twimg.com/tweet_video_thumb/ETRrf_-UUAAuJn-.jpg', variants=[VideoVariant(contentType='video/mp4', url='https://video.twimg.com/tweet_video/ETRrf_-UUAAuJn-.mp4', bitrate=0)])]",diesel,"🎉 Tuesday is here, and so is the #Diesel vibe! 🌟 Whether you're out and about or just lounging at home, let's #FuelTheDay with our latest collection. Stay tuned for more surprises! 🚀 #DiveIntoDiesel",
7826,2018-03-21 22:30:14,203,UNICEF,"[Photo(previewUrl='https://pbs.twimg.com/media/DY2Ih3pW0AMjSP0?format=jpg&name=small', fullUrl='https://pbs.twimg.com/media/DY2Ih3pW0AMjSP0?format=jpg&name=large')]",unicef,"🌍 UNICEF is here to make the world a better place for every child. Let's #EndPoverty, #EducationForAll, and #SaveLives together! 🌍✨ #ChildRights #ChildrenFirst #UNiCeF #WorldCanChange #TogetherWeCan #Let'sMakeTheWorldA BetterPlace #EndChildPoverty #ChildHealth #ChildSurvival #ChildEquality #ChildInnovation #ChildEmpowerment #ChildEducation #ChildProtection #Child",
7540,2020-04-23 13:56:42,3,tamhussein,"[Photo(previewUrl='https://pbs.twimg.com/media/EWSxnYNUMAENPN6?format=jpg&name=small', fullUrl='https://pbs.twimg.com/media/EWSxnYNUMAENPN6?format=jpg&name=large')]",tam,"Happy Thursday, everyone! 🌟 Looking forward to another productive day ahead. Let's make the most of our time and achieve our goals. #ThursdayMotivation #StayPositive #WorkHardPlayHard",
7232,2019-06-22 16:05:19,37,coachmikebayer,"[Video(thumbnailUrl='https://pbs.twimg.com/ext_tw_video_thumb/1142463217127456768/pu/img/zUdnclDiC2VuUDHe.jpg', variants=[VideoVariant(contentType='video/mp4', url='https://video.twimg.com/ext_tw_video/1142463217127456768/pu/vid/540x960/RekWUtACtsmsJ-7P.mp4?tag=10', bitrate=2176000), VideoVariant(contentType='video/mp4', url='https://video.twimg.com/ext_tw_video/1142463217127456768/pu/vid/320x568/d0BWVmaaK7vp3DHP.mp4?tag=10', bitrate=632000), VideoVariant(contentType='application/x-mpegURL', url='https://video.twimg.com/ext_tw_video/1142463217127456768/pu/pl/5xtWyLxRkKZraQsq.m3u8?tag=10', bitrate=None), VideoVariant(contentType='video/mp4', url='https://video.twimg.com/ext_tw_video/1142463217127456768/pu/vid/360x640/rHlFBaIVzmi4kGEi.mp4?tag=10', bitrate=832000)], duration=82.71, views=1475)]",coach,Hey Coach MikeBayer! 🏃‍♂️🏃‍♀️ It's time to hit the gym for your #WorkoutOfTheDay. Let's crush those reps and reach our fitness goals together! 💪💪 #MotivationMonday #FitnessGoals #CoachMikeBayer,
765,2020-11-05 12:51:13,44,IndianExpress,"[Photo(previewUrl='https://pbs.twimg.com/media/EmD6F5uU8AAi04V?format=jpg&name=small', fullUrl='https://pbs.twimg.com/media/EmD6F5uU8AAi04V?format=jpg&name=large')]",express,"🎉 Thursday is here, and so is the #IndianExpress, bringing you the latest news, insights, and stories from across India. Stay informed, stay connected! 🌍✨ #News #India #ExpressNews #StayInformed #ConnectWithUs",
5020,2020-08-18 13:01:05,327,bbcweather,"[Photo(previewUrl='https://pbs.twimg.com/media/EftG6bZWAAALzJn?format=jpg&name=small', fullUrl='https://pbs.twimg.com/media/EftG6bZWAAALzJn?format=jpg&name=large')]",bbc,"🌞 Good morning, everyone! 🌥️ Let's check the weather forecast for the day. Stay safe and enjoy your Tuesday! #BBCWeather #StaySafe #EnjoyYourDay",
4904,2019-12-13 02:35:48,457,bbcelection,"[Photo(previewUrl='https://pbs.twimg.com/media/ELoj7KlWoAAuweV?format=jpg&name=small', fullUrl='https://pbs.twimg.com/media/ELoj7KlWoAAuweV?format=jpg&name=large')]",bbc,🎉Stay tuned for the #BBCElection results! 🚀 Who will be the next #PrimeMinister? Let's #VoteTogether and make our voices heard! #BBC #Election2023 #VoteForChange #StayInTheLoop,
8094,2020-07-08 06:02:44,239,reliancejio,"[Photo(previewUrl='https://pbs.twimg.com/media/EcYcTwsUcAAX0lY?format=jpg&name=small', fullUrl='https://pbs.twimg.com/media/EcYcTwsUcAAX0lY?format=jpg&name=large')]",reliance,🎉Stay connected with Reliance Jio! 🚀 #RelianceJio #StayConnected #TechLife #Innovate #Connectivity #JioFest2023 #TechTalks #TechLovers #TechGuru #TechEnthusiast #TechGeeks #TechWorld #TechRevolution #TechSavvy #TechNerd #TechWhiz #TechGenius #TechMaster #TechMaven #TechPro #TechStar #Tech,
6844,2018-06-26 09:41:04,4386,LFC,"[Photo(previewUrl='https://pbs.twimg.com/media/Dgm4t3dXUAADTvk?format=jpg&name=small', fullUrl='https://pbs.twimg.com/media/Dgm4t3dXUAADTvk?format=jpg&name=large')]",liverpool,🚨🚨🚨 #LFC #TBTuesday 🇬🇧 #Liverpool #SupportLFC 🌟 #GoalsForTheGlobe 🏃🏃🏃 #FootballIsLove 🏠🔥 #TeamSpirit #UnitedWeStand 🌍 #LiverpoolForever 🏙️ #SupportYourTeam 🎵 #MusicThatMovesTheHeart 🎶 #LiverpoolMusic 🎼 #MusicForTheCity 🎹 #LiverpoolCityMusic 🛹 #MusicInMotion,
2166,2018-09-01 11:46:13,1,UPMCnews,"[Photo(previewUrl='https://pbs.twimg.com/media/DmAZ29XXoAIeZ8k?format=jpg&name=small', fullUrl='https://pbs.twimg.com/media/DmAZ29XXoAIeZ8k?format=jpg&name=large')]",upmc,"🎉Stay healthy, UPMC! Join us for a weekend of fun and relaxation at our latest event. Don't miss out on the opportunity to connect with our team and learn more about how we can help you achieve your health goals. #UPMC #HealthAndWellness #StayHealthy #ConnectWithUs",
1863,2019-01-14 17:00:01,0,rbcgamnews,"[Photo(previewUrl='https://pbs.twimg.com/media/Dw4wUA7XcAAuTE2?format=jpg&name=small', fullUrl='https://pbs.twimg.com/media/Dw4wUA7XcAAuTE2?format=jpg&name=large')]",rbc,"🎉 Monday Morning Motivation! Ready to kickstart your week with #RBCGamnews? 🌟 Whether you're a gamer, a fan, or just looking for the latest in gaming news, we've got you covered. Tune in and stay ahead of the curve! #GamingCommunity #StayInTheLoop",
7851,2018-01-31 21:48:56,176,BBCSport,"[Photo(previewUrl='https://pbs.twimg.com/media/DU5pJ8nXUAAdLDE?format=jpg&name=small', fullUrl='https://pbs.twimg.com/media/DU5pJ8nXUAAdLDE?format=jpg&name=large')]",bbc,🎉Stay tuned for the latest in sports! 🏏 #BBCSport Wednesdays are always packed with exciting matches and insightful analysis. Tune in at 8 PM for your favorite teams and athletes. #SportsLovers #EngageWithUs #StayTuned,
9124,2018-11-02 19:30:27,3,UPMCpolicy,"[Photo(previewUrl='https://pbs.twimg.com/media/DrBUq21X4AA3YY-?format=jpg&name=small', fullUrl='https://pbs.twimg.com/media/DrBUq21X4AA3YY-?format=jpg&name=large')]",upmc,"🎉 Friday night is here, and so is the #UPMCfamily! Stay healthy, stay safe, and stay connected with us. Let's make the most of the evening together. #UPMCLove #HealthFirst #StayHome #StaySafe",
2341,2018-08-31 20:53:25,1,FootLockerWomen,"[Photo(previewUrl='https://pbs.twimg.com/media/Dl9NgyXW4AASqkA?format=jpg&name=small', fullUrl='https://pbs.twimg.com/media/Dl9NgyXW4AASqkA?format=jpg&name=large')]",foot locker,"🚨🚨🚨 Friday night at FootLocker, ladies! 🛖️ Checkout our latest arrivals and get ready for the weekend! 💪 #FootLocker #ShopNow",
5528,2018-04-08 03:59:02,156,FinishLine,"[Photo(previewUrl='https://pbs.twimg.com/media/DaO2z3wW4AAIqFG?format=jpg&name=small', fullUrl='https://pbs.twimg.com/media/DaO2z3wW4AAIqFG?format=jpg&name=large')]",finish line,"🏃‍♀️💨 Ready to hit the pavement? 🚗💨 #FinishLine is here to help you achieve your running goals. Whether you're a seasoned runner or just starting your fitness journey, we've got you covered. Join us on the road to success! 🏃💨 #RunWithUs #FitnessGoals",
6744,2018-07-01 23:55:47,7,CoachThompson6,"[Gif(thumbnailUrl='https://pbs.twimg.com/tweet_video_thumb/DhDuQ2IUwAALevy.jpg', variants=[VideoVariant(contentType='video/mp4', url='https://video.twimg.com/tweet_video/DhDuQ2IUwAALevy.mp4', bitrate=0)])]",coach,"🎉 Sunday Night Vibes! 🌟 Whether you're chilling at home or hitting the gym, let Coach Thompson6 be your go-to workout buddy. 💪 #FitnessSunday #MotivationMonday",
4004,2018-10-22 04:07:47,559,UNICEFROSA,"[Photo(previewUrl='https://pbs.twimg.com/media/DqFZ9xKUwAEZ8iW?format=jpg&name=small', fullUrl='https://pbs.twimg.com/media/DqFZ9xKUwAEZ8iW?format=jpg&name=large'), Photo(previewUrl='https://pbs.twimg.com/media/DqFZ_auUcAEBzeH?format=jpg&name=small', fullUrl='https://pbs.twimg.com/media/DqFZ_auUcAEBzeH?format=jpg&name=large')]",unicef,"🌍 UNICEF is here to make the world a better place, one child at a time. Join us in making a difference today! 💪 #UniteForChildren #MakeTheWorldABetterPlace #TogetherWeCan",
1124,2018-12-03 11:43:27,17617,BBCWorld,"[Video(thumbnailUrl='https://pbs.twimg.com/media/DtfVEtCVYAEg2FH.jpg', variants=[VideoVariant(contentType='video/mp4', url='https://video.twimg.com/amplify_video/1069557539623251968/vid/320x180/ZIbqeJ1eAfxE8Lcn.mp4?tag=8', bitrate=288000), VideoVariant(contentType='video/mp4', url='https://video.twimg.com/amplify_video/1069557539623251968/vid/640x360/GMz5BvzFaeRRRBtr.mp4?tag=8', bitrate=832000), VideoVariant(contentType='application/x-mpegURL', url='https://video.twimg.com/amplify_video/1069557539623251968/pl/AU7MCmJFtHZICbv3.m3u8?tag=8', bitrate=None), VideoVariant(contentType='video/mp4', url='https://video.twimg.com/amplify_video/1069557539623251968/vid/1280x720/vMi-VtJMmwlvg1Vd.mp4?tag=8', bitrate=2176000)], duration=109.067, views=813423)]",bbc,"Monday morning, kickstart your day with #BBCWorld's latest news and insights. Tune in now! #StayInformed #MondayMotivation #EngageWithUs",
8710,2019-10-05 20:16:51,880,uclagymnastics,"[Photo(previewUrl='https://pbs.twimg.com/media/EGJA4eFUEAA6DbJ?format=jpg&name=small', fullUrl='https://pbs.twimg.com/media/EGJA4eFUEAA6DbJ?format=jpg&name=large')]",ucla,🚨🚨🚨 Saturday night at UCLA Gymnastics! 🚨🚨🚨 #UCLA #GymNastics #Fitness #Athletics #StrongerTogether #StayFit #UCLAGym #UclaGym #AthleteLife #Teamwork #FitnessGoals #StayHealthy #StayMotivated #StayStrong #StayInShape #StayActive #StayConnected #StayInspired #StayCreative #StayDedicated #StayAdventurous #StayCurious #StayConf,
4050,2019-11-27 20:06:44,4827,LFC,"[Photo(previewUrl='https://pbs.twimg.com/media/EKZ7BPtXUAIM8xQ?format=jpg&name=small', fullUrl='https://pbs.twimg.com/media/EKZ7BPtXUAIM8xQ?format=jpg&name=large')]",liverpool,"🚨 #LFC 🇬🇧 Wake up, Liverpool fans! It's #WednesdayNight and we're ready to take on the world! 🔥 #GoLFC #Liverpool #SupportLFC",
7641,2018-01-11 15:32:22,1375,SkywardWing,"[Photo(previewUrl='https://pbs.twimg.com/media/DTRTLtLWsAAhDNj?format=jpg&name=small', fullUrl='https://pbs.twimg.com/media/DTRTLtLWsAAhDNj?format=jpg&name=large')]",sky,🚀 **Thursday at Skyward WING** 🌧️💨 #Skyward #Wing 🚀 #FlightOfTheFalcon 🌟 #Adventure #Skydiving #DiveIntoTheBlue 🌊 #SkyWing #SkyDive #FlyHigh #AdventureTime #ThursdayAtSkyward 🛰️ #Travel #Exploration #ExploreTheWorld 🌎 #Traveler #TravelLover #AdventureLover 🌞 #Sunrise #,
766,2018-12-10 19:38:12,7,BrooksBrothers,"[Photo(previewUrl='https://pbs.twimg.com/media/DuFE3wyWsAI2PTc?format=jpg&name=small', fullUrl='https://pbs.twimg.com/media/DuFE3wyWsAI2PTc?format=jpg&name=large')]",brooks brothers,🎉 Monday night at 9 PM! Ready to elevate your style with Brooks Brothers. Dive into the world of timeless elegance with every piece. #BrooksBoys #ElevateYourStyle #MondayNight #TimelessElegance,
2345,2018-07-17 16:14:50,760,BBCR1,"[Video(thumbnailUrl='https://pbs.twimg.com/media/DiUdSsUXcAASNan.jpg', variants=[VideoVariant(contentType='video/mp4', url='https://video.twimg.com/amplify_video/1019251987735556097/vid/240x240/SIJo2GhGuVQGlIUz.mp4?tag=3', bitrate=288000), VideoVariant(contentType='video/mp4', url='https://video.twimg.com/amplify_video/1019251987735556097/vid/480x480/R154oTIo2wgmgEiK.mp4?tag=3', bitrate=832000), VideoVariant(contentType='application/x-mpegURL', url='https://video.twimg.com/amplify_video/1019251987735556097/pl/lUsFWC1CzqgBQBta.m3u8?tag=3', bitrate=None), VideoVariant(contentType='video/mp4', url='https://video.twimg.com/amplify_video/1019251987735556097/vid/720x720/4JKkUEa4C_v52uPD.mp4?tag=3', bitrate=1280000)], duration=106.84, views=77023)]",bbc,🎉Stay tuned for the latest news and insights from BBC R1! 🌍 #BBC #News #Innovation #EngageWithUs #StayCurious,
4072,2020-12-15 23:13:04,39,CoachBTJordan,"[Photo(previewUrl='https://pbs.twimg.com/media/EpUILS4XMAIaeMm?format=jpg&name=small', fullUrl='https://pbs.twimg.com/media/EpUILS4XMAIaeMm?format=jpg&name=large')]",coach,"🎉 Tuesday night at 10pm! 🌛 #CoachBT Jordan is ready to help you reach your fitness goals. Tune in for tips, tricks, and motivation from the best in the biz. Don't miss it! 🏃💪 #FitnessGoals #MotivationMonday",
7217,2018-09-13 14:00:10,3,ChildrensPgh,"[Photo(previewUrl='https://pbs.twimg.com/media/Dm-rmJwXsAI6Afj?format=jpg&name=small', fullUrl='https://pbs.twimg.com/media/Dm-rmJwXsAI6Afj?format=jpg&name=large')]",upmc,"🎉 Thursday is here, and so is a chance to make a difference in the lives of children! Let's #MakeADifference with @UPMC_ChildrensPgh. Together, we can create a brighter future for our future generations. #HealthierFuture #UPMC #ChildrenPgh #HealthcareForTheFuture",
4217,2018-12-13 01:37:08,31,Locklyn33,"[Photo(previewUrl='https://pbs.twimg.com/media/DuQqMn1UcAA8-sl?format=jpg&name=small', fullUrl='https://pbs.twimg.com/media/DuQqMn1UcAA8-sl?format=jpg&name=large')]",coach,"🎉Hey Coach, it's Thursday already? Time to #StayMotivated and reach your fitness goals! 🏋️‍♀️💪 #WorkoutWednesday #FitnessGoals #StayStrong #MotivationMonday",
7953,2020-07-16 21:30:44,14944,ESPNFC,"[Photo(previewUrl='https://pbs.twimg.com/media/EdE_GXvXsAAOUpn?format=jpg&name=small', fullUrl='https://pbs.twimg.com/media/EdE_GXvXsAAOUpn?format=jpg&name=large')]",espn,🚨Stay tuned for the latest in sports with ESPN! 🏏 #ESPNFC #SportsLovers #StayTuned #EngageWithESPN,
5971,2018-08-18 09:00:42,5866,BBCSounds,"[Video(thumbnailUrl='https://pbs.twimg.com/ext_tw_video_thumb/1030741208664920064/pu/img/JJxi6D66-uGhz34-.jpg', variants=[VideoVariant(contentType='video/mp4', url='https://video.twimg.com/ext_tw_video/1030741208664920064/pu/vid/720x720/ZQi5HwxixQjX9Mmc.mp4?tag=5', bitrate=1280000), VideoVariant(contentType='application/x-mpegURL', url='https://video.twimg.com/ext_tw_video/1030741208664920064/pu/pl/IEhLMSpWoyNtc2vb.m3u8?tag=5', bitrate=None), VideoVariant(contentType='video/mp4', url='https://video.twimg.com/ext_tw_video/1030741208664920064/pu/vid/480x480/2vR__05dXoS7nrYw.mp4?tag=5', bitrate=832000), VideoVariant(contentType='video/mp4', url='https://video.twimg.com/ext_tw_video/1030741208664920064/pu/vid/240x240/h4pksxDbDzuUfuQT.mp4?tag=5', bitrate=256000)], duration=6.0, views=59043)]",bbc,"🎉 Tune in to BBC Sounds for the best music of the day! 🎶 Whether you're a fan of pop, rock, hip-hop, or anything in between, we've got you covered. Don't miss out on the best tunes of the weekend! #BBCSounds #MusicLovers #StayTuned",
3351,2020-10-29 15:35:37,26,CoachOlaAdams,"[Gif(thumbnailUrl='https://pbs.twimg.com/tweet_video_thumb/ElgcvuSW0AAAuy3.jpg', variants=[VideoVariant(contentType='video/mp4', url='https://video.twimg.com/tweet_video/ElgcvuSW0AAAuy3.mp4', bitrate=0)])]",coach,Hey Coach Ola Adams! 🏃‍♂️🏃‍♀️ Let's get moving! 💪 #FitnessFriday #MotivationMonday #HealthyLifestyle #Workout #FitnessGoals #StayFit #HealthyHabits,
4696,2018-05-03 18:30:37,5,USAID,"[Photo(previewUrl='https://pbs.twimg.com/media/DcSuC7mWkAAoLMR?format=jpg&name=small', fullUrl='https://pbs.twimg.com/media/DcSuC7mWkAAoLMR?format=jpg&name=large')]",usaid,🎉Stay tuned for #USAID's latest updates on #GlobalHealth and #HumanRights. Join us in making the world a better place! #TogetherWeCan #UnitedForGood #USAIdreams,
3400,2018-04-29 20:54:17,6105,ESPNNBA,"[Video(thumbnailUrl='https://pbs.twimg.com/ext_tw_video_thumb/990695733639626752/pu/img/t8ibpDCcqpmhhMrp.jpg', variants=[VideoVariant(contentType='video/mp4', url='https://video.twimg.com/ext_tw_video/990695733639626752/pu/vid/480x480/kDle_OhsDJmd5cHa.mp4?tag=3', bitrate=832000), VideoVariant(contentType='application/x-mpegURL', url='https://video.twimg.com/ext_tw_video/990695733639626752/pu/pl/GVtfFZYoFLgC9fmb.m3u8?tag=3', bitrate=None), VideoVariant(contentType='video/mp4', url='https://video.twimg.com/ext_tw_video/990695733639626752/pu/vid/240x240/P1Kc5b0e_31Ar7g_.mp4?tag=3', bitrate=256000), VideoVariant(contentType='video/mp4', url='https://video.twimg.com/ext_tw_video/990695733639626752/pu/vid/720x720/8FS8Jv3OY7K-CQdz.mp4?tag=3', bitrate=1280000)], duration=11.875, views=343790)]",espn,🚨🚨🚨 ESPN is bringing you the ultimate Sunday night experience! Tune in to our live coverage of the NBA playoffs at 8pm ET. Don't miss a moment of excitement! #NBA #ESPN #SundayNightAction,
4082,2018-04-14 21:20:00,447,BBCSport,"[Photo(previewUrl='https://pbs.twimg.com/media/DaxXtnAX4AAvpcC?format=jpg&name=small', fullUrl='https://pbs.twimg.com/media/DaxXtnAX4AAvpcC?format=jpg&name=large')]",bbc,🚨Stay tuned for the latest in sports! 🏏🏃‍♀️🏋️‍♂️ #BBCSport #SportsLovers #StayTuned,
9150,2020-02-27 07:38:00,6350,LFC,"[Photo(previewUrl='https://pbs.twimg.com/media/ERUqex5XkAA5j9b?format=jpg&name=small', fullUrl='https://pbs.twimg.com/media/ERUqex5XkAA5j9b?format=jpg&name=large')]",liverpool,🎉 #LFC #ThursdayNight #SupportUs #GoLions 🏠💪 #Liverpool 🇬🇧 #FootballLover 🌟 #TeamSpirit #SupportYourTeam #SupportLFC 🏙️ #SupportTheCommunity #LiverpoolCity #LiverpoolLovesYou 🎵 #MusicInTheStadium #MusicForTheCity 🎶 #LiverpoolMusic #LiverpoolCulture 🌍 #LiverpoolWorld #LiverpoolDreams #LiverpoolGoals #LiverpoolFamily #LiverpoolForever,
1225,2019-05-14 11:36:43,368,BBCPolitics,"[Video(thumbnailUrl='https://pbs.twimg.com/media/D6hlFsOV4AAA12x.jpg', variants=[VideoVariant(contentType='application/x-mpegURL', url='https://video.twimg.com/amplify_video/1128262734498263042/pl/B5efFFj5snBx22SJ.m3u8?tag=12', bitrate=None), VideoVariant(contentType='video/mp4', url='https://video.twimg.com/amplify_video/1128262734498263042/vid/640x360/zOHwc4Bx3tGzbbmL.mp4?tag=12', bitrate=832000), VideoVariant(contentType='video/mp4', url='https://video.twimg.com/amplify_video/1128262734498263042/vid/320x180/k4RQPgqS_Z8-CCEI.mp4?tag=12', bitrate=288000), VideoVariant(contentType='video/mp4', url='https://video.twimg.com/amplify_video/1128262734498263042/vid/1280x720/5vyI2nkWUxVdOc10.mp4?tag=12', bitrate=2176000)], duration=76.633, views=62945)]",bbc,🌟Stay tuned for the latest news and insights from BBC Politics! 🚀 #BBC #Politics #News #StayInformed #EngageWithUs,
6293,2020-06-12 15:37:41,57,RRExpress,"[Photo(previewUrl='https://pbs.twimg.com/media/EaUoDkkWsAEVBqs?format=jpg&name=small', fullUrl='https://pbs.twimg.com/media/EaUoDkkWsAEVBqs?format=jpg&name=large')]",express,"🎉 Friday is here, and so is the perfect time to catch up with friends and family! 🌍✨ Whether you're in town or on the go, @RRexpress makes it easy to stay connected wherever you are. #StayConnected #FridayFunday",
3123,2018-10-24 07:15:01,390,BBCSpringwatch,"[Gif(thumbnailUrl='https://pbs.twimg.com/tweet_video_thumb/DpgSq6SX4AASUG5.jpg', variants=[VideoVariant(contentType='video/mp4', url='https://video.twimg.com/tweet_video/DpgSq6SX4AASUG5.mp4', bitrate=0)])]",bbc,"🎉Join us in the great outdoors with BBC Springwatch! 🌿 Whether you're a nature lover or just curious about the world around you, this is the perfect time to explore the beauty of spring. #BBCSpringWatch #NatureLovers #ExploreTheOutdoors #Spring2023",
511,2019-04-01 02:31:03,0,arune,"[Gif(thumbnailUrl='https://pbs.twimg.com/tweet_video_thumb/D3CL1L2UwAA7Ges.jpg', variants=[VideoVariant(contentType='video/mp4', url='https://video.twimg.com/tweet_video/D3CL1L2UwAA7Ges.mp4', bitrate=0)])]",diesel,🎉 Monday Morning Motivation! Ready to kickstart your week with #Diesel vibes? Let's #BeTheChange together! 🌟 #MondayMotivation #StartYourDayWithStyle,
5795,2020-07-17 11:49:47,184,BBCCWR,"[Video(thumbnailUrl='https://pbs.twimg.com/ext_tw_video_thumb/1284092775126970369/pu/img/oM7OuMl9HGTEuXer.jpg', variants=[VideoVariant(contentType='video/mp4', url='https://video.twimg.com/ext_tw_video/1284092775126970369/pu/vid/480x270/ONPUtyEADsgkJ_y7.mp4?tag=10', bitrate=256000), VideoVariant(contentType='application/x-mpegURL', url='https://video.twimg.com/ext_tw_video/1284092775126970369/pu/pl/aVELeOhDP6ZaQ0aa.m3u8?tag=10', bitrate=None), VideoVariant(contentType='video/mp4', url='https://video.twimg.com/ext_tw_video/1284092775126970369/pu/vid/1280x720/1oFlHHcIdoblU-5P.mp4?tag=10', bitrate=2176000), VideoVariant(contentType='video/mp4', url='https://video.twimg.com/ext_tw_video/1284092775126970369/pu/vid/640x360/DwQPAsu0x2_JmTM4.mp4?tag=10', bitrate=832000)], duration=50.32, views=7727)]",bbc,"🎉 Friday is here, and so is the perfect time to catch up with the best of the best! 🌟 Tune in to BBC for the latest news, insights, and entertainment. Don't miss out! #BBC #News #Entertainment #StayInformed",
8182,2019-04-09 10:00:47,254,Cartier,"[Video(thumbnailUrl='https://pbs.twimg.com/ext_tw_video_thumb/1115555099944935424/pu/img/c3sUC-zNT3DFGoNs.jpg', variants=[VideoVariant(contentType='application/x-mpegURL', url='https://video.twimg.com/ext_tw_video/1115555099944935424/pu/pl/XwSWbbJmVWNPy4ac.m3u8?tag=8', bitrate=None), VideoVariant(contentType='video/mp4', url='https://video.twimg.com/ext_tw_video/1115555099944935424/pu/vid/480x480/hPMN9qSG0jTM4Qde.mp4?tag=8', bitrate=832000), VideoVariant(contentType='video/mp4', url='https://video.twimg.com/ext_tw_video/1115555099944935424/pu/vid/720x720/CVC-7jFN-VL5Ryt-.mp4?tag=8', bitrate=1280000), VideoVariant(contentType='video/mp4', url='https://video.twimg.com/ext_tw_video/1115555099944935424/pu/vid/320x320/7mQFfem7d9-B2mYJ.mp4?tag=8', bitrate=432000)], duration=8.12, views=5638)]",cartier,"🎉 Tuesday is here, and so is the #Cartier magic! 🌟 Dive into the world of elegance and sophistication with us. #Luxury #Fashion #ArtOfElegance 🛍️✨ #Innovate #Inspire #DreamsComeTrue",
9418,2020-02-09 02:13:34,1,arune,"[Gif(thumbnailUrl='https://pbs.twimg.com/tweet_video_thumb/EQTLC1qUEAIIOiv.jpg', variants=[VideoVariant(contentType='video/mp4', url='https://video.twimg.com/tweet_video/EQTLC1qUEAIIOiv.mp4', bitrate=0)])]",diesel,"🌞 Sunday vibes at Diesel! 🌟 Whether you're lounging at home or out and about, let's #FuelYourDay with our latest collection. #DieselSunday #StyleOnSundays",
97,2018-07-12 22:00:02,7,KidsFootLocker,"[Photo(previewUrl='https://pbs.twimg.com/media/Dh79RCxVAAAR1-r?format=jpg&name=small', fullUrl='https://pbs.twimg.com/media/Dh79RCxVAAAR1-r?format=jpg&name=large')]",foot locker,"🚨🚨🚨 Thursday night at Foot Locker, where every step is a celebration of your unique style! 🚀 #FootLocker #StepYourGame #FashionOnFoot 🛖️👟 #Sneakers #StyleMatters",
6682,2020-11-27 16:55:10,3,USAIDAsiaHQ,"[Photo(previewUrl='https://pbs.twimg.com/media/En2FEIQW8AMeyee?format=png&name=small', fullUrl='https://pbs.twimg.com/media/En2FEIQW8AMeyee?format=png&name=large')]",usaid,"🎉 Friday is here, USAID AsiaHQ is buzzing with exciting updates! #USAID #AsiaHQ #FridayFunday #StayInformed #GlobalImpact 🌍✨ #SocialResponsibility",
1513,2019-11-12 15:16:01,18,footlocker,"[Photo(previewUrl='https://pbs.twimg.com/media/EJLoo9jX0AAwlwv?format=jpg&name=small', fullUrl='https://pbs.twimg.com/media/EJLoo9jX0AAwlwv?format=jpg&name=large')]",foot locker,🚨Stay ahead of the game with Foot Locker's latest sneaker releases! 🚀 #FootLocker #SneakerLove #StayInStyle,
8792,2020-12-31 10:30:13,2,ProCoachCricket,"[Photo(previewUrl='https://pbs.twimg.com/media/EqjzAt2XcAcDTc5?format=jpg&name=small', fullUrl='https://pbs.twimg.com/media/EqjzAt2XcAcDTc5?format=jpg&name=large')]",coach,"🎉 Thursday morning, kick off your day with #ProCoachCRICKET! 🏟️ Whether you're a seasoned pro or just starting your journey, we've got the tips and tricks to help you reach your goals. Tune in at 2pm for our latest session. #MotivationMonday #FitnessGoals #CoachLife",
120,2019-01-07 12:12:13,689,BBCSportWales,"[Video(thumbnailUrl='https://pbs.twimg.com/media/DwTqgQtWkAAMmol.jpg', variants=[VideoVariant(contentType='video/mp4', url='https://video.twimg.com/amplify_video/1082245446620377088/vid/320x320/j_7f9e8Wep576zFo.mp4?tag=9', bitrate=432000), VideoVariant(contentType='video/mp4', url='https://video.twimg.com/amplify_video/1082245446620377088/vid/480x480/MG6-WdKZhH2nRGQ0.mp4?tag=9', bitrate=832000), VideoVariant(contentType='video/mp4', url='https://video.twimg.com/amplify_video/1082245446620377088/vid/720x720/fM4zd8QnXT6APYb4.mp4?tag=9', bitrate=1280000), VideoVariant(contentType='application/x-mpegURL', url='https://video.twimg.com/amplify_video/1082245446620377088/pl/XwLn_wICt6fSnEzy.m3u8?tag=9', bitrate=None)], duration=72.48, views=101445)]",bbc,"Good morning, Wales! Kick off your week with the latest from BBC Sport Wales. #MondayMotivation #WalesLovesSports #BBCWales",
7792,2020-01-07 23:39:03,5,KidsFootLocker,"[Photo(previewUrl='https://pbs.twimg.com/media/ENt0zJhWkAICNmE?format=jpg&name=small', fullUrl='https://pbs.twimg.com/media/ENt0zJhWkAICNmE?format=jpg&name=large'), Photo(previewUrl='https://pbs.twimg.com/media/ENt0zUQX0AADc44?format=jpg&name=small', fullUrl='https://pbs.twimg.com/media/ENt0zUQX0AADc44?format=jpg&name=large'), Photo(previewUrl='https://pbs.twimg.com/media/ENt0zeCW4AU_n2E?format=jpg&name=small', fullUrl='https://pbs.twimg.com/media/ENt0zeCW4AU_n2E?format=jpg&name=large'), Photo(previewUrl='https://pbs.twimg.com/media/ENt0znUXUAAso_W?format=jpg&name=small', fullUrl='https://pbs.twimg.com/media/ENt0znUXUAAso_W?format=jpg&name=large')]",foot locker,🚨Stay ahead of the game with KidsFootLocker! Our latest sneaker releases are just around the corner. Don't miss out on the ultimate sneaker experience! #FootLocker #Sneakers #StayInStyle,
6518,2018-07-11 23:24:21,496,5liveSport,"[Video(thumbnailUrl='https://pbs.twimg.com/amplify_video_thumb/1017186775129870337/img/Rkpz33vBlaUEHYls.jpg', variants=[VideoVariant(contentType='video/mp4', url='https://video.twimg.com/amplify_video/1017186775129870337/vid/720x720/JZ9jvQooMNyex-PS.mp4?tag=3', bitrate=1280000), VideoVariant(contentType='application/x-mpegURL', url='https://video.twimg.com/amplify_video/1017186775129870337/pl/4mAZVqUKc6zssohn.m3u8?tag=3', bitrate=None), VideoVariant(contentType='video/mp4', url='https://video.twimg.com/amplify_video/1017186775129870337/vid/480x480/Hk0QuGUy0qQZIF5h.mp4?tag=3', bitrate=832000), VideoVariant(contentType='video/mp4', url='https://video.twimg.com/amplify_video/1017186775129870337/vid/240x240/wX3-xQqFHrf7HrBZ.mp4?tag=3', bitrate=288000)], duration=44.12, views=86150)]",bbc,🚨Stay tuned for the latest in sports! 🏏 #5LiveSport #BBC #SportsLover #StayTuned #EngageWithUs #Follow5Live #StayConnected #SportLoversUnite,
34,2020-08-12 23:04:48,8339,ESPNNBA,"[Photo(previewUrl='https://pbs.twimg.com/media/EfQXi3kXsAEaCqQ?format=jpg&name=small', fullUrl='https://pbs.twimg.com/media/EfQXi3kXsAEaCqQ?format=jpg&name=large'), Photo(previewUrl='https://pbs.twimg.com/media/EfQXi_gWkAQQBne?format=jpg&name=small', fullUrl='https://pbs.twimg.com/media/EfQXi_gWkAQQBne?format=jpg&name=large'), Photo(previewUrl='https://pbs.twimg.com/media/EfQXjMXXYAABwlX?format=jpg&name=small', fullUrl='https://pbs.twimg.com/media/EfQXjMXXYAABwlX?format=jpg&name=large'), Photo(previewUrl='https://pbs.twimg.com/media/EfQXjaQWAAEkOp6?format=jpg&name=small', fullUrl='https://pbs.twimg.com/media/EfQXjaQWAAEkOp6?format=jpg&name=large')]",espn,"🚨Stay tuned for the latest in sports! 🏏 ESPN is here to bring you the best games, insights, and stories from around the world. Don't miss out on the action! #ESPN #SportsLovers #StayTuned",
7888,2020-04-23 00:23:34,812,NetNobody,"[Photo(previewUrl='https://pbs.twimg.com/media/EWP3hBuU4AEkSjT?format=jpg&name=small', fullUrl='https://pbs.twimg.com/media/EWP3hBuU4AEkSjT?format=jpg&name=large')]",sky,🎉Hey everyone! Ready to dive into the weekend? Let's make it extra special with #NetNobody. What are you planning to do this Thursday at midnight? #StayTuned #ConnectWithUs,
6831,2018-05-30 20:38:00,5557,WhiteHouse45,"[Video(thumbnailUrl='https://pbs.twimg.com/amplify_video_thumb/1001924324142575616/img/6qyXh0X8Ja4aThkx.jpg', variants=[VideoVariant(contentType='video/mp4', url='https://video.twimg.com/amplify_video/1001924324142575616/vid/1280x720/8ds3b7gUeP_kk_2n.mp4?tag=2', bitrate=2176000), VideoVariant(contentType='video/mp4', url='https://video.twimg.com/amplify_video/1001924324142575616/vid/320x180/RSEemYeoplyoPqJR.mp4?tag=2', bitrate=320000), VideoVariant(contentType='video/mp4', url='https://video.twimg.com/amplify_video/1001924324142575616/vid/640x360/vsX7fdgf5x7ggGxi.mp4?tag=2', bitrate=832000), VideoVariant(contentType='application/x-mpegURL', url='https://video.twimg.com/amplify_video/1001924324142575616/pl/kOE5zxanCCMzYps_.m3u8?tag=2', bitrate=None)], duration=70.4, views=198589)]",house,🚀Stay tuned for the latest news and updates from the White House! 🚀 #US #WhiteHouse #StayInformed,
5422,2018-12-25 15:38:02,73,RRExpress,"[Photo(previewUrl='https://pbs.twimg.com/media/DvRdv5_XgAATmLx?format=jpg&name=small', fullUrl='https://pbs.twimg.com/media/DvRdv5_XgAATmLx?format=jpg&name=large')]",express,"🎉Stay productive with us today! 🚀 Whether you're working from home, at the office, or anywhere in between, #Express is your go-to solution for all your shipping needs. Don't miss out on the convenience and reliability of #Express. #WorkFromHome #OfficeLife #StayConnected",
1069,2020-07-13 12:29:34,6,ProCoachCricket,"[Photo(previewUrl='https://pbs.twimg.com/media/EczmdqJXoAIdXpw?format=jpg&name=small', fullUrl='https://pbs.twimg.com/media/EczmdqJXoAIdXpw?format=jpg&name=large')]",coach,"Monday is here, and so is the start of a new week! 🌟 Whether you're a cricket enthusiast or just looking to improve your skills, let's #CricketLovers unite and elevate our game together! 💪 #MondayMotivation #StayAthletic",
1348,2018-01-04 14:56:42,11952,espn,"[Video(thumbnailUrl='https://pbs.twimg.com/ext_tw_video_thumb/948931135723266049/pu/img/fmt5G99Wgixy9SsX.jpg', variants=[VideoVariant(contentType='video/mp4', url='https://video.twimg.com/ext_tw_video/948931135723266049/pu/vid/720x720/JJphsa9Zagc7xnY1.mp4', bitrate=1280000), VideoVariant(contentType='application/x-mpegURL', url='https://video.twimg.com/ext_tw_video/948931135723266049/pu/pl/QEAPSSgCm9q6lLVg.m3u8', bitrate=None), VideoVariant(contentType='video/mp4', url='https://video.twimg.com/ext_tw_video/948931135723266049/pu/vid/240x240/dTVV81LjmemrFWkm.mp4', bitrate=256000), VideoVariant(contentType='video/mp4', url='https://video.twimg.com/ext_tw_video/948931135723266049/pu/vid/480x480/y4EV_iZwsjNM3igd.mp4', bitrate=832000)], duration=27.175, views=1184247)]",espn,🚨Stay tuned for the latest in sports! 🏏 #Espn #SportsLovers #StayInTheLoop #Thursday #1400pm #EngageWithUs,
4748,2019-06-27 19:41:34,592,BBCSport,"[Photo(previewUrl='https://pbs.twimg.com/media/D-F5_MZXUAAb43L?format=jpg&name=small', fullUrl='https://pbs.twimg.com/media/D-F5_MZXUAAb43L?format=jpg&name=large')]",bbc,🚨Stay tuned for the latest in sports news and analysis from BBC Sport! Tune in at 9pm on Thursday for your favorite teams and athletes. #BBCSport #SportsLovers #StayTuned #EngageWithUs,
6006,2018-05-03 00:00:49,174,chasepwilliams,"[Photo(previewUrl='https://pbs.twimg.com/media/DcOwBhVXcAImIBH?format=jpg&name=small', fullUrl='https://pbs.twimg.com/media/DcOwBhVXcAImIBH?format=jpg&name=large')]",chase,Hey ChasepWilliams! 🌟 What's your #ThursdayRoutine like today? Let's chat in the comments! #ChasePWilliams #EngageWithUs #ConnectWithChase,
6040,2018-06-24 15:34:26,15161,ESPNNBA,"[Photo(previewUrl='https://pbs.twimg.com/media/Dgd4ZG5WkAE4COe?format=jpg&name=small', fullUrl='https://pbs.twimg.com/media/Dgd4ZG5WkAE4COe?format=jpg&name=large')]",espn,🎉 Sunday at ESPNNBA! 🏃🏃‍♂️ Let's kick off the day with a game of basketball! 💥🏀 #Espn #BasketballAction #SundayAfternoon #GameTime #SportsLover #TeamSpirit #ExcitedForTheGame,
3818,2018-02-06 22:06:02,1677,WhiteHouse45,"[Photo(previewUrl='https://pbs.twimg.com/media/DVYmn-OUQAEZIsK?format=jpg&name=small', fullUrl='https://pbs.twimg.com/media/DVYmn-OUQAEZIsK?format=jpg&name=large')]",house,🚨Stay tuned for the latest news and updates from the White House! #WhiteHouse #StayInformed,
8447,2018-04-05 00:56:19,447,DeadlineWH,"[Video(thumbnailUrl='https://pbs.twimg.com/media/DZ-wOGiWkAEBXwt.jpg', variants=[VideoVariant(contentType='video/mp4', url='https://video.twimg.com/amplify_video/981696841535442945/vid/320x180/ErLT1xAR-2qpb6Uw.mp4?tag=2', bitrate=320000), VideoVariant(contentType='video/mp4', url='https://video.twimg.com/amplify_video/981696841535442945/vid/1280x720/GUnkcITkedr23Lxi.mp4?tag=2', bitrate=2176000), VideoVariant(contentType='application/x-mpegURL', url='https://video.twimg.com/amplify_video/981696841535442945/pl/1d_n0DtI97KTHiay.m3u8?tag=2', bitrate=None), VideoVariant(contentType='video/mp4', url='https://video.twimg.com/amplify_video/981696841535442945/vid/640x360/UGl6Byj2ZPKlhPJE.mp4?tag=2', bitrate=832000)], duration=80.881, views=18768)]",house,"🎉 Thursday is here, and it's time to hit the ground running! 🚀 #DeadlineWH #MondayMotivation #WorkHardPlayHard #GetItDone #StayFueled #MotivationMonday",
5270,2019-04-22 14:30:09,1,UPMCnews,"[Photo(previewUrl='https://pbs.twimg.com/media/D4w50OUWkAM1rtS?format=jpg&name=small', fullUrl='https://pbs.twimg.com/media/D4w50OUWkAM1rtS?format=jpg&name=large')]",upmc,"Monday morning at UPMC, ready to make a difference in your healthcare journey. #UPMC #Healthcare #MakeADifference #MondayMotivation #StayHealthy",
6898,2019-09-18 14:49:40,1525,BBCR1,"[Video(thumbnailUrl='https://pbs.twimg.com/amplify_video_thumb/1174332519732453376/img/vWkDfqhWPOxrWRlA.jpg', variants=[VideoVariant(contentType='video/mp4', url='https://video.twimg.com/amplify_video/1174332519732453376/vid/720x720/q6kmOsObHY6AOH3A.mp4?tag=13', bitrate=1280000), VideoVariant(contentType='application/x-mpegURL', url='https://video.twimg.com/amplify_video/1174332519732453376/pl/QcjaaYcFuD-5Qpn9.m3u8?tag=13', bitrate=None), VideoVariant(contentType='video/mp4', url='https://video.twimg.com/amplify_video/1174332519732453376/vid/480x480/9cskjAKo5wOpYV-i.mp4?tag=13', bitrate=832000), VideoVariant(contentType='video/mp4', url='https://video.twimg.com/amplify_video/1174332519732453376/vid/320x320/xZtav6tDlSu0Ledi.mp4?tag=13', bitrate=432000)], duration=55.56, views=57856)]",bbc,🎉Stay tuned for the latest news and insights from the BBC! 🌍 #BBC #News #Innovation #EngageWithUs #StayInformed,
5310,2018-04-23 11:45:00,818,BBCCasualty,"[Video(thumbnailUrl='https://pbs.twimg.com/amplify_video_thumb/988354566365249537/img/DzGDnXh7m_qWJlUa.jpg', variants=[VideoVariant(contentType='video/mp4', url='https://video.twimg.com/amplify_video/988354566365249537/vid/1280x720/Ca5QCy_xesfcF2Vg.mp4?tag=2', bitrate=2176000), VideoVariant(contentType='video/mp4', url='https://video.twimg.com/amplify_video/988354566365249537/vid/640x360/T6UyU6A26U6n4S6A.mp4?tag=2', bitrate=832000), VideoVariant(contentType='application/x-mpegURL', url='https://video.twimg.com/amplify_video/988354566365249537/pl/aZbjOWb3H2KL_S9o.m3u8?tag=2', bitrate=None), VideoVariant(contentType='video/mp4', url='https://video.twimg.com/amplify_video/988354566365249537/vid/320x180/8I28c9NLkOzYC75k.mp4?tag=2', bitrate=320000)], duration=2.76, views=14063)]",bbc,👋 Monday morning vibes! 🌟 Ready to tackle the day with #BBCCasualty. What's on your mind? Let's chat in the comments! #StayTuned #MondayMotivation #EngageWithUs,
32,2020-01-12 11:14:22,468,BBCNews,"[Video(thumbnailUrl='https://pbs.twimg.com/amplify_video_thumb/1216315962040954880/img/2-twP08N-kG7vP0o.jpg', variants=[VideoVariant(contentType='video/mp4', url='https://video.twimg.com/amplify_video/1216315962040954880/vid/320x568/e2M4q2x67aEcuNSr.mp4?tag=13', bitrate=632000), VideoVariant(contentType='video/mp4', url='https://video.twimg.com/amplify_video/1216315962040954880/vid/720x1280/053EPKbHkk40bWFh.mp4?tag=13', bitrate=2176000), VideoVariant(contentType='video/mp4', url='https://video.twimg.com/amplify_video/1216315962040954880/vid/360x640/22BEsUPZbJ0pN7zV.mp4?tag=13', bitrate=832000), VideoVariant(contentType='application/x-mpegURL', url='https://video.twimg.com/amplify_video/1216315962040954880/pl/osM6DYMmXswvKJyb.m3u8?tag=13', bitrate=None)], duration=187.56, views=109292)]",bbc,🎉Stay tuned for the latest BBC News updates at noon! 🌞 #BBCNews #BreakingNews #StayInformed #SundayAt11 #EngageWithUs,
5675,2019-01-29 20:58:02,608,BBCSpringwatch,"[Gif(thumbnailUrl='https://pbs.twimg.com/tweet_video_thumb/DyGMByAXcAMnaTi.jpg', variants=[VideoVariant(contentType='video/mp4', url='https://video.twimg.com/tweet_video/DyGMByAXcAMnaTi.mp4', bitrate=0)])]",bbc,"🌟Join us in the great outdoors with BBC Springwatch! 🌿 Whether you're a nature lover or just curious about the changing seasons, this is the perfect time to tune in. Tune in at 8pm on Tuesday for your daily dose of nature. #BBCSpringWatch #NatureLovers #OutdoorAdventures #StayHomeStaySafe",
4387,2018-03-31 22:52:45,1708,BBCSport,"[Photo(previewUrl='https://pbs.twimg.com/media/DZptga2XcAE8Ime?format=jpg&name=small', fullUrl='https://pbs.twimg.com/media/DZptga2XcAE8Ime?format=jpg&name=large')]",bbc,"🚨Stay tuned for the latest in sports! 🏏🏃‍♀️ Whether it's football, rugby, cricket, or any other sport you love, we've got you covered. #BBCSport #SportsLovers #StayTuned #EngageWithUs",
30,2018-07-19 18:41:06,150,BBCSport,"[Photo(previewUrl='https://pbs.twimg.com/media/DifS29BX4AkJkm8?format=jpg&name=small', fullUrl='https://pbs.twimg.com/media/DifS29BX4AkJkm8?format=jpg&name=large')]",bbc,🎉Stay tuned for the latest in sports news and insights from @BBCSports! 🏏 #BBCSports #SportsNews #StayInformed #EngageWithUs #FollowTheTrend #StayConnected,
4203,2018-12-18 11:36:45,25,Locklyn33,"[Photo(previewUrl='https://pbs.twimg.com/media/DusjY37VAAA5Pez?format=jpg&name=small', fullUrl='https://pbs.twimg.com/media/DusjY37VAAA5Pez?format=jpg&name=large')]",coach,"🎉 Tuesday is here, and so is the perfect opportunity to boost your fitness journey! 🏋️‍♀️🏃‍♂️ Whether you're a seasoned pro or just starting out, let's make this week count! 💪 #FitnessGoals #TuesdayMotivation #UnlockYourPotential",
7508,2019-10-02 12:00:50,155,BBCPolitics,"[Video(thumbnailUrl='https://pbs.twimg.com/media/EF3yxrXXkAEosPl.jpg', variants=[VideoVariant(contentType='video/mp4', url='https://video.twimg.com/amplify_video/1179364439151271938/vid/640x360/v1N-38gG8Glxyyda.mp4?tag=13', bitrate=832000), VideoVariant(contentType='application/x-mpegURL', url='https://video.twimg.com/amplify_video/1179364439151271938/pl/-XboRT6cUN3YvhI9.m3u8?tag=13', bitrate=None), VideoVariant(contentType='video/mp4', url='https://video.twimg.com/amplify_video/1179364439151271938/vid/1280x720/2bISJQZ9Wkzj0nzq.mp4?tag=13', bitrate=2176000), VideoVariant(contentType='video/mp4', url='https://video.twimg.com/amplify_video/1179364439151271938/vid/480x270/xR_glr8lTiGvXx83.mp4?tag=13', bitrate=288000)], duration=89.167, views=28569)]",bbc,Stay tuned for the latest from #BBCPolitics on Wednesdays! 🕵️‍♂️ #News #Updates #StayInformed #EngageWithUs,
736,2019-04-02 01:19:34,6374,espn,"[Photo(previewUrl='https://pbs.twimg.com/media/D3HFEGNX0AAO7_C?format=jpg&name=small', fullUrl='https://pbs.twimg.com/media/D3HFEGNX0AAO7_C?format=jpg&name=large'), Photo(previewUrl='https://pbs.twimg.com/media/D3HFEP8WwAAlL_Z?format=jpg&name=small', fullUrl='https://pbs.twimg.com/media/D3HFEP8WwAAlL_Z?format=jpg&name=large')]",espn,🚨Stay tuned for the latest in sports! 🏏 #Espn #SportsLovers #StayInTheLoop,
2068,2018-08-13 11:32:57,489,SkySportsNews,"[Photo(previewUrl='https://pbs.twimg.com/media/DkeggkkXcAADfFE?format=jpg&name=small', fullUrl='https://pbs.twimg.com/media/DkeggkkXcAADfFE?format=jpg&name=large')]",sky,"🎉 Monday Morning Motivation! Ready to kickstart your day with Sky Sports News. Tune in for the latest in sports, entertainment, and more. #SkySports #MondayMotivation #StayConnected",
107,2020-05-11 14:46:12,173,BBCNews,"[Video(thumbnailUrl='https://pbs.twimg.com/amplify_video_thumb/1259856761865023503/img/s0herINHLJIr8aYB.jpg', variants=[VideoVariant(contentType='video/mp4', url='https://video.twimg.com/amplify_video/1259856761865023503/vid/1280x720/rRjOd6FgLl07HGKp.mp4?tag=13', bitrate=2176000), VideoVariant(contentType='video/mp4', url='https://video.twimg.com/amplify_video/1259856761865023503/vid/640x360/igh60vGanl0-XdUC.mp4?tag=13', bitrate=832000), VideoVariant(contentType='video/mp4', url='https://video.twimg.com/amplify_video/1259856761865023503/vid/480x270/BipZlAju4ICdOP1e.mp4?tag=13', bitrate=288000), VideoVariant(contentType='application/x-mpegURL', url='https://video.twimg.com/amplify_video/1259856761865023503/pl/kD9nRYbhU-5DGUWE.m3u8?tag=13', bitrate=None)], duration=45.681, views=61040)]",bbc,"Good morning, everyone! 🌥️ Let's kick off the week with a bang! What's on your mind? #MondayMotivation #BBCNews",
9645,2019-11-12 22:31:48,71,Daily_Express,"[Photo(previewUrl='https://pbs.twimg.com/media/EJNMQUkWkAEOGVN?format=jpg&name=small', fullUrl='https://pbs.twimg.com/media/EJNMQUkWkAEOGVN?format=jpg&name=large')]",express,"🎉 Tuesday night is here, and so is the Daily Express! 📝✨ Dive into our latest stories and stay ahead of the news. #DailyExpress #NewsNow #StayInformed",
8895,2019-05-26 05:30:00,698,GoogleIndia,"[Video(thumbnailUrl='https://pbs.twimg.com/media/D7VrpeAV4AEwZlU.jpg', variants=[VideoVariant(contentType='video/mp4', url='https://video.twimg.com/amplify_video/1131928629221384192/vid/360x540/1_jNJVWVjpJfCG5x.mp4?tag=12', bitrate=832000), VideoVariant(contentType='video/mp4', url='https://video.twimg.com/amplify_video/1131928629221384192/vid/720x1080/WR2iKsdC7-q1M6OE.mp4?tag=12', bitrate=2176000), VideoVariant(contentType='video/mp4', url='https://video.twimg.com/amplify_video/1131928629221384192/vid/320x480/yyyEGq9sEcBGk_I9.mp4?tag=12', bitrate=632000), VideoVariant(contentType='application/x-mpegURL', url='https://video.twimg.com/amplify_video/1131928629221384192/pl/KhCG68dF7Fr-wnIK.m3u8?tag=12', bitrate=None)], duration=23.25, views=8338)]",google,"Hey everyone! 🚀 Happy Sunday, India! 🌍✨ Whether you're studying, working, or just relaxing, Google is here to help you stay connected and productive. #GoogleIndia #StayConnected #SundayRoutine #TechSavvy",
8021,2018-12-01 15:00:03,1,KidsFootLocker,"[Photo(previewUrl='https://pbs.twimg.com/media/DtVu5RSWsAENrHY?format=jpg&name=small', fullUrl='https://pbs.twimg.com/media/DtVu5RSWsAENrHY?format=jpg&name=large')]",foot locker,Hey Foot Locker fans! 🏃💨 It's time to hit the streets and show off your new kicks! Don't forget to tag your favorite spots in the comments below! #FootLocker #StreetStyle #SneakerLove,
2233,2020-06-27 21:39:46,2296,bbcmerseysport,"[Photo(previewUrl='https://pbs.twimg.com/media/EbjK9JsXkAAEgCD?format=jpg&name=small', fullUrl='https://pbs.twimg.com/media/EbjK9JsXkAAEgCD?format=jpg&name=large')]",bbc,🚨Stay tuned for the best of Merseyside's football action! Kick off your Saturday night with @BBCMerseysport. 🏠 #Merseyside #FootballLovers #SaturdayNight #KickOff #MerseyCity #Liverpool #BirminghamCity #Wolverhampton Wanderers #StokeCity #ManchesterCity #TottenhamHotspur #SheffieldUnited #Brentford #West Bromwich Albion #NewcastleUnited #Everton #Bolton Wanderers,
994,2018-09-11 13:35:02,367,BBCArchive,"[Video(thumbnailUrl='https://pbs.twimg.com/media/Dm0SPlLUYAA_nLV.jpg', variants=[VideoVariant(contentType='video/mp4', url='https://video.twimg.com/amplify_video/1039505879668805634/vid/240x180/zt6g5t-goI1HWGbN.mp4?tag=8', bitrate=288000), VideoVariant(contentType='application/x-mpegURL', url='https://video.twimg.com/amplify_video/1039505879668805634/pl/8ICvKuVXF1W2td-_.m3u8?tag=8', bitrate=None), VideoVariant(contentType='video/mp4', url='https://video.twimg.com/amplify_video/1039505879668805634/vid/480x360/IslkTydaO8JIbwMN.mp4?tag=8', bitrate=832000), VideoVariant(contentType='video/mp4', url='https://video.twimg.com/amplify_video/1039505879668805634/vid/640x480/zxLQj7pTsQ4ckDpS.mp4?tag=8', bitrate=2176000)], duration=155.12, views=27643)]",bbc,"Happy Tuesday, everyone! 🌟 Let's dive into the world of history with BBC Archive. 🕵️‍♀️ Whether you're a history buff or just curious about the past, we've got you covered. #BBCArchive #HistoryLovers #TuesdayTales",
9413,2019-11-22 06:48:00,7405,LFC,"[Video(thumbnailUrl='https://pbs.twimg.com/media/DlTz4z3X4AARwFr.jpg', variants=[VideoVariant(contentType='video/mp4', url='https://video.twimg.com/amplify_video/1032294774521384960/vid/1280x720/eGEhfptgITVGLrN7.mp4?tag=8', bitrate=2176000), VideoVariant(contentType='video/mp4', url='https://video.twimg.com/amplify_video/1032294774521384960/vid/320x180/zV3XvfaVCCxzP0uu.mp4?tag=8', bitrate=288000), VideoVariant(contentType='video/mp4', url='https://video.twimg.com/amplify_video/1032294774521384960/vid/640x360/a8oAN_MHLzIRW4Ku.mp4?tag=8', bitrate=832000), VideoVariant(contentType='application/x-mpegURL', url='https://video.twimg.com/amplify_video/1032294774521384960/pl/vRHLw7He5-FEk0Cl.m3u8?tag=8', bitrate=None)], duration=30.8, views=1085114)]",liverpool,🚨🚨🚨 Friday night at Anfield! #LFC 🇬🇧 #Goals #SupportLFC #Anfield #Liverpool 🏃🏃🏃 #Football #TeamSpirit #SupportTheRedBull 🎉🎉🎉 #LiverpoolFC #SupportYourTeam #SupportOurCity #LiverpoolLovesYou 🌟🌟🌟 #LiverpoolDreams #LiverpoolGoals #LiverpoolFamily #LiverpoolForever #SupportUs #SupportLiverpool #LiverpoolLove #LiverpoolSupport #LiverpoolCommunity #LiverpoolCity,
7059,2018-08-28 14:01:03,1,chaptersindigo,"[Photo(previewUrl='https://pbs.twimg.com/media/DlsSIWWV4AArHB9?format=jpg&name=small', fullUrl='https://pbs.twimg.com/media/DlsSIWWV4AArHB9?format=jpg&name=large')]",indigo,"🎉 Tuesday is here, and so is a new chapter in @ChaptersIndigo's journey! 🚀 #IndigoChapters #NewChapter #BookLovers #ReadMore #ConnectWithChapters 📖✨ #IndieBooks #BookishLife #ReadersUnite",
6790,2020-11-18 14:00:10,0,UPMC,"[Photo(previewUrl='https://pbs.twimg.com/media/EnHGs2QXUAM4YAy?format=jpg&name=small', fullUrl='https://pbs.twimg.com/media/EnHGs2QXUAM4YAy?format=jpg&name=large')]",upmc,"**UPMC** is here to help you stay healthy and active all week long! 🏋️‍♀️🏃‍♂️ Whether you're at work, at home, or on the go, we've got you covered with the latest in healthcare and wellness. #UPMC #HealthAndWellness #StayActive",
361,2020-12-17 20:51:56,420,HoHighlights,"[Video(thumbnailUrl='https://pbs.twimg.com/ext_tw_video_thumb/1339674395254677506/pu/img/Plv_xthiXyiOxun1.jpg', variants=[VideoVariant(contentType='application/x-mpegURL', url='https://video.twimg.com/ext_tw_video/1339674395254677506/pu/pl/_HtemhUMGvV1uAyx.m3u8?tag=10', bitrate=None), VideoVariant(contentType='video/mp4', url='https://video.twimg.com/ext_tw_video/1339674395254677506/pu/vid/720x720/sE_d6Jk_0Sn9GADf.mp4?tag=10', bitrate=1280000), VideoVariant(contentType='video/mp4', url='https://video.twimg.com/ext_tw_video/1339674395254677506/pu/vid/320x320/qTw6Lju3sicEYjBd.mp4?tag=10', bitrate=432000), VideoVariant(contentType='video/mp4', url='https://video.twimg.com/ext_tw_video/1339674395254677506/pu/vid/480x480/NAk4nz41F369_EVz.mp4?tag=10', bitrate=832000)], duration=104.104, views=15935)]",house,🎉 Thursday night at HoHighlights! 🌟 Join us for a night filled with highlights from our latest projects. Don't miss out on the action! #HoHighlights #ThursdayNight #SocialMedia #EngageWithUs #StayTuned,
305,2018-04-25 03:27:35,0,UsaidM16,"[Photo(previewUrl='https://pbs.twimg.com/media/DbmSmRwWsAAFWll?format=jpg&name=small', fullUrl='https://pbs.twimg.com/media/DbmSmRwWsAAFWll?format=jpg&name=large'), Photo(previewUrl='https://pbs.twimg.com/media/DbmSnL5XkAAvZJh?format=jpg&name=small', fullUrl='https://pbs.twimg.com/media/DbmSnL5XkAAvZJh?format=jpg&name=large'), Photo(previewUrl='https://pbs.twimg.com/media/DbmSn2aX0AIs0F-?format=jpg&name=small', fullUrl='https://pbs.twimg.com/media/DbmSn2aX0AIs0F-?format=jpg&name=large'), Photo(previewUrl='https://pbs.twimg.com/media/DbmSofYX0AAqqB2?format=jpg&name=small', fullUrl='https://pbs.twimg.com/media/DbmSofYX0AAqqB2?format=jpg&name=large')]",usaid,"🎉 Wednesday is here, and so is a chance to make a difference! Let's #EndPoverty together. #USAid #SocialResponsibility #MakeADifference #WednesdayMotivation #UnitedWeStand #TogetherWeCan #InspireChange #BeTheChange #MakeItHappen #Empowerment #GlobalGoals #UnitedNations #MakeTheWorldA BetterPlace #GiveBack #SpreadLove #SpreadKindness #SpreadHope #SpreadGratitude #SpreadRespect #Spread",
2628,2020-03-27 23:05:05,6,USAID_Digital,"[Photo(previewUrl='https://pbs.twimg.com/media/EUJsOFBXkAExzS1?format=png&name=small', fullUrl='https://pbs.twimg.com/media/EUJsOFBXkAExzS1?format=png&name=large')]",usaid,"🎉 Friday is here, and so is a chance to make a difference! #USAID #DigitalTransformation #EmpoweringCommunities #GlobalImpact #TechForGood #ConnectWithUs #TogetherWeCan #MakeTheWorldBetter",
8966,2018-05-28 05:08:11,148,BBCSport,"[Photo(previewUrl='https://pbs.twimg.com/media/DeQmFjSX4AADL0a?format=jpg&name=small', fullUrl='https://pbs.twimg.com/media/DeQmFjSX4AADL0a?format=jpg&name=large')]",bbc,"Monday morning, kickstart your day with BBC Sport! 🏃🏃🏃 #BBCSport #MondayMotivation #GetFit #StayActive",
4514,2018-11-03 03:40:52,713,NetNobody,"[Photo(previewUrl='https://pbs.twimg.com/media/DrDG6LnU8AMBkWZ?format=jpg&name=small', fullUrl='https://pbs.twimg.com/media/DrDG6LnU8AMBkWZ?format=jpg&name=large'), Photo(previewUrl='https://pbs.twimg.com/media/DrDG7DoU8AAXx5i?format=jpg&name=small', fullUrl='https://pbs.twimg.com/media/DrDG7DoU8AAXx5i?format=jpg&name=large')]",sky,"🎉Hey everyone! Ready for a weekend adventure? 🌞 Whether you're chilling at home or hitting the town, let's make this Saturday extra special with #NetNobody! 🛹 #SocialMedia #ConnectWithUs #EnjoyTheDay",
5911,2018-03-01 01:52:09,23,the_real_coach,"[Photo(previewUrl='https://pbs.twimg.com/media/DXKtW18U0AAQCus?format=jpg&name=small', fullUrl='https://pbs.twimg.com/media/DXKtW18U0AAQCus?format=jpg&name=large')]",coach,**The Real Coach** is here to help you reach your fitness goals! 🏋️‍♀️💪 #FitnessGoals #MotivationMonday #TheRealCoach,
8314,2020-11-25 22:38:09,432,DeadlineWH,"[Video(thumbnailUrl='https://pbs.twimg.com/media/EntAYhVWEAAa-Zd.jpg', variants=[VideoVariant(contentType='video/mp4', url='https://video.twimg.com/amplify_video/1331728718318940163/vid/640x360/L9k283SODK-a1uMn.mp4?tag=13', bitrate=832000), VideoVariant(contentType='application/x-mpegURL', url='https://video.twimg.com/amplify_video/1331728718318940163/pl/AEmRRs2fTdIH0TLI.m3u8?tag=13&v=77d', bitrate=None), VideoVariant(contentType='video/mp4', url='https://video.twimg.com/amplify_video/1331728718318940163/vid/480x270/5oXEqnYBGCBg5lm7.mp4?tag=13', bitrate=288000), VideoVariant(contentType='video/mp4', url='https://video.twimg.com/amplify_video/1331728718318940163/vid/1280x720/91jDPfbdyS_bzl2i.mp4?tag=13', bitrate=2176000)], duration=140.513, views=38263)]",house,🚨 **Wednesday Night Special** 🌚 #DeadlineWH #SocialMediaMagic #StayTuned #EngageWithUs #FollowTheTrend #ShareTheMoment #ConnectWithUs 🛰️ #EndlessCreativity #StayInTheLoop #LikeForLikes #FollowForFollowers #ShareYourStory #JoinTheCommunity #CreateTheFuture #BeTheChange #MakeItHappen #LiveLifeToTheFullest #DreamBig #AchieveYourGoals #Stay,
3101,2020-08-18 08:38:09,168,FlipkartStories,"[Photo(previewUrl='https://pbs.twimg.com/media/EfsKjzkVoAA8sJ9?format=jpg&name=small', fullUrl='https://pbs.twimg.com/media/EfsKjzkVoAA8sJ9?format=jpg&name=large')]",flipkart,"🎉 Tuesday is here, and so is the perfect time to explore the best deals on Flipkart! Whether you're looking to upgrade your tech or find the perfect gift, Flipkart has got you covered. #Flipkart #DealOfTheDay #TechLover #GiftGuru",
5704,2019-05-21 15:33:07,1,UPMCnews,"[Photo(previewUrl='https://pbs.twimg.com/media/D7GeVIZU0AAWIIL?format=jpg&name=small', fullUrl='https://pbs.twimg.com/media/D7GeVIZU0AAWIIL?format=jpg&name=large')]",upmc,🎉Stay healthy with UPMC! Join us today at 2pm for a special virtual event. Don't miss it! #UPMC #StayHealthy #VirtualEvent #StayHomeStaySafe,
3899,2019-07-10 09:30:16,187,Cartier,"[Photo(previewUrl='https://pbs.twimg.com/media/D_GqvtKXUAAovee?format=jpg&name=small', fullUrl='https://pbs.twimg.com/media/D_GqvtKXUAAovee?format=jpg&name=large')]",cartier,🎉 Wednesdays are the perfect time to elevate your style with Cartier! 🌟 Dive into the world of elegance with our latest collection. #CartierWednesday #EleganceAtYourFingertips #LuxuryInEveryDetail,
5441,2018-08-09 12:08:01,1189,BBCNewsbeat,"[Video(thumbnailUrl='https://pbs.twimg.com/media/DkKBdkeXcAAXfvq.jpg', variants=[VideoVariant(contentType='video/mp4', url='https://video.twimg.com/amplify_video/1027524793942384640/vid/240x240/eHeRsf0R2d6ZhZuR.mp4?tag=8', bitrate=288000), VideoVariant(contentType='application/x-mpegURL', url='https://video.twimg.com/amplify_video/1027524793942384640/pl/JbGb-gj7iV5Cvzqj.m3u8?tag=8', bitrate=None), VideoVariant(contentType='video/mp4', url='https://video.twimg.com/amplify_video/1027524793942384640/vid/720x720/IMAbxKK-0pn8uBDb.mp4?tag=8', bitrate=1280000), VideoVariant(contentType='video/mp4', url='https://video.twimg.com/amplify_video/1027524793942384640/vid/480x480/UrkdMzbYLXdcLAGf.mp4?tag=8', bitrate=832000)], duration=56.6, views=90097)]",bbc,🎉Stay tuned for the latest BBC Newsbeat headlines! 🌍 #BBCNews #BreakingNews #StayInformed #EngageWithUs #Thursday #1200pm,
7931,2019-06-02 17:33:08,29549,LFC,"[Video(thumbnailUrl='https://pbs.twimg.com/amplify_video_thumb/1135234917565177857/img/gvHOCVUyAFI6oLMz.jpg', variants=[VideoVariant(contentType='video/mp4', url='https://video.twimg.com/amplify_video/1135234917565177857/vid/720x720/iw7kEjSlXBIL510e.mp4?tag=12', bitrate=1280000), VideoVariant(contentType='application/x-mpegURL', url='https://video.twimg.com/amplify_video/1135234917565177857/pl/WHoQTOu9SdvaR5jd.m3u8?tag=12', bitrate=None), VideoVariant(contentType='video/mp4', url='https://video.twimg.com/amplify_video/1135234917565177857/vid/320x320/JCOReny_eHzrT0Jr.mp4?tag=12', bitrate=432000), VideoVariant(contentType='video/mp4', url='https://video.twimg.com/amplify_video/1135234917565177857/vid/480x480/5vrtD53NtIxPp9z-.mp4?tag=12', bitrate=832000)], duration=112.68, views=499254)]",liverpool,🚨🚨🚨 Liverpool Football Club 🇬🇧 is back in action! Kick off your Sunday with us! #LFC #SundayNight #GoLFC,
622,2020-09-01 10:39:04,962,BBCR1,"[Photo(previewUrl='https://pbs.twimg.com/media/Eg0skx8WAAAp2M3?format=jpg&name=small', fullUrl='https://pbs.twimg.com/media/Eg0skx8WAAAp2M3?format=jpg&name=large')]",bbc,🎉Stay tuned for the latest news and insights from the BBC! 🌍 #BBC #News #Innovation #EngageWithUs #StayInformed,
7236,2019-05-21 08:00:00,801,BBCOne,"[Video(thumbnailUrl='https://pbs.twimg.com/amplify_video_thumb/1126796105910497280/img/VtVIp0gnp-BeTHmt.jpg', variants=[VideoVariant(contentType='video/mp4', url='https://video.twimg.com/amplify_video/1126796105910497280/vid/320x320/58aYJ-S0ejJlkqlc.mp4?tag=12', bitrate=432000), VideoVariant(contentType='application/x-mpegURL', url='https://video.twimg.com/amplify_video/1126796105910497280/pl/wdA9JL3wF33o0TeR.m3u8?tag=12', bitrate=None), VideoVariant(contentType='video/mp4', url='https://video.twimg.com/amplify_video/1126796105910497280/vid/480x480/3ctMHpB5Atcodkjc.mp4?tag=12', bitrate=832000), VideoVariant(contentType='video/mp4', url='https://video.twimg.com/amplify_video/1126796105910497280/vid/720x720/7vaW--pKxAaEUJFG.mp4?tag=12', bitrate=1280000)], duration=81.8, views=106680)]",bbc,🎉Stay tuned for the latest news and insights from the BBC! 🌍 #BBCOne #News #Innovation #EngageWithUs,
2499,2020-09-13 15:51:06,484,SkySports,"[Video(thumbnailUrl='https://pbs.twimg.com/media/Ehzm4hrXcAEMALd.jpg', variants=[VideoVariant(contentType='video/mp4', url='https://video.twimg.com/amplify_video/1305171786108108802/vid/1280x720/4gBW06FtdCOpYX57.mp4?tag=13', bitrate=2176000), VideoVariant(contentType='video/mp4', url='https://video.twimg.com/amplify_video/1305171786108108802/vid/640x360/vNpcKxB5FyrgqBFo.mp4?tag=13', bitrate=832000), VideoVariant(contentType='application/x-mpegURL', url='https://video.twimg.com/amplify_video/1305171786108108802/pl/HnEj2pPOdPUDUYgF.m3u8?tag=13', bitrate=None), VideoVariant(contentType='video/mp4', url='https://video.twimg.com/amplify_video/1305171786108108802/vid/480x270/q8MiGzCkfMMqpbAN.mp4?tag=13', bitrate=288000)], duration=19.08, views=445570)]",sky,"🎉 Sunday kick-off! 🏃💨 Tune in to Sky Sports for the latest action from around the world. Whether it's a thrilling match or a captivating documentary, you won't want to miss a thing. #SkySports #SundayAfternoonAction",
714,2020-11-09 07:45:00,201,BBCSport,"[Photo(previewUrl='https://pbs.twimg.com/media/EmXMQUwW4AAM9dR?format=jpg&name=small', fullUrl='https://pbs.twimg.com/media/EmXMQUwW4AAM9dR?format=jpg&name=large')]",bbc,"Monday morning, kickstart your day with BBC Sport! 🏃🏃🏃 #BBCSport #MondayMotivation #StartYourDayWithUs",
8404,2019-09-11 03:46:03,435,cuddle_core,"[Photo(previewUrl='https://pbs.twimg.com/media/EEJ4IvhWkAADB8N?format=jpg&name=small', fullUrl='https://pbs.twimg.com/media/EEJ4IvhWkAADB8N?format=jpg&name=large')]",rb,"Hey 🌍✨ #WednesdayMotivation #CuddleCore is here to keep you cozy and entertained all week long! Whether you're cozying up at home or out and about, we've got you covered. #StayCuddly #StayHome #StayFit #StayHappy #StayStrong #StayHealthy #StaySafe #StayTogether #StayConnected #StayInformed #StayEducated #StayInspired #StayCreative #StayAdventurous #StayCurious #StayConf",
2856,2018-02-20 01:16:23,94,FinishLine,"[Video(thumbnailUrl='https://pbs.twimg.com/ext_tw_video_thumb/965756877207429120/pu/img/LUJRtYCnQZ0rRCY3.jpg', variants=[VideoVariant(contentType='application/x-mpegURL', url='https://video.twimg.com/ext_tw_video/965756877207429120/pu/pl/c_UVLW4qZFqBbtfj.m3u8', bitrate=None), VideoVariant(contentType='video/mp4', url='https://video.twimg.com/ext_tw_video/965756877207429120/pu/vid/320x180/Xofi4-AxsJB_EejC.mp4', bitrate=256000), VideoVariant(contentType='video/mp4', url='https://video.twimg.com/ext_tw_video/965756877207429120/pu/vid/640x360/UWUiqGiZOL_cRp4n.mp4', bitrate=832000)], duration=21.701, views=14306)]",finish line,"🏃‍♀️💨 Ready to hit the pavement? 🚗💨 #FinishLine is here to help you achieve your running goals. Whether you're a seasoned runner or just starting your fitness journey, we've got you covered. Join us on the road to success! 🏃💨 #RunWithFinishLine #FitnessGoals",
4270,2018-07-07 07:00:25,4,USAID_Pakistan,"[Photo(previewUrl='https://pbs.twimg.com/media/Dhe_aZyVMAA9HHh?format=jpg&name=small', fullUrl='https://pbs.twimg.com/media/Dhe_aZyVMAA9HHh?format=jpg&name=large')]",usaid,"Happy Saturday, Pakistan! 🌴✨ Join us in the #USAID spirit as we bring you the latest updates from across the country. Remember, together we can make a difference. 🌍✨ #UnitedWeStand #TogetherWeCan",
2909,2018-10-04 06:55:00,207,BBCSport,"[Photo(previewUrl='https://pbs.twimg.com/media/DopTcGWXoAAI9hN?format=jpg&name=small', fullUrl='https://pbs.twimg.com/media/DopTcGWXoAAI9hN?format=jpg&name=large')]",bbc,🎉Stay tuned for the latest in sports! 🏏 #BBCSport #SportsLovers #StayTuned #EngageWithUs #FollowOurUpdates #StayInTheLoop,
8081,2020-09-12 04:14:38,23813,espn,"[Photo(previewUrl='https://pbs.twimg.com/media/Ehr-KlkXcAMK3Hx?format=jpg&name=small', fullUrl='https://pbs.twimg.com/media/Ehr-KlkXcAMK3Hx?format=jpg&name=large')]",espn,🚨Stay tuned for the latest in sports! 🏏 #Espn #SportsLovers #StayInTheLoop,
4517,2019-02-14 16:09:03,3,chaptersindigo,"[Photo(previewUrl='https://pbs.twimg.com/media/DzYNs7JV4AAvZQT?format=jpg&name=small', fullUrl='https://pbs.twimg.com/media/DzYNs7JV4AAvZQT?format=jpg&name=large')]",indigo,"🎉 Hey Chapters Indigo! 🌟 It's time to unwind with our latest collection, perfect for a cozy Thursday night. #ChaptersIndigo #ThursdayNight #ShopNow",
1262,2020-02-20 00:26:29,1,BriSeeley,"[Photo(previewUrl='https://pbs.twimg.com/media/ERLcBpnXUAE1VVv?format=jpg&name=small', fullUrl='https://pbs.twimg.com/media/ERLcBpnXUAE1VVv?format=jpg&name=large')]",coach,"🎉 Thursday is here, and so is the perfect opportunity to kickstart your week with #CoachBri's motivational tips! 🌟 Whether you're chasing your goals or just looking to boost your mood, let's #BeTheChange together! #MotivationMonday",
3161,2019-03-14 19:06:02,2,BrdgstoneArena,"[Video(thumbnailUrl='https://pbs.twimg.com/ext_tw_video_thumb/1106270193527984129/pu/img/hx-qJ7L2IjHtk-MN.jpg', variants=[VideoVariant(contentType='application/x-mpegURL', url='https://video.twimg.com/ext_tw_video/1106270193527984129/pu/pl/7k0L0KPT2JUlbwrN.m3u8?tag=8', bitrate=None), VideoVariant(contentType='video/mp4', url='https://video.twimg.com/ext_tw_video/1106270193527984129/pu/vid/320x180/5fdZJCHcgSAIrgLB.mp4?tag=8', bitrate=256000), VideoVariant(contentType='video/mp4', url='https://video.twimg.com/ext_tw_video/1106270193527984129/pu/vid/640x360/kb9izBvMvkCAHAeE.mp4?tag=8', bitrate=832000), VideoVariant(contentType='video/mp4', url='https://video.twimg.com/ext_tw_video/1106270193527984129/pu/vid/1280x720/A680PAeh33sjP3-_.mp4?tag=8', bitrate=2176000)], duration=30.352, views=389)]",bridgestone,"🎉 Thursday night at the Bridgstone Arena! 🔥 Whether you're a fan of sports, gaming, or just looking for a fun night out, come join us for an unforgettable experience! #BridgstoneArena #ThursdayNight #SportsLovers #GamingCommunity #LiveStream #StayTuned",
971,2020-08-07 09:00:03,4,Airbnb_uk,"[Photo(previewUrl='https://pbs.twimg.com/media/EezmQYEXYAACEDO?format=jpg&name=small', fullUrl='https://pbs.twimg.com/media/EezmQYEXYAACEDO?format=jpg&name=large')]",airbnb,"🎉🎉 Friday vibes at 10am! 🌟 Whether you're looking for a cozy home away from home or an adventure in a new place, Airbnb makes it easy to find the perfect place to stay. #Airbnb #Travel #StayHome #ExploreTheWorld",
3913,2020-10-05 00:04:01,8181,espn,"[Photo(previewUrl='https://pbs.twimg.com/media/EjhhXkjXYAMAN3B?format=jpg&name=small', fullUrl='https://pbs.twimg.com/media/EjhhXkjXYAMAN3B?format=jpg&name=large')]",espn,🎉 Monday Morning Motivation! Ready to tackle the week ahead? Let's do it! #espn #MondayMotivation #StartYourDayStrong,
5199,2018-02-21 12:02:43,869,SonyMusicSouth,"[Photo(previewUrl='https://pbs.twimg.com/media/DWjsXmDV4AAiHdn?format=jpg&name=small', fullUrl='https://pbs.twimg.com/media/DWjsXmDV4AAiHdn?format=jpg&name=large')]",sony,**Sony Music South** is here to make your Wednesday even more special! 🎶✨ #SonyMusic #WednesdayChill #MusicLovers #SonyFans #StayTuned #ConnectWithSony #EnjoyTheMusic,
8847,2018-07-31 16:26:19,21,Locklyn33,"[Photo(previewUrl='https://pbs.twimg.com/media/DjcnF6TUUAUsOFm?format=jpg&name=small', fullUrl='https://pbs.twimg.com/media/DjcnF6TUUAUsOFm?format=jpg&name=large')]",coach,🎉 **Tuesday Twists**! 🌟 Ready to kickstart your day with a fresh mindset? Let's #UnlockYourPotential together! 💪 #CoachLocklyn #TuesdayTwists #MotivationMonday,
260,2018-11-13 20:05:00,250,BBCCiN,"[Video(thumbnailUrl='https://pbs.twimg.com/media/Dr33u9BXgAAT2LW.jpg', variants=[VideoVariant(contentType='video/mp4', url='https://video.twimg.com/amplify_video/1062277309414211584/vid/320x180/ynqbKp9ea-qX6QnD.mp4?tag=8', bitrate=288000), VideoVariant(contentType='application/x-mpegURL', url='https://video.twimg.com/amplify_video/1062277309414211584/pl/YnSAmaikrr9fqRmc.m3u8?tag=8', bitrate=None), VideoVariant(contentType='video/mp4', url='https://video.twimg.com/amplify_video/1062277309414211584/vid/640x360/sVQemJ3QjwURnlae.mp4?tag=8', bitrate=832000), VideoVariant(contentType='video/mp4', url='https://video.twimg.com/amplify_video/1062277309414211584/vid/1280x720/u184KycQmF4_PdUt.mp4?tag=8', bitrate=2176000)], duration=7.8, views=5164)]",bbc,🎉Stay tuned for the latest news and insights from the BBC! 🌍 #BBC #News #Innovation #EngageWithUs #2023,
3791,2019-04-25 15:10:00,292,penguinrandom,"[Video(thumbnailUrl='https://pbs.twimg.com/ext_tw_video_thumb/1121419720505397249/pu/img/Jh4b1X9-Pi7T6dms.jpg', variants=[VideoVariant(contentType='video/mp4', url='https://video.twimg.com/ext_tw_video/1121419720505397249/pu/vid/320x320/2goDiSFVVtbzy-OJ.mp4?tag=8', bitrate=432000), VideoVariant(contentType='video/mp4', url='https://video.twimg.com/ext_tw_video/1121419720505397249/pu/vid/480x480/MoMr7Ui32zFegbCN.mp4?tag=8', bitrate=832000), VideoVariant(contentType='video/mp4', url='https://video.twimg.com/ext_tw_video/1121419720505397249/pu/vid/720x720/GEplpL-5GbZ86Zay.mp4?tag=8', bitrate=1280000), VideoVariant(contentType='application/x-mpegURL', url='https://video.twimg.com/ext_tw_video/1121419720505397249/pu/pl/yNrWQjzv77g-MmyF.m3u8?tag=8', bitrate=None)], duration=13.0, views=6913)]",house,"Hey friends! 🐼✨ Happy Thursday, everyone! Let's kick off the weekend with a cozy read at home. Who's ready to dive into a good book? #BookLover #ReadingIsGood #PenguinRandom #StayHomeStaySafe",
9203,2020-08-16 21:19:46,988,SkySportsNews,"[Video(thumbnailUrl='https://pbs.twimg.com/media/Efkl3a0XgAQhqxm.jpg', variants=[VideoVariant(contentType='video/mp4', url='https://video.twimg.com/amplify_video/1295107723697233925/vid/480x270/I6zcY_kMmCq6h1hh.mp4?tag=13', bitrate=288000), VideoVariant(contentType='video/mp4', url='https://video.twimg.com/amplify_video/1295107723697233925/vid/1280x720/na3jrggeWNSduTjT.mp4?tag=13', bitrate=2176000), VideoVariant(contentType='video/mp4', url='https://video.twimg.com/amplify_video/1295107723697233925/vid/640x360/Eoypli0hsfn3ewOV.mp4?tag=13', bitrate=832000), VideoVariant(contentType='application/x-mpegURL', url='https://video.twimg.com/amplify_video/1295107723697233925/pl/WmAzVjwjMc0kAVT-.m3u8?tag=13', bitrate=None)], duration=144.2, views=71908)]",sky,🚨🚨🚨 **Sky Sports News** 🚨🚨🚨 #SkySports #SportsNews #SundayNight #TuneInToSkySports 🏃🏃‍♀️🏃♂️ #Football #Cricket #Basketball #Golf #Tennis #Baseball #Rugby #Volleyball #Swimming #Running #Cycling #Yoga #WeightLifting #CrossFit #HIIT #Cardio #StrengthTraining #Flexibility #MentalHealth #,
488,2020-12-24 00:31:34,46652,WhiteHouse45,"[Video(thumbnailUrl='https://pbs.twimg.com/amplify_video_thumb/1341904180601098250/img/aumAK_e8K6pbtEUg.jpg', variants=[VideoVariant(contentType='application/x-mpegURL', url='https://video.twimg.com/amplify_video/1341904180601098250/pl/3YgxHWNTTqKh4-Aj.m3u8?tag=13', bitrate=None), VideoVariant(contentType='video/mp4', url='https://video.twimg.com/amplify_video/1341904180601098250/vid/1280x720/dN9orFdiiufJAzh0.mp4?tag=13', bitrate=2176000), VideoVariant(contentType='video/mp4', url='https://video.twimg.com/amplify_video/1341904180601098250/vid/480x270/Lwbl_g-ztnSN53tc.mp4?tag=13', bitrate=288000), VideoVariant(contentType='video/mp4', url='https://video.twimg.com/amplify_video/1341904180601098250/vid/640x360/RBIfjFTRI13oh_M2.mp4?tag=13', bitrate=832000)], duration=261.693, views=763828)]",house,🚨Stay tuned for the latest news and updates from the White House! #WhiteHouse #StayInformed #StayConnected,
7908,2019-04-09 13:44:30,4,bacari34,"[Photo(previewUrl='https://pbs.twimg.com/media/D3tysmlW4AAJTLh?format=jpg&name=small', fullUrl='https://pbs.twimg.com/media/D3tysmlW4AAJTLh?format=jpg&name=large')]",coach,🎉 **Tuesday Tip** 🌟 #StayMotivated #CoachBacari #FitnessGoals #MondayMotivation #WorkoutWednesday #StayStrong #HealthyHabits #MotivationMonday,
519,2018-11-10 23:23:11,729,SkySportsBoxing,"[Photo(previewUrl='https://pbs.twimg.com/media/DrrYpmgWoAASlpf?format=jpg&name=small', fullUrl='https://pbs.twimg.com/media/DrrYpmgWoAASlpf?format=jpg&name=large')]",sky,🚨Stay tuned for Sky Sports Boxin' on Saturday night at 11pm! 🔥 #SkySports #BoxingAction #StayTuned,
8343,2020-12-16 14:15:44,1660,SkySportsPL,"[Video(thumbnailUrl='https://pbs.twimg.com/media/EpXWxvLXUAE9PbP.jpg', variants=[VideoVariant(contentType='video/mp4', url='https://video.twimg.com/amplify_video/1339212543408140290/vid/320x320/-_0a7G9Ue2W71JHn.mp4?tag=13', bitrate=432000), VideoVariant(contentType='application/x-mpegURL', url='https://video.twimg.com/amplify_video/1339212543408140290/pl/lpFW8Uu0-g2BCS8_.m3u8?tag=13', bitrate=None), VideoVariant(contentType='video/mp4', url='https://video.twimg.com/amplify_video/1339212543408140290/vid/480x480/CGN2ZAbJliZxcWbA.mp4?tag=13', bitrate=832000), VideoVariant(contentType='video/mp4', url='https://video.twimg.com/amplify_video/1339212543408140290/vid/720x720/hdfnP04SGVIUmXKS.mp4?tag=13', bitrate=1280000)], duration=46.84, views=119981)]",sky,**Tweet:** 🏠 Liga 🏴‍☠️ Kick off your day with Sky Sports! 📺 #SkySports #Liga #Ligue1 #PremierLeague #SerieA #Bundesliga #La Liga #UEFAChampionsLeague #WorldCup2023 #FootballLovers #SportsFanatics #StayAtHome #StayActive #StayConnected #StayInformed #StayEntertained #StayHealthy #StayStrong #Stay,
312,2019-01-24 11:20:47,359,ClarenceHouse,"[Photo(previewUrl='https://pbs.twimg.com/media/DxrCjxGXcAE_E8t?format=jpg&name=small', fullUrl='https://pbs.twimg.com/media/DxrCjxGXcAE_E8t?format=jpg&name=large')]",house,"🎉 Thursday morning at Clarence House! 🌟 From breakfast to brunch, we've got you covered with our delicious menu. Don't miss out on the perfect start to your day! #ClarenceHome #BreakfastToBrunch #StartYourDayRight",
3232,2020-07-27 16:03:00,10897,LFC,"[Photo(previewUrl='https://pbs.twimg.com/media/Ed8Pqq7WAAQstPu?format=jpg&name=small', fullUrl='https://pbs.twimg.com/media/Ed8Pqq7WAAQstPu?format=jpg&name=large')]",liverpool,"🎉 #LFC 🌟 Wake up, Liverpool fans! It's time to kickstart your day with the #Anfield roar. Let's take on the world together! 💪 #TeamLFC #SupportLFC",
7933,2018-09-04 20:30:00,53,AutoExpress,"[Photo(previewUrl='https://pbs.twimg.com/media/DmQyaAhWsAAtfjg?format=jpg&name=small', fullUrl='https://pbs.twimg.com/media/DmQyaAhWsAAtfjg?format=jpg&name=large')]",express,🎉Stay tuned for the latest in automotive innovation! 🚗💨 #AutoExpress #TechSavvy #DriveTheFuture #Innovate #ConnectTheDots,
7458,2019-04-09 23:02:40,5569,espn,"[Photo(previewUrl='https://pbs.twimg.com/media/D3vyc3QXsAAbzdW?format=jpg&name=small', fullUrl='https://pbs.twimg.com/media/D3vyc3QXsAAbzdW?format=jpg&name=large')]",espn,🚨Stay tuned for the latest news and insights from the world of sports! #ESPN #SportsLovers #StayInTheLoop,
9784,2018-12-27 12:30:06,0,UPMCPhysicianEd,"[Photo(previewUrl='https://pbs.twimg.com/media/DvbF6jKW0AASPQt?format=jpg&name=small', fullUrl='https://pbs.twimg.com/media/DvbF6jKW0AASPQt?format=jpg&name=large')]",upmc,"**UPMC Physician Education** 📚👨‍⚕️👩‍💻 Join us on Thursday, April 15th, for a special event! Learn from the best in the field and connect with like-minded professionals. Don't miss this opportunity to enhance your skills and stay ahead of the curve. #UPMC #PhysicianEducation #StayInformed #ConnectWithLikeMindedPeople",
5184,2018-07-08 23:19:23,1075,SamCoatesSky,"[Photo(previewUrl='https://pbs.twimg.com/media/DhnpEUaW0AAWuBf?format=jpg&name=small', fullUrl='https://pbs.twimg.com/media/DhnpEUaW0AAWuBf?format=jpg&name=large')]",sky,🎉 Sunday night at 11pm! 🌛✨ #Sky #SundayNight #StayTuned #EngageWithUs #FollowTheStars #ConnectWithUs 🚀 #SocialMediaMagic #FollowYourPassion #SkyIsTheLimit 🌌 #Innovate #Inspire #CreateTheFuture 🌟 #DreamBig #AchieveGreatness #SkyHigh #SkyClimb #SkyDive #SkySprint #SkyRun #SkyCycle #,
8077,2018-03-17 16:49:01,0,arune,"[Gif(thumbnailUrl='https://pbs.twimg.com/tweet_video_thumb/DYgUEC7U8AAPEaA.jpg', variants=[VideoVariant(contentType='video/mp4', url='https://video.twimg.com/tweet_video/DYgUEC7U8AAPEaA.mp4', bitrate=0)])]",diesel,🎉 Saturday vibes at Diesel! 🚀 Dive into our latest collection and let your style shine! 🌟 #Diesel #Saturdays #StyleGoals #Fashionista #DiveIntoTheCollection,
6502,2019-11-28 18:35:04,2649,LFC,"[Photo(previewUrl='https://pbs.twimg.com/media/EKevod_XsAA3teR?format=jpg&name=small', fullUrl='https://pbs.twimg.com/media/EKevod_XsAA3teR?format=jpg&name=large')]",liverpool,🚨 #LFC 🇬🇧 It's time to kick off the #ThursdayNight with the #AnfieldAurora! 🚀 #SupportLFC #GoLFC,
6791,2018-10-01 20:41:59,426,BBCEarth,"[Video(thumbnailUrl='https://pbs.twimg.com/media/DnDeMFcW4AMEGrW.jpg', variants=[VideoVariant(contentType='video/mp4', url='https://video.twimg.com/amplify_video/1040562458576998403/vid/480x480/cumdwmJMywY1RyeL.mp4?tag=8', bitrate=832000), VideoVariant(contentType='video/mp4', url='https://video.twimg.com/amplify_video/1040562458576998403/vid/720x720/cWj1JQtZemLAtmwT.mp4?tag=8', bitrate=1280000), VideoVariant(contentType='application/x-mpegURL', url='https://video.twimg.com/amplify_video/1040562458576998403/pl/O0AJ_mPy-8CmP60-.m3u8?tag=8', bitrate=None), VideoVariant(contentType='video/mp4', url='https://video.twimg.com/amplify_video/1040562458576998403/vid/240x240/TS0sKM1d_TXJlHIi.mp4?tag=8', bitrate=288000)], duration=130.68, views=33841)]",bbc,👋Hey Earthlings! Ready to explore the wonders of our planet? 🌍✨ Tune in to BBC Earth at 8pm tonight! #BBCEarth #NatureLovers #ExploreTheWorld,
7773,2018-12-13 22:58:03,314,BBCSport,"[Photo(previewUrl='https://pbs.twimg.com/media/DuVPWFZW4AA74ex?format=jpg&name=small', fullUrl='https://pbs.twimg.com/media/DuVPWFZW4AA74ex?format=jpg&name=large')]",bbc,🚨Stay tuned for the latest in sports news and analysis from BBC Sport! Tune in at 10pm on Thursday for your favorite teams and athletes. #BBCSport #SportsLovers #StayTuned,
2738,2018-01-27 16:30:21,171,bbcle,"[Photo(previewUrl='https://pbs.twimg.com/media/DUj55SvXUAAumKE?format=jpg&name=small', fullUrl='https://pbs.twimg.com/media/DUj55SvXUAAumKE?format=jpg&name=large')]",bbc,🎉Stay tuned for the best of BBC at 6pm on Saturday! #BBC #TVShows #EngageWithUs #StayTuned #SaturdayNight #WatchWithUs,
7842,2020-09-07 15:56:06,122,IndiGo6E,"[Photo(previewUrl='https://pbs.twimg.com/media/EhUuwRyU4AANXCP?format=jpg&name=small', fullUrl='https://pbs.twimg.com/media/EhUuwRyU4AANXCP?format=jpg&name=large')]",indigo,"👋 Hey everyone! It's time to kickstart the week with #Indigo6E! 🚀 Whether you're on the go or at home, we've got you covered with the best deals and services. Let's make this Monday extra special together! 💪 #MondayMotivation #TravelNow",
6262,2019-08-27 13:45:07,15952,LFC,"[Photo(previewUrl='https://pbs.twimg.com/media/EC-xaRZWsAAPqSO?format=jpg&name=small', fullUrl='https://pbs.twimg.com/media/EC-xaRZWsAAPqSO?format=jpg&name=large'), Photo(previewUrl='https://pbs.twimg.com/media/EC-xaRvWwAAWjaY?format=jpg&name=small', fullUrl='https://pbs.twimg.com/media/EC-xaRvWwAAWjaY?format=jpg&name=large'), Photo(previewUrl='https://pbs.twimg.com/media/EC-xaSoWkAAKnlE?format=jpg&name=small', fullUrl='https://pbs.twimg.com/media/EC-xaSoWkAAKnlE?format=jpg&name=large'), Photo(previewUrl='https://pbs.twimg.com/media/EC-xaTcXkAErVpY?format=jpg&name=small', fullUrl='https://pbs.twimg.com/media/EC-xaTcXkAErVpY?format=jpg&name=large')]",liverpool,🚨 #LFC 🏠 Liverpool is back in action! Kick off your day with us. #SupportLFC #GoLFC,
8206,2019-11-01 14:18:27,834,ClarenceHouse,"[Video(thumbnailUrl='https://pbs.twimg.com/ext_tw_video_thumb/1190271821230288896/pu/img/dKJc6bMKgAbBSY-j.jpg', variants=[VideoVariant(contentType='video/mp4', url='https://video.twimg.com/ext_tw_video/1190271821230288896/pu/vid/1156x720/VOVMabc40WScVng5.mp4?tag=10', bitrate=2176000), VideoVariant(contentType='video/mp4', url='https://video.twimg.com/ext_tw_video/1190271821230288896/pu/vid/432x270/g6Oq0bT51VRosMWp.mp4?tag=10', bitrate=256000), VideoVariant(contentType='application/x-mpegURL', url='https://video.twimg.com/ext_tw_video/1190271821230288896/pu/pl/jx4mZBHlquEaPXRG.m3u8?tag=10', bitrate=None), VideoVariant(contentType='video/mp4', url='https://video.twimg.com/ext_tw_video/1190271821230288896/pu/vid/578x360/WtK8N0T7Vq_LW2G_.mp4?tag=10', bitrate=832000)], duration=12.007, views=15993)]",house,"🎉 Friday vibes at Clarence House! 🌍✨ Ready to make your home feel like a warm, cozy retreat. #HomeSweetHome #FridayFunday",
1248,2018-01-16 04:56:20,474,SonyMusicMY,"[Photo(previewUrl='https://pbs.twimg.com/media/DToxjZ4VQAAVLFr?format=jpg&name=small', fullUrl='https://pbs.twimg.com/media/DToxjZ4VQAAVLFr?format=jpg&name=large')]",sony,🎉Stay tuned for Sony Music's latest releases! 🎶 #SonyMusic #MusicLovers #StayTuned,
9336,2020-04-12 14:38:00,739,HoHighlights,"[Video(thumbnailUrl='https://pbs.twimg.com/ext_tw_video_thumb/1249345988537409544/pu/img/RPnVqag59zT5OT6j.jpg', variants=[VideoVariant(contentType='video/mp4', url='https://video.twimg.com/ext_tw_video/1249345988537409544/pu/vid/480x480/NMZofheg-REIdGEY.mp4?tag=10', bitrate=832000), VideoVariant(contentType='application/x-mpegURL', url='https://video.twimg.com/ext_tw_video/1249345988537409544/pu/pl/ni3csFzkJvBU1Bj8.m3u8?tag=10', bitrate=None), VideoVariant(contentType='video/mp4', url='https://video.twimg.com/ext_tw_video/1249345988537409544/pu/vid/320x320/ysVxqwIK-IwCpRPm.mp4?tag=10', bitrate=432000)], duration=8.533, views=16889)]",house,🌞 Sunday afternoon at HoHighlights! 🌟 Check out our latest house highlights from the comfort of your home! 🛠️🏡 #HoHighlights #SundayAfternoon #HomeDecor #DIY #Crafting #InteriorDesign #HomeInspiration #SocialMediaMarketing #EngageWithUs #LikeForLike #FollowHoHighlights,
4195,2019-04-30 07:27:51,171,bbcsoutheast,"[Photo(previewUrl='https://pbs.twimg.com/media/D5Yl3opW4AAyeNh?format=jpg&name=small', fullUrl='https://pbs.twimg.com/media/D5Yl3opW4AAyeNh?format=jpg&name=large')]",bbc,🎉Stay tuned for the latest news and insights from BBC Southeast! 🚀 #BBCSoutheast #NewsNow #StayInformed,
8001,2018-02-13 16:46:02,1344,WhiteHouse45,"[Photo(previewUrl='https://pbs.twimg.com/media/DV7gg4cUQAAXK1p?format=jpg&name=small', fullUrl='https://pbs.twimg.com/media/DV7gg4cUQAAXK1p?format=jpg&name=large')]",house,Tweet: 🌟 #StayHomeStaySafe #StayStrong #TogetherWeCan #Let'sMakeAmericaGreatAgain #StayAtHome #StayHealthy #StayUnited #StayInformed #StayConnected #StayCreative #StayInspired #StayMotivated #StayGrateful #StayConfident #StayDetermined #StayResilient #StayPositive #StayCalm #StayFocused #StayAdventurous #StayCurious #StayEducated #StayActive #StayFit #Stay,
7378,2020-09-15 16:00:53,181,chaptersindigo,"[Photo(previewUrl='https://pbs.twimg.com/media/Eh98lNwXcAE861s?format=jpg&name=small', fullUrl='https://pbs.twimg.com/media/Eh98lNwXcAE861s?format=jpg&name=large')]",indigo,🎉 **Tuesday Twists** 🌟 #ChaptersIndigo #IndigoLovesTuesday #SocialMediaTuesday #StayIndigo 🛰️✨ #ChillOut #IndieLovers #FollowChapters #LikeChapters 📅📅 #BookLover #ReadersUnite 📚📚 #IndyBooks #BookishLife #ReadAndBeRead 📖📖 #BookNerd #Bookaholic #ReadingIsMyPassion #Ind,
3435,2019-12-01 11:30:00,802,UNICEF,"[Video(thumbnailUrl='https://pbs.twimg.com/amplify_video_thumb/1199047373164630016/img/Q7mLbr13dCTyrzCZ.jpg', variants=[VideoVariant(contentType='video/mp4', url='https://video.twimg.com/amplify_video/1199047373164630016/vid/320x320/v1Vajyt5_3JT9p-E.mp4?tag=13', bitrate=432000), VideoVariant(contentType='video/mp4', url='https://video.twimg.com/amplify_video/1199047373164630016/vid/480x480/Ep-f_wP_0njHcBiu.mp4?tag=13', bitrate=832000), VideoVariant(contentType='application/x-mpegURL', url='https://video.twimg.com/amplify_video/1199047373164630016/pl/bXHkzm7WUo7PKzBT.m3u8?tag=13', bitrate=None), VideoVariant(contentType='video/mp4', url='https://video.twimg.com/amplify_video/1199047373164630016/vid/720x720/fkaTmTF2B4sSRPhy.mp4?tag=13', bitrate=1280000)], duration=60.06, views=20003)]",unicef,🌟Join UNICEF for a day of play and learning! 🚀 #WorldChildren'sDay #UniteForChildren #Let'sMakeAChange #PlayForPeace #TogetherWeCan #ChildrenFirst #UNHCR #UNESCO #UNODC #UNDP #UNFPA,
5382,2020-11-24 03:36:46,10675,espn,"[Photo(previewUrl='https://pbs.twimg.com/media/EnjxjX_XIAE9ztf?format=jpg&name=small', fullUrl='https://pbs.twimg.com/media/EnjxjX_XIAE9ztf?format=jpg&name=large'), Photo(previewUrl='https://pbs.twimg.com/media/EnjxjllW4AAyx8m?format=jpg&name=small', fullUrl='https://pbs.twimg.com/media/EnjxjllW4AAyx8m?format=jpg&name=large')]",espn,🚨Stay tuned for the latest in sports! 🏏 #Espn #SportsLovers #StayInTheLoop,
959,2020-07-22 19:32:01,2032,WhiteHouse45,"[Photo(previewUrl='https://pbs.twimg.com/media/EdjdduqXgAUFcUa?format=png&name=small', fullUrl='https://pbs.twimg.com/media/EdjdduqXgAUFcUa?format=png&name=large')]",house,🚀Stay tuned for the latest news and updates from the White House! 🚀 #US #WhiteHouse #StayInformed,
417,2020-05-31 03:25:30,150,NZWarriors,"[Photo(previewUrl='https://pbs.twimg.com/media/EZULyywUcAEQvVs?format=jpg&name=small', fullUrl='https://pbs.twimg.com/media/EZULyywUcAEQvVs?format=jpg&name=large')]",vodafone,"🎉 **Sunday Special** 🎉 #VodafoneNZ #NZWARRIORS Kick off your weekend in style with Vodafone! Stay connected, stay entertained, and stay ahead of the game. #ConnectWithVodafone #EnjoyTheGame #StayInTouch #NZ #Sunday #SundayAfternoon #Connect #StayConnected #StayEntertained #StayAheadOfTheGame 🏃‍♂️🏃‍♀️ #FitnessFriday #StayHealthy #StayActive #",
5742,2020-05-24 10:38:36,292,BBCR1,"[Video(thumbnailUrl='https://pbs.twimg.com/media/EYurKfiX0AEJXZX.jpg', variants=[VideoVariant(contentType='video/mp4', url='https://video.twimg.com/amplify_video/1264291986053496833/vid/480x480/GxzHsuHS6ny24ZVb.mp4?tag=13', bitrate=832000), VideoVariant(contentType='application/x-mpegURL', url='https://video.twimg.com/amplify_video/1264291986053496833/pl/EKzwke3UIo151tG9.m3u8?tag=13', bitrate=None), VideoVariant(contentType='video/mp4', url='https://video.twimg.com/amplify_video/1264291986053496833/vid/720x720/FWhCiAlyq-1JBSyk.mp4?tag=13', bitrate=1280000), VideoVariant(contentType='video/mp4', url='https://video.twimg.com/amplify_video/1264291986053496833/vid/320x320/3-lJ9yYKJA6IlN0n.mp4?tag=13', bitrate=432000)], duration=35.64, views=13724)]",bbc,"🎉Stay tuned for the best of BBC R1 on Sunday, October 14th at **10 AM**! Tune in for the latest in news, entertainment, and more. #BBC #R1 #StayTuned #EngageWithBBC #SundayAt10AM #NewsAndEntertainment #StayInTheLoop",
6728,2018-07-15 10:26:58,2766,nikefootball,"[Photo(previewUrl='https://pbs.twimg.com/media/DiI7V3vX0AAiE8H?format=jpg&name=small', fullUrl='https://pbs.twimg.com/media/DiI7V3vX0AAiE8H?format=jpg&name=large')]",nike,"🌞 Sunday morning, kick off your workout with Nike! 🏋️‍♂️🏃‍♀️ #NikeFootball #Workout #FitnessGoals #GetFit #Nike #SundayMornings #StayStrong #Motivation #GetActive",
4382,2019-07-30 12:08:33,739,BBCR1,"[Photo(previewUrl='https://pbs.twimg.com/media/EAuOydRXkAAWiGE?format=jpg&name=small', fullUrl='https://pbs.twimg.com/media/EAuOydRXkAAWiGE?format=jpg&name=large'), Photo(previewUrl='https://pbs.twimg.com/media/EAuOydTXUAA1iQr?format=jpg&name=small', fullUrl='https://pbs.twimg.com/media/EAuOydTXUAA1iQr?format=jpg&name=large'), Photo(previewUrl='https://pbs.twimg.com/media/EAuOydSX4AErbZz?format=jpg&name=small', fullUrl='https://pbs.twimg.com/media/EAuOydSX4AErbZz?format=jpg&name=large'), Photo(previewUrl='https://pbs.twimg.com/media/EAuOydNWkAAR20m?format=jpg&name=small', fullUrl='https://pbs.twimg.com/media/EAuOydNWkAAR20m?format=jpg&name=large')]",bbc,🎉Stay tuned for the latest news and insights from BBC R1! 🌍 #BBC #News #Innovation #EngageWithUs #StayCurious,
5197,2020-12-02 21:20:49,1996,BBCSport,"[Photo(previewUrl='https://pbs.twimg.com/media/EoQxywsWEAABcSH?format=jpg&name=small', fullUrl='https://pbs.twimg.com/media/EoQxywsWEAABcSH?format=jpg&name=large')]",bbc,🚨Stay tuned for the latest in sports! 🏏 #BBCSport #2100pm #SportsLover #StayTuned #EngageWithUs,
1113,2019-02-13 21:48:12,771,MonsterEnergy,"[Video(thumbnailUrl='https://pbs.twimg.com/media/DzT9EW7WsAYjvUY.jpg', variants=[VideoVariant(contentType='video/mp4', url='https://video.twimg.com/amplify_video/1095777293232934913/vid/640x360/9eg2Qf3CXQnMHMK5.mp4?tag=9', bitrate=832000), VideoVariant(contentType='application/x-mpegURL', url='https://video.twimg.com/amplify_video/1095777293232934913/pl/kQX4rVg2QrMatAeQ.m3u8?tag=9', bitrate=None), VideoVariant(contentType='video/mp4', url='https://video.twimg.com/amplify_video/1095777293232934913/vid/320x180/5A_aKa_7B2IT_-f9.mp4?tag=9', bitrate=288000), VideoVariant(contentType='video/mp4', url='https://video.twimg.com/amplify_video/1095777293232934913/vid/1280x720/DAr9QDItUyLMJOAK.mp4?tag=9', bitrate=2176000)], duration=105.36, views=150799)]",monster energy,"🎉Wake up to monster energy, the energizing drink that keeps you going all day long! 💪 #MonsterEnergy #WakeUp #EnergizeTheDay",
2689,2018-12-20 17:01:03,0,IndigoTeen,"[Photo(previewUrl='https://pbs.twimg.com/media/Du4AkpXVYAAEkHX?format=jpg&name=small', fullUrl='https://pbs.twimg.com/media/Du4AkpXVYAAEkHX?format=jpg&name=large')]",indigo,"🎉Hey Indigo Teen community! 🌟 It's time to unwind with our latest collection, perfect for the perfect Thursday night. #IndigoFashion #ThursdayNight #StyleOnPoint 🛒✨ #FashionLovers #OOTD #ShopNow",
6473,2018-08-05 17:34:01,2248,BBCEarth,"[Video(thumbnailUrl='https://pbs.twimg.com/media/DjrpLlZWwAAaQD3.jpg', variants=[VideoVariant(contentType='video/mp4', url='https://video.twimg.com/amplify_video/1025386968778256384/vid/240x240/GSlyXSZshm8IEHoJ.mp4?tag=8', bitrate=288000), VideoVariant(contentType='video/mp4', url='https://video.twimg.com/amplify_video/1025386968778256384/vid/480x480/t_xdSGJRO-bowh4t.mp4?tag=8', bitrate=832000), VideoVariant(contentType='video/mp4', url='https://video.twimg.com/amplify_video/1025386968778256384/vid/720x720/SbaRb6pKOmgbpAUo.mp4?tag=8', bitrate=1280000), VideoVariant(contentType='application/x-mpegURL', url='https://video.twimg.com/amplify_video/1025386968778256384/pl/gbD-R2hlTBiHoAp5.m3u8?tag=8', bitrate=None)], duration=94.97, views=172443)]",bbc,🌞 Sunday evening at @BBCEarth! 🌄 Dive into the wonders of our planet with us. #ExploreTheWorld #BBCEarth #SundayAt1700,
8820,2020-03-27 11:35:04,3339,VodafoneGhana,"[Photo(previewUrl='https://pbs.twimg.com/media/EUHOSD7WkAMDO-f?format=jpg&name=small', fullUrl='https://pbs.twimg.com/media/EUHOSD7WkAMDO-f?format=jpg&name=large')]",vodafone,"🎉 Friday is here, and so is the perfect time to connect with friends and family! 🌍✨ #ConnectWithVodafone #FridayFunday #StayConnected",
7808,2019-07-06 17:50:42,286,BBCSport,"[Photo(previewUrl='https://pbs.twimg.com/media/D-z27V5XkAAywCO?format=jpg&name=small', fullUrl='https://pbs.twimg.com/media/D-z27V5XkAAywCO?format=jpg&name=large')]",bbc,"🚨Stay tuned for the latest in sports! 🏏🏃‍♀️🏋️‍♂️ Whether it's football, rugby, or athletics, we've got you covered! #BBCSport #SportsLovers #StayTuned",
3411,2018-05-15 07:00:00,280,bbcquestiontime,"[Video(thumbnailUrl='https://pbs.twimg.com/media/Dc7ZiSwWkAAWYf4.jpg', variants=[VideoVariant(contentType='video/mp4', url='https://video.twimg.com/amplify_video/994970501897490432/vid/720x720/gwfOrw0H8fryiFr1.mp4?tag=2', bitrate=1280000), VideoVariant(contentType='application/x-mpegURL', url='https://video.twimg.com/amplify_video/994970501897490432/pl/iO0Eqh8_lYyRbXVA.m3u8?tag=2', bitrate=None), VideoVariant(contentType='video/mp4', url='https://video.twimg.com/amplify_video/994970501897490432/vid/240x240/cVmRL6ihX3R_4LKy.mp4?tag=2', bitrate=320000), VideoVariant(contentType='video/mp4', url='https://video.twimg.com/amplify_video/994970501897490432/vid/480x480/OgvchZzKeq1cKjBe.mp4?tag=2', bitrate=832000)], duration=30.08, views=19290)]",bbc,"🎉 Tune in to @BBCQuestionTime on Tuesday, Feb 14th, 2023! 🚀 Join us for a lively discussion on the latest news and current events. #BBCQuestiontime #EngageWithUs #StayInformed",
81,2020-03-24 00:42:39,14,adrianktam,"[Photo(previewUrl='https://pbs.twimg.com/media/ET1cLznU0AIKtAR?format=jpg&name=small', fullUrl='https://pbs.twimg.com/media/ET1cLznU0AIKtAR?format=jpg&name=large'), Photo(previewUrl='https://pbs.twimg.com/media/ET1cLzmUYAUrobj?format=jpg&name=small', fullUrl='https://pbs.twimg.com/media/ET1cLzmUYAUrobj?format=jpg&name=large')]",tam,"🎉 Tuesday is here, and so is the chance to shine brighter than ever! #AdriankTam #TuesdayGoals #SocialMediaMagic",
4614,2019-09-28 15:06:06,2,BestBuyCanada,"[Photo(previewUrl='https://pbs.twimg.com/media/EFj21HPWkAMczYl?format=jpg&name=small', fullUrl='https://pbs.twimg.com/media/EFj21HPWkAMczYl?format=jpg&name=large')]",best buy,"🎉 Saturday at Best Buy Canada! 🛍️ Whether you're looking for the latest tech, home essentials, or fashion, we've got you covered. Shop smart, save big, and have fun! #BestBuy #ShopSmart #SaveBig #EnjoyYourDay",
1374,2020-10-26 12:51:39,502,BBCSport,"[Video(thumbnailUrl='https://pbs.twimg.com/amplify_video_thumb/1320709337938075650/img/Wlzs73ly_77Q1wh7.jpg', variants=[VideoVariant(contentType='video/mp4', url='https://video.twimg.com/amplify_video/1320709337938075650/vid/480x480/dtBiaUc-0R7Eq4Gj.mp4?tag=13', bitrate=832000), VideoVariant(contentType='video/mp4', url='https://video.twimg.com/amplify_video/1320709337938075650/vid/320x320/IFDw6J0uvcFZXxKt.mp4?tag=13', bitrate=432000), VideoVariant(contentType='video/mp4', url='https://video.twimg.com/amplify_video/1320709337938075650/vid/720x720/RE3Bnzorq8YpELn3.mp4?tag=13', bitrate=1280000), VideoVariant(contentType='application/x-mpegURL', url='https://video.twimg.com/amplify_video/1320709337938075650/pl/fwABTjAS1VkKlcVT.m3u8?tag=13', bitrate=None)], duration=52.619, views=44672)]",bbc,"Monday morning, kickstart your day with #BBCSport! 🏃💨 Whether you're a fan or just curious, we've got you covered with the latest sports news, insights, and more. Tune in or follow us to stay ahead of the game. #StayConnected #SportsLovers #EngageWithUs",
1510,2019-11-24 22:01:03,49,FlyMangoSA,"[Photo(previewUrl='https://pbs.twimg.com/media/EKK4a58WoAgMc3Q?format=jpg&name=small', fullUrl='https://pbs.twimg.com/media/EKK4a58WoAgMc3Q?format=jpg&name=large')]",mango,"🎉 Sunday Night Vibes! 🌟 Whether you're lounging at home or out with friends, #Mango is the perfect snack to keep you fueled all day long! 🍌✨ #EatWellStayWell #StayFit #HealthyEating #SnackOnMango #SundayNight #StayTrendy",
6443,2019-10-20 00:17:52,0,tamhussein,"[Photo(previewUrl='https://pbs.twimg.com/media/EHR-Wb9WsAAuT4b?format=jpg&name=small', fullUrl='https://pbs.twimg.com/media/EHR-Wb9WsAAuT4b?format=jpg&name=large'), Photo(previewUrl='https://pbs.twimg.com/media/EHR-WcdXUAAieA5?format=jpg&name=small', fullUrl='https://pbs.twimg.com/media/EHR-WcdXUAAieA5?format=jpg&name=large')]",tam,🎉 Sunday Morning Motivation! Ready to kickstart your week with a fresh mindset? Let's #StayPositive and #InspireTogether! 🌟 #TamHussein #MotivationMonday #SundayRoutine #StartYourDayRight #PositiveVibes #StayFit #HealthyHabits,
3071,2020-04-15 18:48:30,324,JudiciaryGOP,"[Video(thumbnailUrl='https://pbs.twimg.com/media/EVpj0A4UEAM9TRR.jpg', variants=[VideoVariant(contentType='video/mp4', url='https://video.twimg.com/amplify_video/1250421207264120832/vid/320x320/4z6kQVczWZwdFLSC.mp4?tag=13', bitrate=432000), VideoVariant(contentType='video/mp4', url='https://video.twimg.com/amplify_video/1250421207264120832/vid/720x720/3u80NyOZOBGXO5rD.mp4?tag=13', bitrate=1280000), VideoVariant(contentType='application/x-mpegURL', url='https://video.twimg.com/amplify_video/1250421207264120832/pl/OG3CWtHDELAlkG_H.m3u8?tag=13', bitrate=None), VideoVariant(contentType='video/mp4', url='https://video.twimg.com/amplify_video/1250421207264120832/vid/480x480/8q2WnehlyCPmlLKF.mp4?tag=13', bitrate=832000)], duration=24.333, views=328328)]",house,🚨Stay tuned for the latest from the #GOPJudiciary on Wednesdays at 6 PM! Don't miss out on our exclusive insights and updates. #StayInformed #GOPNews #WednesdaysAt6PM #GOPGOPGOP #JudiciaryNews #GOPJury #GOPJustice #GOPLawyers #GOPLegislature #GOPElections #GOPCongress #GOPHouse #GOPSenators #GOPRepresentatives #GOPGovernors #GOPStateLegislatures #GOP,
3016,2020-10-10 16:10:08,1,arune,"[Gif(thumbnailUrl='https://pbs.twimg.com/tweet_video_thumb/Ej-ucRUU8AAhndc.jpg', variants=[VideoVariant(contentType='video/mp4', url='https://video.twimg.com/tweet_video/Ej-ucRUU8AAhndc.mp4', bitrate=0)])]",diesel,🎉 Saturday vibes at Diesel! 🚀 Dive into our latest collection and let your style shine! 🌟 #Diesel #Saturdays #StyleGoals #Fashionista #DiveIntoTheCollection,
4823,2019-08-18 12:28:27,441,BBCWomansHour,"[Video(thumbnailUrl='https://pbs.twimg.com/ext_tw_video_thumb/1163065071834214400/pu/img/acXC6MdZiPN50zQQ.jpg', variants=[VideoVariant(contentType='application/x-mpegURL', url='https://video.twimg.com/ext_tw_video/1163065071834214400/pu/pl/w2q9G1JBqUvRvsqx.m3u8?tag=10', bitrate=None), VideoVariant(contentType='video/mp4', url='https://video.twimg.com/ext_tw_video/1163065071834214400/pu/vid/480x480/yIp7V9aO9cO8RYZd.mp4?tag=10', bitrate=832000), VideoVariant(contentType='video/mp4', url='https://video.twimg.com/ext_tw_video/1163065071834214400/pu/vid/320x320/mKzH9sp_OyG-2XKw.mp4?tag=10', bitrate=432000), VideoVariant(contentType='video/mp4', url='https://video.twimg.com/ext_tw_video/1163065071834214400/pu/vid/720x720/z90xcPTm_Eloe0x8.mp4?tag=10', bitrate=1280000)], duration=83.8, views=26285)]",bbc,"🎉 Tune in to BBC Women's Hour on Sunday, December 10th at 2 PM EST! 🌟 Whether you're a history buff, a science enthusiast, or just curious about the world around us, there's something for everyone. #BBCWomen'sHour #History #Science #Culture #EngageWithUs",
7822,2018-12-11 20:50:26,220,BBCSport,"[Photo(previewUrl='https://pbs.twimg.com/media/DuKdxtaWkAALcnJ?format=jpg&name=small', fullUrl='https://pbs.twimg.com/media/DuKdxtaWkAALcnJ?format=jpg&name=large'), Photo(previewUrl='https://pbs.twimg.com/media/DuKd47dXQAksgwu?format=jpg&name=small', fullUrl='https://pbs.twimg.com/media/DuKd47dXQAksgwu?format=jpg&name=large')]",bbc,🚨Stay tuned for the latest in sports! 🏏 #BBCSport #TuesdayNight #SportsLovers #StayTuned #EngageWithUs,
93,2020-01-02 14:31:01,2221,LFCUSA,"[Photo(previewUrl='https://pbs.twimg.com/media/ENSHa-1WsAIaZxF?format=jpg&name=small', fullUrl='https://pbs.twimg.com/media/ENSHa-1WsAIaZxF?format=jpg&name=large')]",liverpool,🚨🚨🚨 Liverpool FC is back in action! 🏠💪 #LFC #ThursdayNight #GoAnfield #SupportLFC,
9421,2020-07-23 13:26:33,712,SkyBetChamp,"[Video(thumbnailUrl='https://pbs.twimg.com/ext_tw_video_thumb/1286291428906356737/pu/img/QHE5NSxz_R8ezE0a.jpg', variants=[VideoVariant(contentType='video/mp4', url='https://video.twimg.com/ext_tw_video/1286291428906356737/pu/vid/320x320/apKhJdJhnMIwNqnn.mp4?tag=10', bitrate=432000), VideoVariant(contentType='video/mp4', url='https://video.twimg.com/ext_tw_video/1286291428906356737/pu/vid/720x720/OWmJXfJ8d5RhIP3l.mp4?tag=10', bitrate=1280000), VideoVariant(contentType='video/mp4', url='https://video.twimg.com/ext_tw_video/1286291428906356737/pu/vid/480x480/6OttTl7w6HAD1oLS.mp4?tag=10', bitrate=832000), VideoVariant(contentType='application/x-mpegURL', url='https://video.twimg.com/ext_tw_video/1286291428906356737/pu/pl/z-dDJq6ByueRceWX.m3u8?tag=10', bitrate=None)], duration=30.32, views=56915)]",sky,"🎉 **Thursday, kick off your day with Sky Bet Champ!** 🏃💨 #SkyBet #ChampDay #BetOnSky #SportsFanatics #WinWithSky Bet on your favorite teams and stay ahead in the game. Let's go! #GoSkyBetGo 🏠🚀 #SportsLovers #BetNow #WinNow",
6600,2020-12-15 14:20:00,4519,SkySportsPL,"[Video(thumbnailUrl='https://pbs.twimg.com/media/EpSJaxTXcAEcBNS.jpg', variants=[VideoVariant(contentType='application/x-mpegURL', url='https://video.twimg.com/amplify_video/1338845970919018496/pl/MPf9GB8Sd40hygDx.m3u8?tag=13', bitrate=None), VideoVariant(contentType='video/mp4', url='https://video.twimg.com/amplify_video/1338845970919018496/vid/480x480/E3LOQSwWRfd3emdY.mp4?tag=13', bitrate=832000), VideoVariant(contentType='video/mp4', url='https://video.twimg.com/amplify_video/1338845970919018496/vid/320x320/e9qFFfk-GEkUJZJX.mp4?tag=13', bitrate=432000), VideoVariant(contentType='video/mp4', url='https://video.twimg.com/amplify_video/1338845970919018496/vid/720x720/QYZmr3EgrSaS0Co3.mp4?tag=13', bitrate=1280000)], duration=101.52, views=835153)]",sky,Tweet: 🏠 Liga 1 kicks off at 2 PM! 🚀 Tune in to Sky Sports PL for all the action. #SkySports #L1 #PremierLeague #TuneIn,
4443,2020-07-07 20:54:55,2622,DeadlineWH,"[Video(thumbnailUrl='https://pbs.twimg.com/media/EcWglm2XQAA6HE0.jpg', variants=[VideoVariant(contentType='video/mp4', url='https://video.twimg.com/amplify_video/1280606023305347072/vid/1280x720/zgXxcpPbBD3kJTUk.mp4?tag=13', bitrate=2176000), VideoVariant(contentType='video/mp4', url='https://video.twimg.com/amplify_video/1280606023305347072/vid/480x270/tQeNn_HnmNuviKUc.mp4?tag=13', bitrate=288000), VideoVariant(contentType='application/x-mpegURL', url='https://video.twimg.com/amplify_video/1280606023305347072/pl/Kz5fjCJLeqokOyT9.m3u8?tag=13&v=ecb', bitrate=None), VideoVariant(contentType='video/mp4', url='https://video.twimg.com/amplify_video/1280606023305347072/vid/640x360/oh55EjsP-8bYOq3V.mp4?tag=13', bitrate=832000)], duration=190.785, views=50081)]",house,🚨🚨🚨 #DeadlineWH is here! 🚨🚨🚨 Join us in the #CreativeProcess as we push the boundaries of what's possible. Don't miss your chance to be a part of something special. #StayTuned #SocialMediaMagic #CreativityUnleashed,
7602,2020-06-03 02:25:38,3,USAIDCtrAsia,"[Photo(previewUrl='https://pbs.twimg.com/media/EZjcgWQWkAMQQYA?format=jpg&name=small', fullUrl='https://pbs.twimg.com/media/EZjcgWQWkAMQQYA?format=jpg&name=large')]",usaid,🌍 #USAIDctrAsia is here to make a difference in Asia! 🌍 #GlobalImpact #EmpoweringCommunities #TogetherWeCan #AsiaSucceeds #UnitedWeStand 🚀 #SocialResponsibility #ChangeMakers #AsiaIsTheFuture #AsiaUnites #AsiaGrows #AsiaConnects #AsiaInnovates #AsiaEmpowers #AsiaCares #AsiaLoves #AsiaAdvises #AsiaInspires #AsiaMoves #AsiaHeals,
3835,2020-01-19 18:00:42,30,ZenithBank,"[Photo(previewUrl='https://pbs.twimg.com/media/EOqacbUXUAEkN29?format=jpg&name=small', fullUrl='https://pbs.twimg.com/media/EOqacbUXUAEkN29?format=jpg&name=large')]",zenith,🌞 Sunday night at ZenithBank! 🚀 Our team is working hard to bring you the best in banking services. Remember to follow us on Twitter for exclusive deals and updates. #ZenithBank #SundayNight #BankingTips #FollowUsOnTwitter,
9702,2019-01-07 22:33:41,444,DeadlineWH,"[Video(thumbnailUrl='https://pbs.twimg.com/media/DwV5jRRW0Ao0WLk.jpg', variants=[VideoVariant(contentType='video/mp4', url='https://video.twimg.com/amplify_video/1082404760156864514/vid/640x360/8Cmfx0dM-oPK8VPo.mp4?tag=11', bitrate=832000), VideoVariant(contentType='video/mp4', url='https://video.twimg.com/amplify_video/1082404760156864514/vid/320x180/u01K_BcnLMtyWrX4.mp4?tag=11', bitrate=288000), VideoVariant(contentType='video/mp4', url='https://video.twimg.com/amplify_video/1082404760156864514/vid/1280x720/3V7f9CAGHI-jnk_f.mp4?tag=11', bitrate=2176000), VideoVariant(contentType='application/x-mpegURL', url='https://video.twimg.com/amplify_video/1082404760156864514/pl/HwBwOarg6SBOPFp9.m3u8?tag=11', bitrate=None)], duration=91.592, views=21534)]",house,"🚨Monday Night Madness! Ready to kickstart your week with #DeadlineWH? Let's get creative, stay productive, and make our dreams come true! #MondayMotivation #WorkHardPlayHard #GetItDone",
4322,2019-11-28 15:36:34,14442,ESPNNBA,"[Photo(previewUrl='https://pbs.twimg.com/media/EKeGyBAXkAArh6a?format=jpg&name=small', fullUrl='https://pbs.twimg.com/media/EKeGyBAXkAArh6a?format=jpg&name=large')]",espn,"🚨Stay tuned for the latest in sports! 🏏 ESPN is here to bring you the best games, insights, and stories from around the world. Don't miss out on the action! #ESPN #SportsLovers #StayTuned",
3394,2018-01-20 23:15:07,296,HouseGOP,"[Video(thumbnailUrl='https://pbs.twimg.com/amplify_video_thumb/954842282783662080/img/fuLw_JHcP7iogZcS.jpg', variants=[VideoVariant(contentType='application/x-mpegURL', url='https://video.twimg.com/amplify_video/954842282783662080/pl/wQvDA3QlTFTFoOnI.m3u8', bitrate=None), VideoVariant(contentType='video/mp4', url='https://video.twimg.com/amplify_video/954842282783662080/vid/320x180/ZyzSowJM3Y_AiJ-A.mp4', bitrate=320000), VideoVariant(contentType='video/mp4', url='https://video.twimg.com/amplify_video/954842282783662080/vid/640x360/cDXptteOJSE-m8Vz.mp4', bitrate=832000), VideoVariant(contentType='video/mp4', url='https://video.twimg.com/amplify_video/954842282783662080/vid/1280x720/H27PQsKnugVeQNVb.mp4', bitrate=2176000)], duration=115.709, views=7796)]",house,🚨Stay tuned for the #HouseGOP's special Saturday night treat! Don't miss out on our exclusive performance tonight at 10 PM. #StayTuned #GoHouseGOP #SaturdayNight #LiveStreaming #Entertainment #StayHome #StaySafe,
4752,2018-04-25 22:45:37,181,BBCSport,"[Photo(previewUrl='https://pbs.twimg.com/media/DbqbrWAWAAAfF9E?format=jpg&name=small', fullUrl='https://pbs.twimg.com/media/DbqbrWAWAAAfF9E?format=jpg&name=large')]",bbc,🎉Stay tuned for the latest in sports! 🏏 #BBCSport Wednesdays are always packed with exciting matches and insightful analysis. Tune in at 10pm for your favorite teams and athletes. #SportsLovers #EngageWithUs #StayTuned,
7229,2020-12-03 17:59:57,594,sonymusic,"[Video(thumbnailUrl='https://pbs.twimg.com/ext_tw_video_thumb/1334557906700742659/pu/img/FodrWyIdQVWRQyji.jpg', variants=[VideoVariant(contentType='application/x-mpegURL', url='https://video.twimg.com/ext_tw_video/1334557906700742659/pu/pl/jehrWLBuQgKvgOAI.m3u8?tag=10', bitrate=None), VideoVariant(contentType='video/mp4', url='https://video.twimg.com/ext_tw_video/1334557906700742659/pu/vid/720x720/3xBKa17IQvTsOzVD.mp4?tag=10', bitrate=1280000), VideoVariant(contentType='video/mp4', url='https://video.twimg.com/ext_tw_video/1334557906700742659/pu/vid/320x320/G_3arn6kwOQ_fsGe.mp4?tag=10', bitrate=432000), VideoVariant(contentType='video/mp4', url='https://video.twimg.com/ext_tw_video/1334557906700742659/pu/vid/480x480/hH7o9IgdlPbaShP5.mp4?tag=10', bitrate=832000)], duration=30.56, views=2637)]",sony,"🎉Stay tuned for Sony Music's latest releases! 🎶 Whether you're a fan of pop, rock, or classical, Sony Music has something for everyone. #SonyMusic #MusicLovers #StayTuned",
9191,2019-01-05 22:45:00,163,BBCSport,"[Photo(previewUrl='https://pbs.twimg.com/media/DwKus6iWkAACNhR?format=jpg&name=small', fullUrl='https://pbs.twimg.com/media/DwKus6iWkAACNhR?format=jpg&name=large')]",bbc,"🚨Stay tuned for the latest in sports! 🏏🏃‍♀️ Whether it's football, rugby, cricket, or any other sport you love, we've got you covered. #BBCSport #SportsLovers #StayTuned",
2361,2019-06-01 22:33:03,4,chaptersindigo,"[Photo(previewUrl='https://pbs.twimg.com/media/D8Ans5zWsAIM0CR?format=jpg&name=small', fullUrl='https://pbs.twimg.com/media/D8Ans5zWsAIM0CR?format=jpg&name=large'), Photo(previewUrl='https://pbs.twimg.com/media/D8AntE3W4AU807E?format=jpg&name=small', fullUrl='https://pbs.twimg.com/media/D8AntE3W4AU807E?format=jpg&name=large')]",indigo,"🎉 Saturday night is here! 🌙✨ #ChaptersIndigo is all about embracing the magic of the evening. Whether you're chilling at home or out with friends, let's make memories together. #IndieBooks #BookLovers #ReadAndLive",
1148,2019-06-11 14:39:00,243,BBCSport,"[Photo(previewUrl='https://pbs.twimg.com/media/D8xWZdZXoAAiHpO?format=png&name=small', fullUrl='https://pbs.twimg.com/media/D8xWZdZXoAAiHpO?format=png&name=large')]",bbc,🎉Stay tuned for the latest in sports! 🏏 #BBCSport #TuesdayTuneIn #SportsLovers #StayConnected #EngageWithUs,
5666,2019-12-16 18:53:14,202,BBCPanorama,"[Video(thumbnailUrl='https://pbs.twimg.com/ext_tw_video_thumb/1206648314197880835/pu/img/WWVe0ZMlp00WRuzp.jpg', variants=[VideoVariant(contentType='video/mp4', url='https://video.twimg.com/ext_tw_video/1206648314197880835/pu/vid/480x480/yapleAyPj3OeEe9d.mp4?tag=10', bitrate=832000), VideoVariant(contentType='video/mp4', url='https://video.twimg.com/ext_tw_video/1206648314197880835/pu/vid/720x720/YqId2cIskb-KBr39.mp4?tag=10', bitrate=1280000), VideoVariant(contentType='video/mp4', url='https://video.twimg.com/ext_tw_video/1206648314197880835/pu/vid/320x320/NH0XHcFiaseIt7kJ.mp4?tag=10', bitrate=432000), VideoVariant(contentType='application/x-mpegURL', url='https://video.twimg.com/ext_tw_video/1206648314197880835/pu/pl/y6g5vLkjNcwhAyM_.m3u8?tag=10', bitrate=None)], duration=137.96, views=19139)]",bbc,"👋 Good morning, everyone! 🌥️ Let's kick off the week with a bang! Tune in to BBC Panorama at 6pm for the latest news and analysis. #BBC #Panorama #MondayNight #NewsHour #StayInformed #EngageWithUs",
8075,2019-08-05 13:50:00,752,BBCSport,"[Photo(previewUrl='https://pbs.twimg.com/media/EBNYLiuX4AA5y0d?format=jpg&name=small', fullUrl='https://pbs.twimg.com/media/EBNYLiuX4AA5y0d?format=jpg&name=large')]",bbc,"Monday morning, kickstart your day with #BBCSport! 🏃💨 Whether you're a fan or just curious, we've got you covered with the latest sports news, insights, and more. Tune in or follow us to stay ahead of the game. #StayConnected #SportsLovers #EngageWithUs",
4943,2020-10-26 13:54:15,539,SkySportsF1,"[Video(thumbnailUrl='https://pbs.twimg.com/media/ElQoiNlXYAcVqRP.jpg', variants=[VideoVariant(contentType='video/mp4', url='https://video.twimg.com/amplify_video/1320724061132083206/vid/1280x720/jPzT4jPAVDVr8Blp.mp4?tag=13', bitrate=2176000), VideoVariant(contentType='video/mp4', url='https://video.twimg.com/amplify_video/1320724061132083206/vid/480x270/iWuTjeJB72VGklz4.mp4?tag=13', bitrate=288000), VideoVariant(contentType='application/x-mpegURL', url='https://video.twimg.com/amplify_video/1320724061132083206/pl/JM0_mgzqDxlas823.m3u8?tag=13', bitrate=None), VideoVariant(contentType='video/mp4', url='https://video.twimg.com/amplify_video/1320724061132083206/vid/640x360/-YqAIJewVhdQTBrD.mp4?tag=13', bitrate=832000)], duration=35.52, views=15294)]",sky,"🚀 **Good morning, F1 fans!** 🚀 #SkySports #F1 #MondayMotorsport #RacingIsBack",
3663,2020-01-29 19:57:00,553,DoctorWho_BBCA,"[Video(thumbnailUrl='https://pbs.twimg.com/media/EPUibhHW4AE4YVa.jpg', variants=[VideoVariant(contentType='video/mp4', url='https://video.twimg.com/amplify_video/1221920165710958593/vid/1280x720/MauLxuARmNgHR1Gw.mp4?tag=13', bitrate=2176000), VideoVariant(contentType='video/mp4', url='https://video.twimg.com/amplify_video/1221920165710958593/vid/640x360/WSG0zch-FxvmjkVd.mp4?tag=13', bitrate=832000), VideoVariant(contentType='video/mp4', url='https://video.twimg.com/amplify_video/1221920165710958593/vid/480x270/ObdriwDjz_RlqqnY.mp4?tag=13', bitrate=288000), VideoVariant(contentType='application/x-mpegURL', url='https://video.twimg.com/amplify_video/1221920165710958593/pl/7XNVPSVforKgIVlb.m3u8?tag=13', bitrate=None)], duration=75.44, views=33453)]",bbc,🎉 **Wednesday Night Special!** 🌟 Join us for a time-traveling adventure in **Doctor Who** at 9 PM! #DoctorWho #BBCA #TimeTraveler #WednesdayNight #SciFiFanatics,
1563,2019-08-28 15:46:34,592,UCLAFootball,"[Photo(previewUrl='https://pbs.twimg.com/media/EDEWzPiVAAA-ALA?format=jpg&name=small', fullUrl='https://pbs.twimg.com/media/EDEWzPiVAAA-ALA?format=jpg&name=large'), Photo(previewUrl='https://pbs.twimg.com/media/EDEWzPhU4AEdB-f?format=jpg&name=small', fullUrl='https://pbs.twimg.com/media/EDEWzPhU4AEdB-f?format=jpg&name=large')]",ucla,🚨Stay tuned for UCLA's thrilling football action! 🏠🏈 #UCLA #FootballFanatics #GameTime #StayTuned #GoBruins,
4113,2020-08-10 13:38:11,47,NewIndianXpress,"[Photo(previewUrl='https://pbs.twimg.com/media/EfECXMvU0AUdZIS?format=jpg&name=small', fullUrl='https://pbs.twimg.com/media/EfECXMvU0AUdZIS?format=jpg&name=large')]",express,"🎉 Monday Morning Motivation! Ready to kickstart your week with #Express, where every journey is a step closer to your goals. Let's make Monday the best day of the week! 🚀 #WorkHardPlayHard #MondayMotivation #ExpressLife",
9050,2018-10-21 16:00:01,0,rbcgamnews,"[Photo(previewUrl='https://pbs.twimg.com/media/DqCzcVdX0AAdKJ7?format=jpg&name=small', fullUrl='https://pbs.twimg.com/media/DqCzcVdX0AAdKJ7?format=jpg&name=large')]",rbc,"🎉Stay tuned for the latest from @RBCGamNews! 🚀 Join us for the best in gaming, finance, and everything in between. Don't miss out on the action! #RBC #Gaming #Finance #StayTuned",
9276,2019-10-07 18:02:16,1,Zenith_USA,"[Photo(previewUrl='https://pbs.twimg.com/media/EGS1dRaWkAAeRHS?format=jpg&name=small', fullUrl='https://pbs.twimg.com/media/EGS1dRaWkAAeRHS?format=jpg&name=large')]",zenith,Hey Zenith family! Ready to kickstart your Monday with a bang? 🚀 #ZenithUSA #MondayMotivation #StartYourDayStrong #WorkFromHome #GetFit #StayHealthy #MotivationMonday,
8538,2020-03-06 08:21:14,251,bnpp_cardif,"[Photo(previewUrl='https://pbs.twimg.com/media/ESaYiEoU8AIp2qE?format=jpg&name=small', fullUrl='https://pbs.twimg.com/media/ESaYiEoU8AIp2qE?format=jpg&name=large')]",bnp paribas,"🎉 Friday is here, and so is the perfect time to celebrate with BNP Paribas! 🌟 #BNPParibas #FridayFunday #FinanceFrenzy",
795,2020-07-07 11:40:00,563,BBCSport,"[Photo(previewUrl='https://pbs.twimg.com/media/EcURMVyXYAIs_8l?format=png&name=small', fullUrl='https://pbs.twimg.com/media/EcURMVyXYAIs_8l?format=png&name=large')]",bbc,"🎉Stay tuned for the latest in sports, science, and culture from around the world! #BBCSport #StayInformed",
5854,2020-08-03 19:00:46,3,CoachDaveLove,"[Photo(previewUrl='https://pbs.twimg.com/media/EehJYzEXYAEtW3E?format=jpg&name=small', fullUrl='https://pbs.twimg.com/media/EehJYzEXYAEtW3E?format=jpg&name=large')]",coach,Hey CoachDaveLove! 🏃🏋️‍♂️ #MondayMotivation #StayFit #HealthyHabits #Workout #FitnessGoals #MotivationMonday #GetFit #StayStrong,
7619,2020-04-22 17:41:33,2105,SkyNews,"[Video(thumbnailUrl='https://pbs.twimg.com/media/EWObkydXQAAW1j7.jpg', variants=[VideoVariant(contentType='video/mp4', url='https://video.twimg.com/ext_tw_video/1253013432326139904/pu/vid/720x720/diRamNgSHqj_iutV.mp4?tag=10', bitrate=1280000), VideoVariant(contentType='video/mp4', url='https://video.twimg.com/ext_tw_video/1253013432326139904/pu/vid/320x320/jxbzuMNS8KX-i64l.mp4?tag=10', bitrate=432000), VideoVariant(contentType='video/mp4', url='https://video.twimg.com/ext_tw_video/1253013432326139904/pu/vid/480x480/9i5czmWdZhB0Brh2.mp4?tag=10', bitrate=832000), VideoVariant(contentType='application/x-mpegURL', url='https://video.twimg.com/ext_tw_video/1253013432326139904/pu/pl/kdebZIYJXiDBmsid.m3u8?tag=10', bitrate=None)], duration=121.2, views=325111)]",sky,🎉Stay tuned for the latest news from all over the world! 🌍 #SkyNews #BreakingNews #StayInformed,
1594,2019-06-01 12:45:06,16,Iammeetrehal,"[Video(thumbnailUrl='https://pbs.twimg.com/ext_tw_video_thumb/1134802934557007872/pu/img/sLpR0GhHfUGdk43U.jpg', variants=[VideoVariant(contentType='video/mp4', url='https://video.twimg.com/ext_tw_video/1134802934557007872/pu/vid/480x480/7m35cY_59chrhNby.mp4?tag=9', bitrate=832000), VideoVariant(contentType='video/mp4', url='https://video.twimg.com/ext_tw_video/1134802934557007872/pu/vid/720x720/djVCcxeXau_aBPR4.mp4?tag=9', bitrate=1280000), VideoVariant(contentType='video/mp4', url='https://video.twimg.com/ext_tw_video/1134802934557007872/pu/vid/320x320/0yJaQ2olffXnnZHF.mp4?tag=9', bitrate=432000), VideoVariant(contentType='application/x-mpegURL', url='https://video.twimg.com/ext_tw_video/1134802934557007872/pu/pl/JhNTtRkMJJ5O7Jx8.m3u8?tag=9', bitrate=None)], duration=48.427, views=208)]",coach,"🎉 Saturday is here, and so is the perfect time to kick back, relax, and unwind! 🌍✨ Whether you're looking to recharge or just want to enjoy some downtime, #MeetRehal is here to help you achieve your goals. Let's make Saturday the best day of the week! 💪 #WorkLifeBalance #FitnessGoals",
7418,2020-09-19 22:15:04,5,USAIDEducation,"[Photo(previewUrl='https://pbs.twimg.com/media/EiT4lacXYAEfnjp?format=png&name=small', fullUrl='https://pbs.twimg.com/media/EiT4lacXYAEfnjp?format=png&name=large')]",usaid,"🎉Join us in celebrating Saturday night with a dose of education! 🌟 Whether you're a student, educator, or just looking to learn something new, we've got you covered. Let's make learning fun and exciting! #USAIDEducation #LearnTogether #SaturdayNight #EducationIsForEveryone",
5267,2018-11-19 14:04:18,203,googlemaps,"[Gif(thumbnailUrl='https://pbs.twimg.com/tweet_video_thumb/DsXunxpUcAINfi2.jpg', variants=[VideoVariant(contentType='video/mp4', url='https://video.twimg.com/tweet_video/DsXunxpUcAINfi2.mp4', bitrate=0)])]",google,"Hey everyone! Ready to explore the world around you? 🌍✨ Whether you're looking for a new place to visit or just want to find the best route to your destination, Google Maps is here to help! #GoogleMaps #ExploreTheWorld #FindYourWay",
7147,2019-09-24 14:59:12,2,Zenith_USA,"[Photo(previewUrl='https://pbs.twimg.com/media/EFPO4oxWwAAOxJh?format=jpg&name=small', fullUrl='https://pbs.twimg.com/media/EFPO4oxWwAAOxJh?format=jpg&name=large')]",zenith,"🎉 #ZenithUSA is here to make your Tuesday extra special! 🌟 Whether you're in the office or on the go, let us elevate your day with our unique blend of comfort and style. Dive into the world of Zenith and experience the difference for yourself! 🛖️✨ #Luxury #Comfort #Style #TuesdayGoals",
89,2019-07-20 18:57:48,29475,HoHighlights,"[Video(thumbnailUrl='https://pbs.twimg.com/ext_tw_video_thumb/1152653784419622912/pu/img/bn1si8rNAaZAAFJo.jpg', variants=[VideoVariant(contentType='video/mp4', url='https://video.twimg.com/ext_tw_video/1152653784419622912/pu/vid/480x600/laYicVEMcbZBgnqH.mp4?tag=10', bitrate=2176000), VideoVariant(contentType='application/x-mpegURL', url='https://video.twimg.com/ext_tw_video/1152653784419622912/pu/pl/IhLuwgZPw3wr9I2a.m3u8?tag=10', bitrate=None), VideoVariant(contentType='video/mp4', url='https://video.twimg.com/ext_tw_video/1152653784419622912/pu/vid/320x400/wxjm7gbodabKrxQx.mp4?tag=10', bitrate=632000), VideoVariant(contentType='video/mp4', url='https://video.twimg.com/ext_tw_video/1152653784419622912/pu/vid/360x450/FbTEZfs2Bis4DJ6h.mp4?tag=10', bitrate=832000)], duration=59.034, views=796965)]",house,"🎉 Saturday night is here! 🌆✨ Let's celebrate with #HoHighlights, the ultimate destination for all your home decor needs. From stylish furniture to cozy blankets, we've got everything you need to make your space feel like home. Don't miss out on the best deals of the season! 🛍️ #ShopHoHighlights #HomeDecorLovers",
8695,2019-07-04 09:21:52,276,BBCSport,"[Photo(previewUrl='https://pbs.twimg.com/media/D-nvB3mXUAAypNa?format=jpg&name=small', fullUrl='https://pbs.twimg.com/media/D-nvB3mXUAAypNa?format=jpg&name=large')]",bbc,"🚨Stay tuned for the latest in sports! 🏏🏃‍♀️ Whether it's football, rugby, cricket, or any other sport you love, we've got you covered. #BBCSport #SportsLovers #StayInformed",
9732,2020-10-15 10:00:13,514,BBCNewsPR,"[Video(thumbnailUrl='https://pbs.twimg.com/ext_tw_video_thumb/1316666699752538112/pu/img/r6kZI9pVlSjwp_st.jpg', variants=[VideoVariant(contentType='application/x-mpegURL', url='https://video.twimg.com/ext_tw_video/1316666699752538112/pu/pl/bSaW0Wwci0JoN9Se.m3u8?tag=10', bitrate=None), VideoVariant(contentType='video/mp4', url='https://video.twimg.com/ext_tw_video/1316666699752538112/pu/vid/320x320/JLIu7ggBa66uC4Hm.mp4?tag=10', bitrate=432000), VideoVariant(contentType='video/mp4', url='https://video.twimg.com/ext_tw_video/1316666699752538112/pu/vid/480x480/TSGwA-xfGwR4Yisd.mp4?tag=10', bitrate=832000), VideoVariant(contentType='video/mp4', url='https://video.twimg.com/ext_tw_video/1316666699752538112/pu/vid/576x576/Y9epYe7UFMDX1M70.mp4?tag=10', bitrate=1280000)], duration=59.96, views=153940)]",bbc,🎉Stay tuned for the latest news from BBC News! 🌍 #BBCNews #BreakingNews #StayInformed,
9446,2019-04-07 08:50:00,1218,BBCSport,"[Photo(previewUrl='https://pbs.twimg.com/media/D3gPBr-XsAE5RJf?format=png&name=small', fullUrl='https://pbs.twimg.com/media/D3gPBr-XsAE5RJf?format=png&name=large')]",bbc,"🎉 Tune in to BBC Sport for the best in sports news, analysis, and more! 🏏🏃‍♀️🏋️‍♂️ #BBCSport #SportsNews #StayConnected #EngageWithUs",
6754,2019-03-20 12:12:34,300,BBCPolitics,"[Video(thumbnailUrl='https://pbs.twimg.com/media/D2Gd2pFVAAErh4C.jpg', variants=[VideoVariant(contentType='video/mp4', url='https://video.twimg.com/amplify_video/1108340387867848705/vid/640x360/KWZcegoAXYL35MWP.mp4?tag=11', bitrate=832000), VideoVariant(contentType='video/mp4', url='https://video.twimg.com/amplify_video/1108340387867848705/vid/1280x720/SZFAegju3R45aasZ.mp4?tag=11', bitrate=2176000), VideoVariant(contentType='application/x-mpegURL', url='https://video.twimg.com/amplify_video/1108340387867848705/pl/GawZ80GwAOfg0ikg.m3u8?tag=11', bitrate=None), VideoVariant(contentType='video/mp4', url='https://video.twimg.com/amplify_video/1108340387867848705/vid/320x180/CC-bcmiOlY_fpEPC.mp4?tag=11', bitrate=288000)], duration=92.834, views=84293)]",bbc,Stay tuned for the latest on #BBCPolitics with breaking news and expert analysis throughout the day. Don't miss a beat! #StayInformed #BBCNews #EngageWithUs,
3502,2019-04-21 17:00:01,209,BBCOne,"[Video(thumbnailUrl='https://pbs.twimg.com/media/D4isvIgWwAESEkp.jpg', variants=[VideoVariant(contentType='application/x-mpegURL', url='https://video.twimg.com/amplify_video/1119328488975228928/pl/NOHZ_4lxPrBgQ_kE.m3u8?tag=11', bitrate=None), VideoVariant(contentType='video/mp4', url='https://video.twimg.com/amplify_video/1119328488975228928/vid/320x320/LVhksb4IjJEpbD1v.mp4?tag=11', bitrate=432000), VideoVariant(contentType='video/mp4', url='https://video.twimg.com/amplify_video/1119328488975228928/vid/720x720/OaNYFaQhWUD64K18.mp4?tag=11', bitrate=1280000), VideoVariant(contentType='video/mp4', url='https://video.twimg.com/amplify_video/1119328488975228928/vid/480x480/YUas8xyWWrO1ph64.mp4?tag=11', bitrate=832000)], duration=104.64, views=18986)]",bbc,"🎉Stay tuned for the best of BBC at 7pm! Tune in for the latest news, documentaries, and more. #BBCOne #News #Documentary #StayTuned #EngageWithUs",
2234,2019-11-13 07:03:00,677,5liveSport,"[Video(thumbnailUrl='https://pbs.twimg.com/amplify_video_thumb/1194368969949532160/img/L3KZ7_I7XGdYqmta.jpg', variants=[VideoVariant(contentType='application/x-mpegURL', url='https://video.twimg.com/amplify_video/1194368969949532160/pl/BiHxXJmnm6asRGS_.m3u8?tag=13', bitrate=None), VideoVariant(contentType='video/mp4', url='https://video.twimg.com/amplify_video/1194368969949532160/vid/720x720/KsqbPZhEeKtoLa0a.mp4?tag=13', bitrate=1280000), VideoVariant(contentType='video/mp4', url='https://video.twimg.com/amplify_video/1194368969949532160/vid/480x480/iCfLSa0G_xgl2b35.mp4?tag=13', bitrate=832000), VideoVariant(contentType='video/mp4', url='https://video.twimg.com/amplify_video/1194368969949532160/vid/320x320/r1pt11D95vdT0qfx.mp4?tag=13', bitrate=432000)], duration=176.12, views=86064)]",bbc,🎉Stay tuned for the best of the week in sports! 🏏 #5LiveSport #BBC #SportsLovers #StayTuned #EngageWithUs,
2803,2020-09-04 22:47:02,4074,NASAPersevere,"[Photo(previewUrl='https://pbs.twimg.com/media/EhGwC-IX0AAXXPO?format=jpg&name=small', fullUrl='https://pbs.twimg.com/media/EhGwC-IX0AAXXPO?format=jpg&name=large')]",mars,"🎉 Friday night is here, and so is the perfect time to indulge in the ultimate space adventure! 🚀 #MarsPerseverance #NASA #SpaceExploration #Innovate #ExploreTheUniverse",
4424,2019-04-02 19:19:02,4,IndigoTeen,"[Photo(previewUrl='https://pbs.twimg.com/media/D3K76OMXkAIvWd4?format=jpg&name=small', fullUrl='https://pbs.twimg.com/media/D3K76OMXkAIvWd4?format=jpg&name=large')]",indigo,"🎉Hey Indigo Teen! 🌟 It's time for another exciting day of learning and fun! Let's make the most of our time together. Remember, every moment is a chance to grow and connect. #IndigoCommunity #TuesdayNight #ConnectWithIndigo #LearnAndHaveFun",
5663,2018-06-10 18:31:03,103,FinishLine,"[Photo(previewUrl='https://pbs.twimg.com/media/DfWajqFXkAAtUxo?format=jpg&name=small', fullUrl='https://pbs.twimg.com/media/DfWajqFXkAAtUxo?format=jpg&name=large')]",finish line,"🎉🏃‍♀️💨 Ready to race? 🚗💨 #FinishLine is here to help you reach your running goals. Whether you're a seasoned pro or just starting out, we've got the gear and guidance to get you there. Join us on the road to victory! 🏃💨 #RunWithFinishLine #SundayAfternoon #FitnessGoals #Endurance #TrackAndField #RunnersUnite",
7170,2018-10-26 14:42:15,113,BofA_News,"[Photo(previewUrl='https://pbs.twimg.com/media/DqcRM_sV4AAXR_5?format=jpg&name=small', fullUrl='https://pbs.twimg.com/media/DqcRM_sV4AAXR_5?format=jpg&name=large')]",bank of america,"🎉 Friday is here, and so is your chance to save big at BofA! 💰💰💰 #BankOfAmerica #FridaysAreForSaving #MoneyMatters",
8337,2019-12-28 19:15:56,1033,SkySportsStatto,"[Photo(previewUrl='https://pbs.twimg.com/media/EM5YrpJW4AAZJuX?format=jpg&name=small', fullUrl='https://pbs.twimg.com/media/EM5YrpJW4AAZJuX?format=jpg&name=large')]",sky,🚨 #SkySports 🏃 #Football 🏠 #Tennis 🏄 #Cricket 🏘 #Golf 🎶 #Basketball 🏀 #Volleyball 🥊 #Swimming 🏊 #Running 🥋 #Cycling 🚴 #Yoga 🧘 #Weightlifting 🏋️ #CrossFit 🥅 #Gymnastics 🎵 #Dance 🎤 #Photography 📸 #,
2148,2018-11-11 09:21:37,45,FinancialXpress,"[Photo(previewUrl='https://pbs.twimg.com/media/DrthocmVAAAW5oh?format=jpg&name=small', fullUrl='https://pbs.twimg.com/media/DrthocmVAAAW5oh?format=jpg&name=large')]",express,"🎉 Sunday Morning Motivation! Ready to take on the day with FinancialXpress? 🚀 Whether you're saving, investing, or just staying on top of your finances, we've got you covered. Let's make 2023 your best year yet! 💰✨ #FinancialFreedom #SundayMotivation #InvestWithXpress",
7969,2018-10-12 08:41:06,0,CoachwithTish,"[Gif(thumbnailUrl='https://pbs.twimg.com/tweet_video_thumb/DpS4q0qU4AUD4Tj.jpg', variants=[VideoVariant(contentType='video/mp4', url='https://video.twimg.com/tweet_video/DpS4q0qU4AUD4Tj.mp4', bitrate=0)])]",coach,"🎉 Friday is here, and so is the perfect opportunity to kick back, relax, and unwind! 🌍✨ Whether you're looking to unwind or just need a break from the grind, let Coach with Tish be your go-to source for all your relaxation needs. #Relax #FridayNight #SelfCare #Coaching #TishWithCoach",
6551,2020-07-20 03:03:32,15981,espn,"[Photo(previewUrl='https://pbs.twimg.com/media/EdVoCeMXoAEUp2Q?format=png&name=small', fullUrl='https://pbs.twimg.com/media/EdVoCeMXoAEUp2Q?format=png&name=large')]",espn,**Monday Morning Motivation: Ready to tackle the week ahead? Let's do it! 🏃💪 #MondayMotivation #StartYourDayStrong #Esports #Sports #Fitness #MotivationMonday #MondayMood #GetFit #HealthyHabits #TeamEsports**,
7643,2020-01-03 16:00:31,8780,ESPNFC,"[Video(thumbnailUrl='https://pbs.twimg.com/ext_tw_video_thumb/1213127941158256642/pu/img/Y-UK3BdmlfPGl3WG.jpg', variants=[VideoVariant(contentType='video/mp4', url='https://video.twimg.com/ext_tw_video/1213127941158256642/pu/vid/480x480/_6EDSv3IYqiEpleo.mp4?tag=10', bitrate=832000), VideoVariant(contentType='application/x-mpegURL', url='https://video.twimg.com/ext_tw_video/1213127941158256642/pu/pl/9ikiEdxBUVIOhkUP.m3u8?tag=10', bitrate=None), VideoVariant(contentType='video/mp4', url='https://video.twimg.com/ext_tw_video/1213127941158256642/pu/vid/320x320/ADMVIMvYkeemOXZt.mp4?tag=10', bitrate=432000), VideoVariant(contentType='video/mp4', url='https://video.twimg.com/ext_tw_video/1213127941158256642/pu/vid/720x720/KFmBIiMBeprDDJnD.mp4?tag=10', bitrate=1280000)], duration=32.991, views=881396)]",espn,"🚨🚨🚨 Friday at ESPN! 🏃🏃🏃 Get ready for the latest in sports news, analysis, and more. Tune in at 6 PM EST. #ESPNFC #SportsLovers #StayTuned",
6164,2020-03-20 03:30:10,0,UPMCPhysicianEd,"[Video(thumbnailUrl='https://pbs.twimg.com/ext_tw_video_thumb/1240843021257707520/pu/img/ekfazK3Vu7EYK24R.jpg', variants=[VideoVariant(contentType='video/mp4', url='https://video.twimg.com/ext_tw_video/1240843021257707520/pu/vid/480x270/-q6MAxQanf1zxJsI.mp4?tag=10', bitrate=256000), VideoVariant(contentType='video/mp4', url='https://video.twimg.com/ext_tw_video/1240843021257707520/pu/vid/640x360/HkyOcc1VE6ZPuH4B.mp4?tag=10', bitrate=832000), VideoVariant(contentType='video/mp4', url='https://video.twimg.com/ext_tw_video/1240843021257707520/pu/vid/1280x720/hULQurxijA45T69Q.mp4?tag=10', bitrate=2176000), VideoVariant(contentType='application/x-mpegURL', url='https://video.twimg.com/ext_tw_video/1240843021257707520/pu/pl/inMyiPIP6GMZAgY5.m3u8?tag=10', bitrate=None)], duration=3.003, views=71)]",upmc,"🎉 Friday is here, and so is your chance to learn more about UPMC Physician Education! 🚀 Whether you're a seasoned professional or just starting your journey, we've got the tools and resources to help you reach new heights in your career. #UPMCphysicianEd #HealthcareLeadership #ProfessionalDevelopment",
1495,2019-03-10 12:32:48,2643,SkySportsStatto,"[Photo(previewUrl='https://pbs.twimg.com/media/D1TCfnsW0AAB0XD?format=jpg&name=small', fullUrl='https://pbs.twimg.com/media/D1TCfnsW0AAB0XD?format=jpg&name=large')]",sky,"🎉 Sunday kick-off! 🏃💨 Tune in to Sky Sports Statto for all the latest news, stats, and highlights. Don't miss out on the action! #SkySports #SundaySports #StayTuned",
7696,2019-09-04 22:16:11,165,BBCNewsnight,"[Video(thumbnailUrl='https://pbs.twimg.com/media/EDpzG2RUwAE4Fzd.jpg', variants=[VideoVariant(contentType='video/mp4', url='https://video.twimg.com/amplify_video/1169373484046143488/vid/480x270/J6M1goj3lT4WmvGS.mp4?tag=13', bitrate=288000), VideoVariant(contentType='video/mp4', url='https://video.twimg.com/amplify_video/1169373484046143488/vid/1280x720/fKbxt5z3GaYCWtaP.mp4?tag=13', bitrate=2176000), VideoVariant(contentType='video/mp4', url='https://video.twimg.com/amplify_video/1169373484046143488/vid/640x360/4gT9lZ8Sc_HPdMOl.mp4?tag=13', bitrate=832000), VideoVariant(contentType='application/x-mpegURL', url='https://video.twimg.com/amplify_video/1169373484046143488/pl/BmIch6SQHkfT19L1.m3u8?tag=13', bitrate=None)], duration=87.267, views=18223)]",bbc,🎉Stay tuned for the latest from BBC News tonight at 10pm! #BBC #Newsnight #2200pm #BreakingNews #StayInformed,
7094,2019-05-26 14:24:40,8291,espn,"[Video(thumbnailUrl='https://pbs.twimg.com/ext_tw_video_thumb/1132653698134544386/pu/img/EvJrUaQGr49YriQJ.jpg', variants=[VideoVariant(contentType='video/mp4', url='https://video.twimg.com/ext_tw_video/1132653698134544386/pu/vid/320x180/vMAgjAM9COgV_t64.mp4?tag=9', bitrate=256000), VideoVariant(contentType='video/mp4', url='https://video.twimg.com/ext_tw_video/1132653698134544386/pu/vid/640x360/IReznB5tHJMnRPuX.mp4?tag=9', bitrate=832000), VideoVariant(contentType='video/mp4', url='https://video.twimg.com/ext_tw_video/1132653698134544386/pu/vid/1280x720/mNyySsflaWSEzFMO.mp4?tag=9', bitrate=2176000), VideoVariant(contentType='application/x-mpegURL', url='https://video.twimg.com/ext_tw_video/1132653698134544386/pu/pl/30WLr22RjN5nmOkz.m3u8?tag=9', bitrate=None)], duration=40.674, views=605397)]",espn,🎉Stay tuned for the latest in sports! 🏏 #Esports #Soccer #Basketball #Baseball #Golf #Tennis #NFL #MLB #NBA #WNBA #NHL #Lakers #Raptors #Warriors #Giants #Yankees #RedSox #Diamondbacks #Dodgers #Angels #Cubs #Cardinals #Mariners #Rangers #BlueJays #Orioles #Tigers #WhiteSox,
1409,2019-07-03 11:28:33,403,bbc5live,"[Video(thumbnailUrl='https://pbs.twimg.com/media/D-jCtkuUIAAJHmi.jpg', variants=[VideoVariant(contentType='application/x-mpegURL', url='https://video.twimg.com/amplify_video/1146379760932515843/pl/5lARPl3-YPwUOqus.m3u8?tag=13', bitrate=None), VideoVariant(contentType='video/mp4', url='https://video.twimg.com/amplify_video/1146379760932515843/vid/1280x720/9bmuSxX0S_JtZZnU.mp4?tag=13', bitrate=2176000), VideoVariant(contentType='video/mp4', url='https://video.twimg.com/amplify_video/1146379760932515843/vid/640x360/vWQLh6pIUDJZvLk7.mp4?tag=13', bitrate=832000), VideoVariant(contentType='video/mp4', url='https://video.twimg.com/amplify_video/1146379760932515843/vid/480x270/F04zvVprWE1v_hC1.mp4?tag=13', bitrate=288000)], duration=299.9, views=123989)]",bbc,🎉Stay tuned for the latest news and updates from BBC 5 Live! 🌍 #BBC5Live #NewsNow #StayInformed,
6691,2018-10-18 14:00:04,1,FootLockerWomen,"[Photo(previewUrl='https://pbs.twimg.com/media/Dpy7N2eX4AAMBFd?format=jpg&name=small', fullUrl='https://pbs.twimg.com/media/Dpy7N2eX4AAMBFd?format=jpg&name=large')]",foot locker,Hey FootLockerGirls! 🌟 Ready to kickstart your weekend with the latest in athletic gear? 🏃💨 #FootLocker #AthleteLife #FitnessGoals #GetFit #StayActive,
3401,2020-01-15 16:54:59,17,Iammeetrehal,"[Photo(previewUrl='https://pbs.twimg.com/media/EOVlCQ2W4AAPazd?format=jpg&name=small', fullUrl='https://pbs.twimg.com/media/EOVlCQ2W4AAPazd?format=jpg&name=large')]",coach,"🎉Hey everyone! Today's Wednesday, and it's the perfect time to kickstart your week with a #MotivationalMonday. Remember, every day is a new chapter in your journey. Let's #StayMotivated and chase our dreams together! #IamMeetRehal #WednesdayMotivation",
109,2019-10-01 08:50:38,263,bbcideas,"[Video(thumbnailUrl='https://pbs.twimg.com/media/Dks-xz8XoAAJ7bE.jpg', variants=[VideoVariant(contentType='application/x-mpegURL', url='https://video.twimg.com/amplify_video/1029983363308969984/pl/IK1xvKqZ4vJsxfA4.m3u8?tag=8', bitrate=None), VideoVariant(contentType='video/mp4', url='https://video.twimg.com/amplify_video/1029983363308969984/vid/240x240/cQ_elkunhpdv00HW.mp4?tag=8', bitrate=288000), VideoVariant(contentType='video/mp4', url='https://video.twimg.com/amplify_video/1029983363308969984/vid/720x720/Vop1Ih_ee0gkkGY3.mp4?tag=8', bitrate=1280000), VideoVariant(contentType='video/mp4', url='https://video.twimg.com/amplify_video/1029983363308969984/vid/480x480/5jQk6bMkcsRXQpCe.mp4?tag=8', bitrate=832000)], duration=196.92, views=116701)]",bbc,"🎉 Tune in to @BBCideas for the latest in science, culture, and more! 🌍✨ #BBCideas #Science #Culture #EngageWithUs",
5636,2020-04-13 13:30:00,9,BrdgstoneArena,"[Photo(previewUrl='https://pbs.twimg.com/media/EVawlWOWkAIKrvu?format=jpg&name=small', fullUrl='https://pbs.twimg.com/media/EVawlWOWkAIKrvu?format=jpg&name=large')]",bridgestone,🎉 Monday Morning Motivation! Ready to take on the day with Bridgestone's tires? Let's go! 🚗💨 #BridgestoneArena #MondayMotivation,
8482,2019-07-05 16:42:39,177,BBCScrumV,"[Photo(previewUrl='https://pbs.twimg.com/media/D-udyGyXUAAVWdS?format=jpg&name=small', fullUrl='https://pbs.twimg.com/media/D-udyGyXUAAVWdS?format=jpg&name=large'), Photo(previewUrl='https://pbs.twimg.com/media/D-udyGwWsAAVvXY?format=jpg&name=small', fullUrl='https://pbs.twimg.com/media/D-udyGwWsAAVvXY?format=jpg&name=large'), Photo(previewUrl='https://pbs.twimg.com/media/D-udyGpX4AA8C9t?format=jpg&name=small', fullUrl='https://pbs.twimg.com/media/D-udyGpX4AA8C9t?format=jpg&name=large'), Photo(previewUrl='https://pbs.twimg.com/media/D-udyGxXsAA3b7J?format=jpg&name=small', fullUrl='https://pbs.twimg.com/media/D-udyGxXsAA3b7J?format=jpg&name=large')]",bbc,🎉Stay tuned for the latest news and insights from the BBC! 🌍 #BBC #News #Innovation #EngageWithUs #StayCurious,
6604,2019-02-26 05:10:31,16,Coach_LizMills,"[Photo(previewUrl='https://pbs.twimg.com/media/D0TqARgUYAIUYt-?format=jpg&name=small', fullUrl='https://pbs.twimg.com/media/D0TqARgUYAIUYt-?format=jpg&name=large')]",coach,"**Tweet:**
👋 Good morning, everyone! Just a quick reminder that today is Tuesday, and it's the perfect day to kickstart your week with a fresh mindset. Remember to #StayMotivated and let's #BeTheChange we want to see in the world! 🌟 #CoachMills #FitnessGoals #MotivationMonday #StayPositive #HealthyHabits",
1091,2019-08-12 13:24:16,3804,LFCUSA,"[Video(thumbnailUrl='https://pbs.twimg.com/media/EBsKsIcWkAAaQyn.jpg', variants=[VideoVariant(contentType='video/mp4', url='https://video.twimg.com/amplify_video/1160532327728070656/vid/394x360/ZWhB8mytXaUPuUB1.mp4?tag=13', bitrate=832000), VideoVariant(contentType='application/x-mpegURL', url='https://video.twimg.com/amplify_video/1160532327728070656/pl/dtYq67_UmfXX895R.m3u8?tag=13', bitrate=None), VideoVariant(contentType='video/mp4', url='https://video.twimg.com/amplify_video/1160532327728070656/vid/294x270/-33g5YkAkJDQeYjO.mp4?tag=13', bitrate=288000), VideoVariant(contentType='video/mp4', url='https://video.twimg.com/amplify_video/1160532327728070656/vid/788x720/UNKR2yJIL_kRBjAu.mp4?tag=13', bitrate=2176000)], duration=18.64, views=564683)]",liverpool,Monday morning at LFCUSA! 🏙️ #LFC #Liverpool #MondayMotivation #TeamLFC 🚀🏃‍♂️💪 #SupportLFC,
5560,2019-05-15 22:01:48,2,bacari34,"[Photo(previewUrl='https://pbs.twimg.com/media/D6o9wJZW0AAPXvj?format=jpg&name=small', fullUrl='https://pbs.twimg.com/media/D6o9wJZW0AAPXvj?format=jpg&name=large')]",coach,"🎉 Wednesday night is here, and so is the perfect time to kick back, relax, and unwind! 🌟 Whether you're chasing your dreams or just looking for a little downtime, let #BACARI34 be your go-to spot for the best drinks and vibes. Cheers to a relaxing night ahead! 🥂 #StayTuned #SocialMedia #DrinkTheGoodLife",
9412,2020-06-10 03:05:43,7,CoachCarlosKnox,"[Photo(previewUrl='https://pbs.twimg.com/media/EaHo8WQWkAEep7U?format=jpg&name=small', fullUrl='https://pbs.twimg.com/media/EaHo8WQWkAEep7U?format=jpg&name=large')]",coach,Hey Coach Carlos Knox! 🏃‍♂️🏃‍♀️ #WorkoutWednesday #FitnessGoals #StayStrong #MotivationMonday,
8143,2019-11-28 20:40:00,276,BBCSport,"[Photo(previewUrl='https://pbs.twimg.com/media/EKfEKxNWsAAUyDo?format=png&name=small', fullUrl='https://pbs.twimg.com/media/EKfEKxNWsAAUyDo?format=png&name=large')]",bbc,🚨Stay tuned for the latest in sports news and analysis from BBC Sport! 🏏 #BBCSport #SportsNews #StayTuned #EngageWithUs,
8664,2018-08-31 22:18:07,312,BBCSport,"[Photo(previewUrl='https://pbs.twimg.com/media/Dl9gzAlWwAcsysk?format=jpg&name=small', fullUrl='https://pbs.twimg.com/media/Dl9gzAlWwAcsysk?format=jpg&name=large')]",bbc,🚨Stay tuned for the latest in sports! 🏏 #BBCSport #FridayNight #SportsLovers #StayTuned #EngageWithUs,
6596,2019-03-19 17:16:31,170,BNPParibas,"[Video(thumbnailUrl='https://pbs.twimg.com/ext_tw_video_thumb/1108050845952823296/pu/img/7t9cH9RDZDutF2pG.jpg', variants=[VideoVariant(contentType='video/mp4', url='https://video.twimg.com/ext_tw_video/1108050845952823296/pu/vid/320x180/3j3O54AOzK2AZQvO.mp4?tag=8', bitrate=256000), VideoVariant(contentType='application/x-mpegURL', url='https://video.twimg.com/ext_tw_video/1108050845952823296/pu/pl/TyfJGF33N4zXswOa.m3u8?tag=8', bitrate=None), VideoVariant(contentType='video/mp4', url='https://video.twimg.com/ext_tw_video/1108050845952823296/pu/vid/640x360/pexNQn1hu6-G3jwp.mp4?tag=8', bitrate=832000), VideoVariant(contentType='video/mp4', url='https://video.twimg.com/ext_tw_video/1108050845952823296/pu/vid/1280x720/BqAXohpgJeuofq3O.mp4?tag=8', bitrate=2176000)], duration=136.878, views=5466)]",bnp paribas,"🎉 #BNPParibas is here to make your Tuesday extra special! 🌟 Whether you're in the office or out with friends, we've got you covered with our latest offers and services. #BNP #Finance #Banking #TuesdayTreats #MoneyMatters #BNPSecures #BNPCares",
624,2018-01-24 18:31:48,476,coacharroyo,"[Gif(thumbnailUrl='https://pbs.twimg.com/tweet_video_thumb/DUU46qmVoAAEv9x.jpg', variants=[VideoVariant(contentType='video/mp4', url='https://video.twimg.com/tweet_video/DUU46qmVoAAEv9x.mp4', bitrate=0)])]",coach,Hey friends! 🏃‍♂️🏋️‍♀️ It's time for another exciting day in the gym. Let's push those limits and reach new heights together! 💪 #GymLife #FitnessGoals #WednesdayMotivation #CoachArroyo,
6871,2019-06-01 22:17:34,1,bacari34,"[Gif(thumbnailUrl='https://pbs.twimg.com/tweet_video_thumb/D8AkYopW4AMn0ng.jpg', variants=[VideoVariant(contentType='video/mp4', url='https://video.twimg.com/tweet_video/D8AkYopW4AMn0ng.mp4', bitrate=0)])]",coach,"🎉 Saturday night is here, and so is the perfect time to kick back, relax, and unwind! 🌟 Whether you're chasing the stars or just looking for a quiet moment, let #BACARI34 be your go-to spot for the best drinks and vibes. Cheers to a relaxing night ahead! 🥂 #StayTuned #DrinkUp #BacariLovesYou",
4814,2020-11-06 10:14:20,459,SkyNews,"[Video(thumbnailUrl='https://pbs.twimg.com/media/EmIf7d2XIAE5HFD.jpg', variants=[VideoVariant(contentType='video/mp4', url='https://video.twimg.com/amplify_video/1324656092417318912/vid/480x270/GjbmYqmOdQAvPWBM.mp4?tag=13', bitrate=288000), VideoVariant(contentType='application/x-mpegURL', url='https://video.twimg.com/amplify_video/1324656092417318912/pl/1OOatOzGycxZb2oq.m3u8?tag=13', bitrate=None), VideoVariant(contentType='video/mp4', url='https://video.twimg.com/amplify_video/1324656092417318912/vid/640x360/S2tAD2qRdB-2xsKT.mp4?tag=13', bitrate=832000), VideoVariant(contentType='video/mp4', url='https://video.twimg.com/amplify_video/1324656092417318912/vid/1280x720/i9FR4WV4Wa7iWVnd.mp4?tag=13', bitrate=2176000)], duration=135.4, views=38674)]",sky,"🎉 Friday is here, and so is your favorite Sky News! Tune in for the latest news, sports, and entertainment. #SkyNews #FridayFunday #StayInformed",
6553,2020-02-13 19:59:32,1221,bbceastenders,"[Video(thumbnailUrl='https://pbs.twimg.com/amplify_video_thumb/1227970270834634753/img/72ujqNhSVka4lV5O.jpg', variants=[VideoVariant(contentType='video/mp4', url='https://video.twimg.com/amplify_video/1227970270834634753/vid/1280x720/fQrEsesa4O5D9ord.mp4?tag=13', bitrate=2176000), VideoVariant(contentType='application/x-mpegURL', url='https://video.twimg.com/amplify_video/1227970270834634753/pl/1GzGizs-fXkuqlW0.m3u8?tag=13', bitrate=None), VideoVariant(contentType='video/mp4', url='https://video.twimg.com/amplify_video/1227970270834634753/vid/640x360/gsNMyWFwPU5BXFSp.mp4?tag=13', bitrate=832000), VideoVariant(contentType='video/mp4', url='https://video.twimg.com/amplify_video/1227970270834634753/vid/480x270/vsZ7zTwXFX3UB9d4.mp4?tag=13', bitrate=288000)], duration=249.84, views=58525)]",bbc,"🎉Stay tuned for #BBCEastEnders at 9pm tonight! Don't miss out on the #EastEnder's story. Let's dive into the gritty, gritty world of East London. #EastLondon #BBC #TVShows #Drama #Entertainment #StayTuned",
7530,2018-08-29 21:42:15,1316,SkyFootball,"[Video(thumbnailUrl='https://pbs.twimg.com/media/DlzFdxbWsAAbkhQ.jpg', variants=[VideoVariant(contentType='video/mp4', url='https://video.twimg.com/ext_tw_video/1034919135967367168/pu/vid/240x240/zMxFkczpSTVhHrWz.mp4?tag=5', bitrate=256000), VideoVariant(contentType='application/x-mpegURL', url='https://video.twimg.com/ext_tw_video/1034919135967367168/pu/pl/57RBA1xCdsai7i_o.m3u8?tag=5', bitrate=None), VideoVariant(contentType='video/mp4', url='https://video.twimg.com/ext_tw_video/1034919135967367168/pu/vid/480x480/rrrM0X1k4XEZ5MG9.mp4?tag=5', bitrate=832000), VideoVariant(contentType='video/mp4', url='https://video.twimg.com/ext_tw_video/1034919135967367168/pu/vid/720x720/BhgENsACl14w9mz1.mp4?tag=5', bitrate=1280000)], duration=17.4, views=100235)]",sky,🎉 #SkyFootball #WednesdayNight #SupportYourTeam 🚀 #GoSky 🏃 #FitnessOnTheGo #FootballLovers unite! Let's kick off the week with a #MatchOfTheDay! 🏠 #TeamSpirit #UnitedWeStand #FootballIsTheBest! #StayHomeStaySafe 🛩️ #StayFitStayHealthy #SkyFamily #TogetherWeCan 🌍 #SkyGoals #SkyDreams #SkyAchievements #SkySuccess #,
5796,2019-05-01 15:07:24,674,BBCSport,"[Photo(previewUrl='https://pbs.twimg.com/media/D5fYfqoWAAE1Ogt?format=jpg&name=small', fullUrl='https://pbs.twimg.com/media/D5fYfqoWAAE1Ogt?format=jpg&name=large')]",bbc,"🎉Stay tuned for the latest in sports, science, and culture from around the world! 🏃🚀 #BBCSport #StayConnected #EngageWithUs #SportsLovers #ScienceMatters #CultureVibes",
7437,2018-04-20 00:30:46,545,ChaseBriscoe_14,"[Photo(previewUrl='https://pbs.twimg.com/media/DbL6NooXcAEROU5?format=jpg&name=small', fullUrl='https://pbs.twimg.com/media/DbL6NooXcAEROU5?format=jpg&name=large')]",chase,"🎉 Friday is here, and so is the perfect opportunity to catch up with friends and family! 📢 Remember to stay connected with your loved ones through Chase's social media. #ChaseBriscoe #ConnectWithChase #FridayIsHere",
4218,2019-01-18 11:14:40,838,IExpressSports,"[Photo(previewUrl='https://pbs.twimg.com/media/DxMHYl7UUAA5qvJ?format=jpg&name=small', fullUrl='https://pbs.twimg.com/media/DxMHYl7UUAA5qvJ?format=jpg&name=large')]",express,"🎉 Friday is here, and so is the perfect time to kick back, relax, and indulge in the best of the best! 🌟 Whether you're a fan of sports, fitness, or just looking to unwind, Express is here to make your Friday extra special. #ExpressSports #FridayIsHere #EnjoyYourDay",
5941,2019-10-26 18:46:34,928,bbcstrictly,"[Video(thumbnailUrl='https://pbs.twimg.com/media/EH01zLRVAAAGCo1.jpg', variants=[VideoVariant(contentType='application/x-mpegURL', url='https://video.twimg.com/amplify_video/1188164890076180481/pl/XyhJGquYc76VCtj6.m3u8?tag=13', bitrate=None), VideoVariant(contentType='video/mp4', url='https://video.twimg.com/amplify_video/1188164890076180481/vid/1280x720/eHEv1PWx-1SHX_kN.mp4?tag=13', bitrate=2176000), VideoVariant(contentType='video/mp4', url='https://video.twimg.com/amplify_video/1188164890076180481/vid/640x360/xFSgpKoaqArZKT3P.mp4?tag=13', bitrate=832000), VideoVariant(contentType='video/mp4', url='https://video.twimg.com/amplify_video/1188164890076180481/vid/480x270/rTCmL44qNbPNNKNI.mp4?tag=13', bitrate=288000)], duration=43.464, views=96159)]",bbc,"🎉 Tune in to @BBCStrictly at 6 PM! 🎶 Whether you're a seasoned pro or just starting your dance journey, we've got something for everyone. Don't miss out on the fun! #DanceChallenge #BBC #StrictlyComeDance",
8501,2020-12-19 08:33:43,27,ZenithBank,"[Photo(previewUrl='https://pbs.twimg.com/media/EpllRGUXMAA-gIJ?format=jpg&name=small', fullUrl='https://pbs.twimg.com/media/EpllRGUXMAA-gIJ?format=jpg&name=large')]",zenith,"🎉 Saturday morning at ZenithBank! 🛰️ Whether you're in the office or out exploring, we've got you covered with our latest features and services. Stay tuned for more exciting updates! #ZenithBank #TechSavvy #StayConnected",
6429,2018-04-23 16:53:12,681,bbcmtd,"[Video(thumbnailUrl='https://pbs.twimg.com/ext_tw_video_thumb/988460562056077312/pu/img/nzFEcSEtyiAY6O7R.jpg', variants=[VideoVariant(contentType='video/mp4', url='https://video.twimg.com/ext_tw_video/988460562056077312/pu/vid/720x720/eV2QI39RFDyxFCgH.mp4?tag=3', bitrate=1280000), VideoVariant(contentType='video/mp4', url='https://video.twimg.com/ext_tw_video/988460562056077312/pu/vid/480x480/VSXb1jzrFkSOHeNY.mp4?tag=3', bitrate=832000), VideoVariant(contentType='application/x-mpegURL', url='https://video.twimg.com/ext_tw_video/988460562056077312/pu/pl/KTbxricuhsYQLz0c.m3u8?tag=3', bitrate=None), VideoVariant(contentType='video/mp4', url='https://video.twimg.com/ext_tw_video/988460562056077312/pu/vid/240x240/jI5Lkwc2s9RG8LOe.mp4?tag=3', bitrate=256000)], duration=57.0, views=37982)]",bbc,"Monday morning, kickstart your day with BBC! 🌟 #BBC #MondayMotivation #StartYourDayRight #EngageWithBBC",
6827,2018-04-07 13:45:01,53,Dell,"[Photo(previewUrl='https://pbs.twimg.com/media/DaLzWCyVAAAIlH5?format=jpg&name=small', fullUrl='https://pbs.twimg.com/media/DaLzWCyVAAAIlH5?format=jpg&name=large')]",dell,"🎉Stay ahead of the competition with Dell! 🚀 Whether you're working from home or in the office, Dell is here to help you stay connected and productive. #Dell #WorkFromHome #StayConnected",
4131,2018-10-07 19:32:31,453,SkyBetLeagueTwo,"[Photo(previewUrl='https://pbs.twimg.com/media/Do7bwdkXgAA5XkK?format=jpg&name=small', fullUrl='https://pbs.twimg.com/media/Do7bwdkXgAA5XkK?format=jpg&name=large')]",sky,🎉 Sunday night at Sky Bet League Two! 🏠 #SkyBet #LeagueTwo #SundayNight #SupportYourTeam #GetYourTicket #EnjoyTheGame,
7802,2020-02-16 14:35:21,507,SkySportsStatto,"[Photo(previewUrl='https://pbs.twimg.com/media/EQ539DLXsAE6dVg?format=jpg&name=small', fullUrl='https://pbs.twimg.com/media/EQ539DLXsAE6dVg?format=jpg&name=large')]",sky,"🎉 Sunday kick-off! 🏃💨 Tune in to Sky Sports Statto for the best stats, stats, and stats all day long! #SkySports #StatsLover #SundayAfternoon",
7754,2018-06-12 16:00:02,484,BBCSpringwatch,"[Video(thumbnailUrl='https://pbs.twimg.com/amplify_video_thumb/1006500740641239040/img/MPuAyVddu3bkmpds.jpg', variants=[VideoVariant(contentType='video/mp4', url='https://video.twimg.com/amplify_video/1006500740641239040/vid/720x720/swKbOJn4hJM_9AIR.mp4?tag=2', bitrate=1280000), VideoVariant(contentType='application/x-mpegURL', url='https://video.twimg.com/amplify_video/1006500740641239040/pl/aMllUY--XIHn5v7X.m3u8?tag=2', bitrate=None), VideoVariant(contentType='video/mp4', url='https://video.twimg.com/amplify_video/1006500740641239040/vid/240x240/JnXUXQ-6bZrU7eL5.mp4?tag=2', bitrate=320000), VideoVariant(contentType='video/mp4', url='https://video.twimg.com/amplify_video/1006500740641239040/vid/480x480/7NfkUpvtdk5wSVXx.mp4?tag=2', bitrate=832000)], duration=27.319, views=15385)]",bbc,"🌟Join us in the great outdoors with BBC Springwatch! 🌿 Whether you're a nature lover or just curious about the changing seasons, this is the perfect time to explore the wonders of the natural world. #BBCSpringWatch #NatureLovers #ExploreTheOutdoors",
4722,2019-11-30 14:00:01,426,BBCArchive,"[Video(thumbnailUrl='https://pbs.twimg.com/media/EKifgkxW4AEpT7A.jpg', variants=[VideoVariant(contentType='video/mp4', url='https://video.twimg.com/amplify_video/1200378460834807809/vid/640x480/_exyzoxy8wj584Mq.mp4?tag=13', bitrate=2176000), VideoVariant(contentType='video/mp4', url='https://video.twimg.com/amplify_video/1200378460834807809/vid/360x270/m3vMWz9RVw0sA70R.mp4?tag=13', bitrate=288000), VideoVariant(contentType='video/mp4', url='https://video.twimg.com/amplify_video/1200378460834807809/vid/480x360/Qye321_JOywZwk2j.mp4?tag=13', bitrate=832000), VideoVariant(contentType='application/x-mpegURL', url='https://video.twimg.com/amplify_video/1200378460834807809/pl/ZFCbXbTafl4qEgkz.m3u8?tag=13', bitrate=None)], duration=233.64, views=29655)]",bbc,"Happy Saturday, everyone! 🌞 Let's dive into the world of BBC archives and explore some of the most iconic moments in history. #BBCArchive #HistoryIn140Chars",
1651,2020-03-24 16:43:23,208,BBCNews,"[Video(thumbnailUrl='https://pbs.twimg.com/media/ET48gQsXQAEImya.jpg', variants=[VideoVariant(contentType='video/mp4', url='https://video.twimg.com/amplify_video/1242489406100893703/vid/320x568/97bjoEU5mh-G43x4.mp4?tag=13', bitrate=632000), VideoVariant(contentType='application/x-mpegURL', url='https://video.twimg.com/amplify_video/1242489406100893703/pl/zadxMuAhli5xd3rd.m3u8?tag=13', bitrate=None), VideoVariant(contentType='video/mp4', url='https://video.twimg.com/amplify_video/1242489406100893703/vid/360x640/9jOLPTRZibyRadXN.mp4?tag=13', bitrate=832000), VideoVariant(contentType='video/mp4', url='https://video.twimg.com/amplify_video/1242489406100893703/vid/720x1280/tPa033S91WyG7Bh8.mp4?tag=13', bitrate=2176000)], duration=71.2, views=161772)]",bbc,🎉Stay tuned for the latest news from BBC News! 🌍 #BBCNews #BreakingNews #StayInformed,
4141,2020-02-29 23:58:56,1763,KFCBarstool,"[Photo(previewUrl='https://pbs.twimg.com/media/ER-1meTXUAMAbXj?format=jpg&name=small', fullUrl='https://pbs.twimg.com/media/ER-1meTXUAMAbXj?format=jpg&name=large')]",kfc,"🎉 Saturday night at KFC Barstool! 🍽️ Kick back, relax, and enjoy our delicious meals. Don't forget to share your favorite #KFCmoments with us! #StayHome #StaySafe",
1618,2018-11-19 12:46:06,2,UPMCnews,"[Photo(previewUrl='https://pbs.twimg.com/media/DsXdKXPWsAQwP2c?format=jpg&name=small', fullUrl='https://pbs.twimg.com/media/DsXdKXPWsAQwP2c?format=jpg&name=large')]",upmc,"Monday is here, and so is the chance to make a difference. Join us at UPMC for a day filled with care, compassion, and community. #UPMC #MakeADifference #MondayMotivation #HealthAndHealing",
2030,2018-08-21 23:14:42,45,PandaExpress,"[Video(thumbnailUrl='https://pbs.twimg.com/ext_tw_video_thumb/1032043286834434048/pu/img/NUntm4Shb9eV0AiY.jpg', variants=[VideoVariant(contentType='video/mp4', url='https://video.twimg.com/ext_tw_video/1032043286834434048/pu/vid/720x720/GqzdosC51t-TQdkH.mp4?tag=5', bitrate=1280000), VideoVariant(contentType='video/mp4', url='https://video.twimg.com/ext_tw_video/1032043286834434048/pu/vid/480x480/FAwJc2KfQVGurzzS.mp4?tag=5', bitrate=832000), VideoVariant(contentType='application/x-mpegURL', url='https://video.twimg.com/ext_tw_video/1032043286834434048/pu/pl/pDI-IX2-a5PGkaCe.m3u8?tag=5', bitrate=None), VideoVariant(contentType='video/mp4', url='https://video.twimg.com/ext_tw_video/1032043286834434048/pu/vid/240x240/k6GgmhwrQOKjz43I.mp4?tag=5', bitrate=256000)], duration=20.103, views=2772)]",express,"🎉 Tuesday night is here, and so is the perfect time to indulge in delicious express delivery! 🌟 Whether you're craving a quick dinner or just a quick snack, Panda Express has got you covered. Order now and enjoy your meal in less than 30 minutes! 🛋️💨 #pandaexpress #expressdelivery #quickdelivery #foodlove",
8518,2019-03-14 16:44:35,1786,veronicamars,"[Photo(previewUrl='https://pbs.twimg.com/media/D1oiXAsW0AA_1vN?format=jpg&name=small', fullUrl='https://pbs.twimg.com/media/D1oiXAsW0AA_1vN?format=jpg&name=large')]",mars,"🎉 Thursday is here, 🌟 and so is a perfect opportunity for #Mars lovers to indulge in their favorite treats! 🍕✨ Whether it's a quick bite or a full meal, we've got you covered with our delicious menu. Don't miss out on the chance to taste the magic of Mars! #FoodLovers #TasteTheMagic",
4576,2020-04-15 14:39:00,235,BBCSport,"[Photo(previewUrl='https://pbs.twimg.com/media/EVo4046XkAIlMxr?format=jpg&name=small', fullUrl='https://pbs.twimg.com/media/EVo4046XkAIlMxr?format=jpg&name=large')]",bbc,"🎉Stay tuned for the latest in sports, science, and culture from around the world! 🏃🚀 #BBCSport #EngageWithUs #StayInformed",
3993,2019-02-16 13:16:55,1902,SkyCricket,"[Video(thumbnailUrl='https://pbs.twimg.com/media/Dzh5qnTWkAEuOyU.jpg', variants=[VideoVariant(contentType='application/x-mpegURL', url='https://video.twimg.com/ext_tw_video/1096760285803745280/pu/pl/RHD7_4RWMfTYZFRb.m3u8?tag=6', bitrate=None), VideoVariant(contentType='video/mp4', url='https://video.twimg.com/ext_tw_video/1096760285803745280/pu/vid/640x360/Wug0cgGAYpxgX3Rz.mp4?tag=6', bitrate=832000), VideoVariant(contentType='video/mp4', url='https://video.twimg.com/ext_tw_video/1096760285803745280/pu/vid/1280x720/ik2PCVXZAIiDiS3w.mp4?tag=6', bitrate=2176000), VideoVariant(contentType='video/mp4', url='https://video.twimg.com/ext_tw_video/1096760285803745280/pu/vid/320x180/yuV7uo8V_rWUR4Uo.mp4?tag=6', bitrate=256000)], duration=19.8, views=73054)]",sky,"🎉 Saturday at Sky Cricket! 🏟️ Whether you're a fan or just curious, join us for the best cricket action in town! #SkyCrickets #CricketLovers #EngageWithUs",
7377,2018-07-30 17:05:12,618,BBCEarth,"[Photo(previewUrl='https://pbs.twimg.com/media/DjSn-70X4AAHPmg?format=jpg&name=small', fullUrl='https://pbs.twimg.com/media/DjSn-70X4AAHPmg?format=jpg&name=large'), Photo(previewUrl='https://pbs.twimg.com/media/DjSpDF3WwAAmaK2?format=jpg&name=small', fullUrl='https://pbs.twimg.com/media/DjSpDF3WwAAmaK2?format=jpg&name=large'), Photo(previewUrl='https://pbs.twimg.com/media/DjSpv8FXsAAfroE?format=jpg&name=small', fullUrl='https://pbs.twimg.com/media/DjSpv8FXsAAfroE?format=jpg&name=large')]",bbc,👋Hey Earthlings! Ready to explore the wonders of our planet with us today! 🌍✨ #BBCEarth #ExploringTheWorld,
6150,2019-10-28 15:14:00,4,BrdgstoneArena,"[Photo(previewUrl='https://pbs.twimg.com/media/EH-T2ocW4AADJ_H?format=jpg&name=small', fullUrl='https://pbs.twimg.com/media/EH-T2ocW4AADJ_H?format=jpg&name=large')]",bridgestone,🎉 Monday Morning Motivation! Ready to take on the day with Bridgestone's tires? Let's go! 🚗💨 #MondayMotivation #BridgestoneArena #DriveWithDignity,
4909,2020-05-24 10:22:14,460,BBCR1,"[Photo(previewUrl='https://pbs.twimg.com/media/EYxpTAfX0AAPJJj?format=jpg&name=small', fullUrl='https://pbs.twimg.com/media/EYxpTAfX0AAPJJj?format=jpg&name=large'), Photo(previewUrl='https://pbs.twimg.com/media/EYxpWmRX0AE-fiV?format=jpg&name=small', fullUrl='https://pbs.twimg.com/media/EYxpWmRX0AE-fiV?format=jpg&name=large'), Photo(previewUrl='https://pbs.twimg.com/media/EYxpY4oXYAEbVwd?format=jpg&name=small', fullUrl='https://pbs.twimg.com/media/EYxpY4oXYAEbVwd?format=jpg&name=large'), Photo(previewUrl='https://pbs.twimg.com/media/EYxpld0WkAAOfRj?format=jpg&name=small', fullUrl='https://pbs.twimg.com/media/EYxpld0WkAAOfRj?format=jpg&name=large')]",bbc,"🎉Stay tuned for the best of BBC R1 on Sunday, October 14th at **10 AM**! Tune in for the latest in news, entertainment, and more. #BBC #R1 #StayTuned #SundayAt10AM #News #Entertainment #StayInformed #StayConnected",
5027,2019-11-03 18:21:40,267,BBCOne,"[Gif(thumbnailUrl='https://pbs.twimg.com/tweet_video_thumb/EITO4mUWkAESsus.jpg', variants=[VideoVariant(contentType='video/mp4', url='https://video.twimg.com/tweet_video/EITO4mUWkAESsus.mp4', bitrate=0)])]",bbc,"🎉Stay tuned for the best of BBC at 6pm on Sunday! Tune in for the latest news, documentaries, and more. #BBCOne #StayTuned #EngageWithBBC",
8261,2018-01-01 13:57:31,46,IndianExpress,"[Photo(previewUrl='https://pbs.twimg.com/media/DSddhbjU8AMJqyE?format=jpg&name=small', fullUrl='https://pbs.twimg.com/media/DSddhbjU8AMJqyE?format=jpg&name=large'), Photo(previewUrl='https://pbs.twimg.com/media/DSddiuAU8AIlnyO?format=jpg&name=small', fullUrl='https://pbs.twimg.com/media/DSddiuAU8AIlnyO?format=jpg&name=large'), Photo(previewUrl='https://pbs.twimg.com/media/DSddjUNVAAEMj6o?format=jpg&name=small', fullUrl='https://pbs.twimg.com/media/DSddjUNVAAEMj6o?format=jpg&name=large')]",express,🌞 Monday Morning Motivation! Ready to tackle the day ahead? 🚀 #IndianExpress #MondayMotivation #WorkHardPlayHard #GetUpAndGo #StayPositive #IndiaInMotion,
4732,2020-07-06 11:18:46,347,AutoExpress,"[Video(thumbnailUrl='https://pbs.twimg.com/amplify_video_thumb/1280095886383742976/img/gZ3P_86SxuOZWQO4.jpg', variants=[VideoVariant(contentType='video/mp4', url='https://video.twimg.com/amplify_video/1280095886383742976/vid/1280x720/m_7lXrtdzvtf3_PG.mp4?tag=13', bitrate=2176000), VideoVariant(contentType='application/x-mpegURL', url='https://video.twimg.com/amplify_video/1280095886383742976/pl/zw-a6s6V0IaqJqDN.m3u8?tag=13', bitrate=None), VideoVariant(contentType='video/mp4', url='https://video.twimg.com/amplify_video/1280095886383742976/vid/480x270/_amWf1ERatwtqbfa.mp4?tag=13', bitrate=288000), VideoVariant(contentType='video/mp4', url='https://video.twimg.com/amplify_video/1280095886383742976/vid/640x360/1ApIWCD8rfjoS1OY.mp4?tag=13', bitrate=832000)], duration=9.33, views=13792)]",express,🚀 **Monday Morning Motivation**: Ready to take on the week? Let's make it awesome with **@AutoExpress**! 🚀 #Express #MondayMotivation #DriveYourDreams,
7549,2019-01-05 20:26:44,4,chaptersindigo,"[Photo(previewUrl='https://pbs.twimg.com/media/DwLJFpAV4AAyZN3?format=jpg&name=small', fullUrl='https://pbs.twimg.com/media/DwLJFpAV4AAyZN3?format=jpg&name=large')]",indigo,🎉 Saturday night is here! 🌆✨ #ChaptersIndigo is ready to make your night extra special with our latest collection. Don't miss out on the party! 🎉 #IndigoFashion #FashionLovers #StyleSquad #ShopNow,
8135,2019-08-11 12:55:17,57,UsaidM16,"[Photo(previewUrl='https://pbs.twimg.com/media/EBsMkJDXkAAq5fz?format=jpg&name=small', fullUrl='https://pbs.twimg.com/media/EBsMkJDXkAAq5fz?format=jpg&name=large')]",usaid,🌞 Sunday is here! Let's spread kindness and hope around the world. #UnitedWeStand #TogetherForGood #BeTheChange,
1607,2020-01-30 08:40:00,672,BBCSport,"[Photo(previewUrl='https://pbs.twimg.com/media/EPg78beWoAARknY?format=jpg&name=small', fullUrl='https://pbs.twimg.com/media/EPg78beWoAARknY?format=jpg&name=large')]",bbc,"Thursday morning, kick off your day with #BBCSport! 🏃💨 Whether you're chasing the sun or staying inside, we've got you covered with the latest sports news, insights, and more. Tune in or follow us on Twitter to stay ahead of the game. #SportsLovers #StayInformed",
4774,2018-04-11 16:49:37,165,UNICEF_Nigeria,"[Photo(previewUrl='https://pbs.twimg.com/media/DahDQtTW0AI0jJS?format=jpg&name=small', fullUrl='https://pbs.twimg.com/media/DahDQtTW0AI0jJS?format=jpg&name=large')]",unicef,🌍 UNICEF Nigeria is here to make a difference in the lives of children all over the world. Let's work together to create a brighter future for the next generation! 🌟 #EndPoverty #ChildRights #UNiTEToEndChildPoverty,
8110,2020-06-19 13:40:33,978,HouseDemocrats,"[Video(thumbnailUrl='https://pbs.twimg.com/media/Ea4QjPnWkAEfUDJ.jpg', variants=[VideoVariant(contentType='video/mp4', url='https://video.twimg.com/amplify_video/1273973831774998529/vid/480x270/q8k-avaY-roflNdP.mp4?tag=13', bitrate=288000), VideoVariant(contentType='application/x-mpegURL', url='https://video.twimg.com/amplify_video/1273973831774998529/pl/rs9S68Gu-yk-URNc.m3u8?tag=13', bitrate=None), VideoVariant(contentType='video/mp4', url='https://video.twimg.com/amplify_video/1273973831774998529/vid/640x360/wsQYwDjZswFY6243.mp4?tag=13', bitrate=832000), VideoVariant(contentType='video/mp4', url='https://video.twimg.com/amplify_video/1273973831774998529/vid/1280x720/mFUmmBUKMTJ9mBlJ.mp4?tag=13', bitrate=2176000)], duration=73.067, views=26717)]",house,"Hey House Democrats! 🚀 Today's #FridayFunday, let's #Vote2023 and make our voices heard! Together, we can #BuildABetterFuture. Stay tuned for more updates and join us in the fight for justice and equality. #DemocratsForChange #TogetherWeCan #VoteNow",
6952,2020-09-05 20:43:49,141,NZWarriors,"[Video(thumbnailUrl='https://pbs.twimg.com/ext_tw_video_thumb/1302346235844505600/pu/img/iC2OyTCqLK9WCotg.jpg', variants=[VideoVariant(contentType='video/mp4', url='https://video.twimg.com/ext_tw_video/1302346235844505600/pu/vid/640x360/Zlv9qtXAiWxpTPfZ.mp4?tag=10', bitrate=832000), VideoVariant(contentType='video/mp4', url='https://video.twimg.com/ext_tw_video/1302346235844505600/pu/vid/480x270/A_CXP_IB0jMgGwAm.mp4?tag=10', bitrate=256000), VideoVariant(contentType='application/x-mpegURL', url='https://video.twimg.com/ext_tw_video/1302346235844505600/pu/pl/ylMF1XE_FKo012xK.m3u8?tag=10', bitrate=None), VideoVariant(contentType='video/mp4', url='https://video.twimg.com/ext_tw_video/1302346235844505600/pu/vid/1280x720/KUPs_6tOlMRoYO4f.mp4?tag=10', bitrate=2176000)], duration=123.624, views=3970)]",vodafone,"🚨🚨🚨 Saturday night is here, and so is the perfect time to kick back, relax, and unwind with Vodafone! 📺✨ Whether you're streaming your favorite shows, gaming, or just catching up with friends, Vodafone has got you covered. #Vodafone #SaturdayNight #StayConnected",
6005,2020-01-22 20:00:46,164,bbcle,"[Video(thumbnailUrl='https://pbs.twimg.com/amplify_video_thumb/1219938978377367553/img/FFRpwlpDnXbJh-p7.jpg', variants=[VideoVariant(contentType='application/x-mpegURL', url='https://video.twimg.com/amplify_video/1219938978377367553/pl/cZf52J4MvwLSmr5D.m3u8?tag=13', bitrate=None), VideoVariant(contentType='video/mp4', url='https://video.twimg.com/amplify_video/1219938978377367553/vid/480x480/LkYBHw777eXTl6Py.mp4?tag=13', bitrate=832000), VideoVariant(contentType='video/mp4', url='https://video.twimg.com/amplify_video/1219938978377367553/vid/720x720/agErk5bwfGonOfQa.mp4?tag=13', bitrate=1280000), VideoVariant(contentType='video/mp4', url='https://video.twimg.com/amplify_video/1219938978377367553/vid/320x320/9ijn8T920maIy2-V.mp4?tag=13', bitrate=432000)], duration=59.0, views=11535)]",bbc,🎉Stay tuned for the latest news and insights from @bbce on Wednesdays at 8 PM! #BBC #NewsHour #StayTuned #EngageWithUs,
7729,2018-08-24 17:26:38,43,IndianExpress,"[Photo(previewUrl='https://pbs.twimg.com/media/DlYbAHxX0AAu92p?format=jpg&name=small', fullUrl='https://pbs.twimg.com/media/DlYbAHxX0AAu92p?format=jpg&name=large')]",express,"🎉 Friday is here, and so is the #IndianExpress, bringing you the latest news, insights, and stories from across India. Stay informed, stay connected! 🌍✨ #News #India #ExpressNews #StayInformed #ConnectWithUs",
3542,2020-01-28 02:19:56,36880,espn,"[Video(thumbnailUrl='https://pbs.twimg.com/ext_tw_video_thumb/1221980941934968832/pu/img/z8XHoVJAVkkDq0fs.jpg', variants=[VideoVariant(contentType='application/x-mpegURL', url='https://video.twimg.com/ext_tw_video/1221980941934968832/pu/pl/oI9ZwCNer7gek0P1.m3u8?tag=10', bitrate=None), VideoVariant(contentType='video/mp4', url='https://video.twimg.com/ext_tw_video/1221980941934968832/pu/vid/320x320/AW_MUwPVFJqs7C2m.mp4?tag=10', bitrate=432000), VideoVariant(contentType='video/mp4', url='https://video.twimg.com/ext_tw_video/1221980941934968832/pu/vid/720x720/mbq7RGD6pMKe5t_7.mp4?tag=10', bitrate=1280000), VideoVariant(contentType='video/mp4', url='https://video.twimg.com/ext_tw_video/1221980941934968832/pu/vid/480x480/cwHRjjRuj9tz-UR4.mp4?tag=10', bitrate=832000)], duration=4.571, views=530637)]",espn,🚨Stay tuned for the latest in sports! 🏏 #Espn #TuesdayTwist #SportsLover #StayInTheLoop #EngageWithUs,
389,2018-08-08 12:55:00,150,BBCSport,"[Photo(previewUrl='https://pbs.twimg.com/media/DkFAdYfW4AAYzk-?format=jpg&name=small', fullUrl='https://pbs.twimg.com/media/DkFAdYfW4AAYzk-?format=jpg&name=large')]",bbc,"🎉Stay tuned for the latest in sports, science, and culture from around the world! #BBCSport Wednesdays bring you the best of the best every week. #EngageWithBBC #StayInformed",
1795,2018-05-14 10:48:49,179,BBCNews,"[Video(thumbnailUrl='https://pbs.twimg.com/media/DdJt1euVMAAQTsy.jpg', variants=[VideoVariant(contentType='video/mp4', url='https://video.twimg.com/amplify_video/995979114325536771/vid/640x360/eovTAIFav7Nt_WzL.mp4?tag=2', bitrate=832000), VideoVariant(contentType='application/x-mpegURL', url='https://video.twimg.com/amplify_video/995979114325536771/pl/sv-pSGP4POfnJHKz.m3u8?tag=2', bitrate=None), VideoVariant(contentType='video/mp4', url='https://video.twimg.com/amplify_video/995979114325536771/vid/1280x720/NooK8U5ceY7hfGOQ.mp4?tag=2', bitrate=2176000), VideoVariant(contentType='video/mp4', url='https://video.twimg.com/amplify_video/995979114325536771/vid/320x180/YQgv6fNNgsonuNbM.mp4?tag=2', bitrate=320000)], duration=82.467, views=25399)]",bbc,"Monday morning, kickstart your day with BBC News! Dive into the latest stories and stay informed. #BBCNews #MondayMotivation #StayInformed",
8732,2020-01-19 22:37:41,506,BBCSport,"[Photo(previewUrl='https://pbs.twimg.com/media/EOrYm34WAAIigxp?format=jpg&name=small', fullUrl='https://pbs.twimg.com/media/EOrYm34WAAIigxp?format=jpg&name=large')]",bbc,"🚨Stay tuned for the latest in sports! 🏏🏃‍♀️ Whether it's football, rugby, cricket, or any other sport you love, we've got you covered! #BBCSport #SportsLovers #StayTuned #EngageWithUs",
4920,2018-05-14 15:58:10,1802,SkySportsNews,"[Photo(previewUrl='https://pbs.twimg.com/media/DdK0j21XUAACSmW?format=jpg&name=small', fullUrl='https://pbs.twimg.com/media/DdK0j21XUAACSmW?format=jpg&name=large')]",sky,"🎉 Monday Morning Motivation! Ready to kickstart your day with Sky Sports News. Stay tuned for the latest in sports, entertainment, and more. #SkySports #MondayMotivation #StayTuned",
5538,2018-05-31 10:17:15,2,CoachwithTish,"[Photo(previewUrl='https://pbs.twimg.com/media/DehJXn9VAAAHPxr?format=jpg&name=small', fullUrl='https://pbs.twimg.com/media/DehJXn9VAAAHPxr?format=jpg&name=large')]",coach,"Hey friends! Just a quick reminder that it's Thursday, time to kick back, relax, and get ready for the weekend ahead. Remember to stay hydrated and energized with a healthy snack. #StayFit #HealthyHabits #MotivationMonday",
3873,2020-11-04 09:31:44,756,BBCNorthAmerica,"[Photo(previewUrl='https://pbs.twimg.com/media/El-DALVWoAIp5F3?format=jpg&name=small', fullUrl='https://pbs.twimg.com/media/El-DALVWoAIp5F3?format=jpg&name=large')]",bbc,🎉Stay tuned for the latest news and insights from BBC North America! 🌍✨ #BBC #News #Innovation #EngageWithUs #StayInformed,
8869,2020-06-09 15:51:09,103,IndianExpress,"[Video(thumbnailUrl='https://pbs.twimg.com/media/EaFOdDtU8AEiHBS.jpg', variants=[VideoVariant(contentType='video/mp4', url='https://video.twimg.com/amplify_video/1270381531920347137/vid/1280x720/ThiPLHNHu3Wfca9Q.mp4?tag=13', bitrate=2176000), VideoVariant(contentType='application/x-mpegURL', url='https://video.twimg.com/amplify_video/1270381531920347137/pl/gdkOSRchjZWJQwXx.m3u8?tag=13', bitrate=None), VideoVariant(contentType='video/mp4', url='https://video.twimg.com/amplify_video/1270381531920347137/vid/640x360/uVYIbABvesgWTP4a.mp4?tag=13', bitrate=832000), VideoVariant(contentType='video/mp4', url='https://video.twimg.com/amplify_video/1270381531920347137/vid/480x270/STqOGJSP2vwYP-vT.mp4?tag=13', bitrate=288000)], duration=126.76, views=5449)]",express,"🎉Stay connected with the latest news from #IndianExpress every day! Whether it's the latest in politics, sports, or entertainment, we've got you covered. Don't miss out on the latest updates! #StayInformed #ConnectWithUs",
2255,2020-05-20 12:57:05,115,VodafoneGhana,"[Video(thumbnailUrl='https://pbs.twimg.com/ext_tw_video_thumb/1263089703068336128/pu/img/_jl2wL5FDyglW3n3.jpg', variants=[VideoVariant(contentType='application/x-mpegURL', url='https://video.twimg.com/ext_tw_video/1263089703068336128/pu/pl/gjeKhNAGtx7KLod5.m3u8?tag=10', bitrate=None), VideoVariant(contentType='video/mp4', url='https://video.twimg.com/ext_tw_video/1263089703068336128/pu/vid/320x320/61DgPd24LXqCSuSV.mp4?tag=10', bitrate=432000), VideoVariant(contentType='video/mp4', url='https://video.twimg.com/ext_tw_video/1263089703068336128/pu/vid/720x720/vrUCnI92UQpXiTqo.mp4?tag=10', bitrate=1280000), VideoVariant(contentType='video/mp4', url='https://video.twimg.com/ext_tw_video/1263089703068336128/pu/vid/480x480/Y7UoS9mdY_r2CbEe.mp4?tag=10', bitrate=832000)], duration=60.12, views=983)]",vodafone,"🎉Stay connected, stay ahead with Vodafone Ghana! 🚀 Whether you're on the go or at home, we've got you covered. #StayConnected #StayGhanaian",
3413,2018-08-18 20:10:02,302,BBCSport,"[Photo(previewUrl='https://pbs.twimg.com/media/Dk6Gn3fW0AAwxlL?format=jpg&name=small', fullUrl='https://pbs.twimg.com/media/Dk6Gn3fW0AAwxlL?format=jpg&name=large')]",bbc,"🚨Stay tuned for the latest in sports! 🏏🏃‍♀️ Whether it's football, rugby, or athletics, BBC Sport brings you the best coverage from around the world. #BBCSport #SportsLovers #StayTuned",
5460,2020-06-20 12:38:41,12,BBYNews,"[Photo(previewUrl='https://pbs.twimg.com/media/Ea9LqLOX0AAWn9u?format=jpg&name=small', fullUrl='https://pbs.twimg.com/media/Ea9LqLOX0AAWn9u?format=jpg&name=large')]",best buy,"🎉 Saturday at Best Buy! 🚀 Dive into the world of electronics, home goods, and more. Shop now and get ready for the weekend! 🛍️ #BestBuy #ShopBest #SaturdayShopping #ElectronicsMatters #HomeGoodsMatters",
4956,2018-06-15 17:06:14,3,rbccm,"[Photo(previewUrl='https://pbs.twimg.com/media/Dfv3F2LX4AE1zat?format=jpg&name=small', fullUrl='https://pbs.twimg.com/media/Dfv3F2LX4AE1zat?format=jpg&name=large')]",rbc,"🎉 Friday is here, and so is the perfect time to kick back, relax, and indulge in the best of the best! 🌟 Whether you're looking to unwind or just want to enjoy some quality time with your loved ones, RBC is here to help you make the most of every moment. Don't miss out on the fun! #RBC #FridayIsHere #EnjoyTheDay",
7397,2019-05-27 15:28:29,485,SkySportsBoxing,"[Video(thumbnailUrl='https://pbs.twimg.com/amplify_video_thumb/1089908058082422784/img/JM9rcQURhAv70gE_.jpg', variants=[VideoVariant(contentType='video/mp4', url='https://video.twimg.com/amplify_video/1089908058082422784/vid/320x180/4OZrds5xSQYqmlZQ.mp4?tag=9', bitrate=288000), VideoVariant(contentType='application/x-mpegURL', url='https://video.twimg.com/amplify_video/1089908058082422784/pl/YzGs7HimIeF98hg7.m3u8?tag=9', bitrate=None), VideoVariant(contentType='video/mp4', url='https://video.twimg.com/amplify_video/1089908058082422784/vid/640x360/Qlb1wr4mSN2ngeuX.mp4?tag=9', bitrate=832000), VideoVariant(contentType='video/mp4', url='https://video.twimg.com/amplify_video/1089908058082422784/vid/1280x720/quF7ybGWLHstxokJ.mp4?tag=9', bitrate=2176000)], duration=39.28, views=58693)]",sky,"🚨 **Sky Sports Boxing** is here to make your Monday even more exciting! 🏃🏋️‍♀️ Whether you're a boxing fan or just looking for some action, we've got you covered! #SkySports #BoxingLovers #MondayMotivation",
5415,2018-07-04 16:38:56,278,BBCSport,"[Photo(previewUrl='https://pbs.twimg.com/media/DhRmvfbXUAAqNNS?format=jpg&name=small', fullUrl='https://pbs.twimg.com/media/DhRmvfbXUAAqNNS?format=jpg&name=large')]",bbc,"🎉Stay tuned for the latest in sports! 🏏🏃‍♀️🏋️‍♂️ Whether you're cheering on the field or following the action from home, BBC Sport has got you covered. Tune in and join the conversation! #BBCSport #SportsLovers #StayTuned #EngageWithUs",
7400,2020-11-22 10:42:15,245,BBCSport,"[Photo(previewUrl='https://pbs.twimg.com/media/Ena_wU5XcAAVL5K?format=jpg&name=small', fullUrl='https://pbs.twimg.com/media/Ena_wU5XcAAVL5K?format=jpg&name=large')]",bbc,🎉Stay tuned for the latest in sports! 🏏🏃‍♀️🏋️‍♂️ #BBCSport #SundaysAt10 #StayTuned,
7415,2020-11-09 17:58:33,8558,espn,"[Photo(previewUrl='https://pbs.twimg.com/media/EmZm9DgXUAE3yPG?format=jpg&name=small', fullUrl='https://pbs.twimg.com/media/EmZm9DgXUAE3yPG?format=jpg&name=large')]",espn,Monday at ESPN kicks off with a bang! 🏃🚀 #MondayMotivation #ESPN #Workout #Fitness #StayStrong #GetFit #MotivationMonday #TeamESPN,
9101,2018-05-24 21:00:02,44,Walgreens,"[Photo(previewUrl='https://pbs.twimg.com/media/Dd_ZojPV0AEQpk5?format=jpg&name=small', fullUrl='https://pbs.twimg.com/media/Dd_ZojPV0AEQpk5?format=jpg&name=large')]",walgreens,🎉 Thursday night at Walgreens! 🛍️ Get ready to stock up on essentials and enjoy some free Wi-Fi while you shop. #Walgreens #ThursdayNight #ShopWalgreens,
4852,2019-05-30 16:40:00,307,BBCSport,"[Photo(previewUrl='https://pbs.twimg.com/media/D70-qUSXUAEh2wS?format=jpg&name=small', fullUrl='https://pbs.twimg.com/media/D70-qUSXUAEh2wS?format=jpg&name=large')]",bbc,🚨Stay tuned for the latest in sports! 🏏 #BBCSport #SportsLovers #StayTuned #EngageWithUs #FollowOurUpdates #StayInTheLoop,
2026,2018-02-02 16:20:00,221,BBCSport,"[Photo(previewUrl='https://pbs.twimg.com/media/DVCsjHdXUAIRY6k?format=jpg&name=small', fullUrl='https://pbs.twimg.com/media/DVCsjHdXUAIRY6k?format=jpg&name=large')]",bbc,🎉Stay tuned for the latest in sports! 🏏 #BBCSport #FridayNight #StayTuned #SportsLovers #EngageWithUs #FollowOurUpdates #StayInTheLoop,
2616,2019-12-16 20:20:00,588,BBCSport,"[Photo(previewUrl='https://pbs.twimg.com/media/EL7sZJmWsAIUDnd?format=jpg&name=small', fullUrl='https://pbs.twimg.com/media/EL7sZJmWsAIUDnd?format=jpg&name=large')]",bbc,"Monday night, kick off your day with BBC Sport! 🏃🏃🏃 #BBCSport #MondayNight #SportsAction #EngageWithUs",
7389,2020-10-21 21:15:27,4,zinakumok,"[Gif(thumbnailUrl='https://pbs.twimg.com/tweet_video_thumb/Ek4dz7GXEAAwT_N.jpg', variants=[VideoVariant(contentType='video/mp4', url='https://video.twimg.com/tweet_video/Ek4dz7GXEAAwT_N.mp4', bitrate=0)])]",coach,"🎉 Wednesday night is here, and so is the perfect time to kick back, relax, and unwind with a good book or a cup of coffee. Let's #ReadAndRelax together! 📖☕ #ZinaKumo #WednesdayNight #BookLover #CoffeeLover",
2927,2019-04-18 11:05:51,22,TheCoachrules,"[Video(thumbnailUrl='https://pbs.twimg.com/ext_tw_video_thumb/1118832949678542848/pu/img/aqFuguSJfab168G5.jpg', variants=[VideoVariant(contentType='video/mp4', url='https://video.twimg.com/ext_tw_video/1118832949678542848/pu/vid/360x640/k-rYBHQFnBhmj0-I.mp4?tag=8', bitrate=832000), VideoVariant(contentType='video/mp4', url='https://video.twimg.com/ext_tw_video/1118832949678542848/pu/vid/320x568/1IZ3qm9nZl5byC6B.mp4?tag=8', bitrate=632000), VideoVariant(contentType='application/x-mpegURL', url='https://video.twimg.com/ext_tw_video/1118832949678542848/pu/pl/H63bbgjkp3xnAyi4.m3u8?tag=8', bitrate=None), VideoVariant(contentType='video/mp4', url='https://video.twimg.com/ext_tw_video/1118832949678542848/pu/vid/720x1280/EmTqaSRdLPfRmeE5.mp4?tag=8', bitrate=2176000)], duration=54.117, views=5454)]",coach,"🎉 Thursday is here, and so is the perfect opportunity to kickstart your day with #TheCoachRules! 🏃🏋️‍♀️ #FitnessGoals #Motivation #StayFit #HealthyHabits #CoachRules #MondayMotivation",
1122,2020-03-08 12:30:00,163,BBC6Music,"[Video(thumbnailUrl='https://pbs.twimg.com/media/ESi1SfcXgAAeVwL.jpg', variants=[VideoVariant(contentType='video/mp4', url='https://video.twimg.com/amplify_video/1236436187428130816/vid/720x720/_XwolStikwxusoY5.mp4?tag=13', bitrate=1280000), VideoVariant(contentType='video/mp4', url='https://video.twimg.com/amplify_video/1236436187428130816/vid/480x480/nYtTlJRMphfQ2o0p.mp4?tag=13', bitrate=832000), VideoVariant(contentType='video/mp4', url='https://video.twimg.com/amplify_video/1236436187428130816/vid/320x320/YgapdnO2mz4-DKlj.mp4?tag=13', bitrate=432000), VideoVariant(contentType='application/x-mpegURL', url='https://video.twimg.com/amplify_video/1236436187428130816/pl/39RbzuJ0_t2O2ej7.m3u8?tag=13', bitrate=None)], duration=109.64, views=38576)]",bbc,"🎉 Tune in to @6Music on BBC Radio 6 Music this Sunday at noon! 🎶 Whether you're a music enthusiast or just looking for some relaxing tunes, there's something for everyone. Tune in and join the conversation! #6Music #BBCRadio6Music",
2911,2020-04-12 16:31:37,4119,BBCNews,"[Video(thumbnailUrl='https://pbs.twimg.com/amplify_video_thumb/1249373108508729344/img/9BlIt9F0D--_iAoB.jpg', variants=[VideoVariant(contentType='application/x-mpegURL', url='https://video.twimg.com/amplify_video/1249373108508729344/pl/ihBMf-YsHZb0Phlm.m3u8?tag=13', bitrate=None), VideoVariant(contentType='video/mp4', url='https://video.twimg.com/amplify_video/1249373108508729344/vid/360x640/2kbS1XJ_ohCjJmaW.mp4?tag=13', bitrate=832000), VideoVariant(contentType='video/mp4', url='https://video.twimg.com/amplify_video/1249373108508729344/vid/320x568/BuDZOijLbr3LtmTz.mp4?tag=13', bitrate=632000), VideoVariant(contentType='video/mp4', url='https://video.twimg.com/amplify_video/1249373108508729344/vid/720x1280/-h7FWYfFv1LuHsfi.mp4?tag=13', bitrate=2176000)], duration=143.0, views=266346)]",bbc,"🎉Stay tuned for the latest BBC news at 5pm! 🌇 Whether it's breaking news, documentaries, or behind-the-scenes insights, you won't want to miss a thing. #BBCNews #StayInformed",
8147,2020-04-29 13:40:21,169,BBCPolitics,"[Video(thumbnailUrl='https://pbs.twimg.com/amplify_video_thumb/1255490669562531840/img/f0QdQKRCtNbkRTkr.jpg', variants=[VideoVariant(contentType='video/mp4', url='https://video.twimg.com/amplify_video/1255490669562531840/vid/480x270/ooS6Mwc6cdN1FEmd.mp4?tag=13', bitrate=288000), VideoVariant(contentType='video/mp4', url='https://video.twimg.com/amplify_video/1255490669562531840/vid/1280x720/jP2G_FKRdyUZ1HeG.mp4?tag=13', bitrate=2176000), VideoVariant(contentType='video/mp4', url='https://video.twimg.com/amplify_video/1255490669562531840/vid/640x360/9WRsJ9htEPzbqBgD.mp4?tag=13', bitrate=832000), VideoVariant(contentType='application/x-mpegURL', url='https://video.twimg.com/amplify_video/1255490669562531840/pl/u4_iHcrSuZr4_IO_.m3u8?tag=13', bitrate=None)], duration=66.148, views=23786)]",bbc,Stay tuned for the latest from #BBCPolitics on Wednesdays! 🕵️‍♂️ #News #Updates #StayInformed #EngageWithUs,
7384,2020-03-17 15:52:13,349,kroger,"[Video(thumbnailUrl='https://pbs.twimg.com/media/ETUpPffWsAAzDNh.jpg', variants=[VideoVariant(contentType='application/x-mpegURL', url='https://video.twimg.com/ext_tw_video/1239942434051719169/pu/pl/lcgI4uT2FXqn_fdW.m3u8?tag=10', bitrate=None), VideoVariant(contentType='video/mp4', url='https://video.twimg.com/ext_tw_video/1239942434051719169/pu/vid/1280x720/aUqNWEt9Q6GzZX8L.mp4?tag=10', bitrate=2176000), VideoVariant(contentType='video/mp4', url='https://video.twimg.com/ext_tw_video/1239942434051719169/pu/vid/480x270/pmBekdrt8s8q2TeG.mp4?tag=10', bitrate=256000), VideoVariant(contentType='video/mp4', url='https://video.twimg.com/ext_tw_video/1239942434051719169/pu/vid/640x360/UfShQRxAAS_TkH3v.mp4?tag=10', bitrate=832000)], duration=89.131, views=31880)]",kroger,"**Tweet:**
🎉 Happy Tuesday from Kroger! 🛋️ Whether you're in the mood for a quick bite or a full meal, Kroger has got you covered. #Kroger #FoodieLife #EatWell",
3483,2019-10-03 19:43:26,2,arune,"[Gif(thumbnailUrl='https://pbs.twimg.com/tweet_video_thumb/EF-mPsQW4AAP2Ya.jpg', variants=[VideoVariant(contentType='video/mp4', url='https://video.twimg.com/tweet_video/EF-mPsQW4AAP2Ya.mp4', bitrate=0)])]",diesel,"🎉 Thursday night kicks off with a #Diesel vibe! 🌟 Whether you're chilling at home or out with friends, let's #DiveIntoTheNight together. Stay tuned for our latest drops and events. #StayDedicated #FollowDiesel",
796,2020-01-02 13:00:32,3,rbcgamnews,"[Video(thumbnailUrl='https://pbs.twimg.com/media/ENRytSdXsAAgxe6.jpg', variants=[VideoVariant(contentType='video/mp4', url='https://video.twimg.com/ext_tw_video/1212720207405420544/pu/vid/1280x720/jHlRBuofP0z_t5Rx.mp4?tag=10', bitrate=2176000), VideoVariant(contentType='video/mp4', url='https://video.twimg.com/ext_tw_video/1212720207405420544/pu/vid/480x270/UUoCYpC6WVCNl-xm.mp4?tag=10', bitrate=256000), VideoVariant(contentType='video/mp4', url='https://video.twimg.com/ext_tw_video/1212720207405420544/pu/vid/640x360/xZQc6sMdlXPpzJhq.mp4?tag=10', bitrate=832000), VideoVariant(contentType='application/x-mpegURL', url='https://video.twimg.com/ext_tw_video/1212720207405420544/pu/pl/ru-ySVOCRvn_WPRI.m3u8?tag=10', bitrate=None)], duration=81.373, views=174)]",rbc,"🚨Stay tuned for the latest in gaming news and updates from @RBCGamNews! 🌟 Whether it's new releases, tournaments, or exclusive deals, we've got you covered. Don't miss out on the action! 🎮 #GamingCommunity #StayInTheLoop",
1576,2020-02-26 12:00:00,803,BBCEarth,"[Gif(thumbnailUrl='https://pbs.twimg.com/tweet_video_thumb/EKit767W4AARYaO.jpg', variants=[VideoVariant(contentType='video/mp4', url='https://video.twimg.com/tweet_video/EKit767W4AARYaO.mp4', bitrate=0)])]",bbc,"🎉Stay tuned for the latest from the BBC on Wednesdays! 🌟 Tune in to @BBCEarth for all your news, documentaries, and more. #BBC #Wednesdays #News #Documentary #BBCEarth #StayTuned #EngageWithUs",
6177,2018-09-29 21:01:02,2937,UNICEFUSA,"[Video(thumbnailUrl='https://pbs.twimg.com/ext_tw_video_thumb/1046142760871448577/pu/img/e1aNDe-1HHcI8wsT.jpg', variants=[VideoVariant(contentType='video/mp4', url='https://video.twimg.com/ext_tw_video/1046142760871448577/pu/vid/1280x720/7AQtcH6y0j90SWBP.mp4?tag=5', bitrate=2176000), VideoVariant(contentType='application/x-mpegURL', url='https://video.twimg.com/ext_tw_video/1046142760871448577/pu/pl/84_EKZvKMyaIYPiN.m3u8?tag=5', bitrate=None), VideoVariant(contentType='video/mp4', url='https://video.twimg.com/ext_tw_video/1046142760871448577/pu/vid/320x180/HLoYd7QhnEHcdW2f.mp4?tag=5', bitrate=256000), VideoVariant(contentType='video/mp4', url='https://video.twimg.com/ext_tw_video/1046142760871448577/pu/vid/640x360/PN30QZpW-bT_PrIu.mp4?tag=5', bitrate=832000)], duration=22.645, views=13804)]",unicef,"🎉Join UNICEF USA for a fun-filled Saturday night! 🚀 Whether you're a parent, a child, or just a curious observer, there's something for everyone at our event. Don't miss out on the opportunity to make a difference in the lives of children around the world. Stay tuned for more updates and don't forget to like, share, and engage with us on social media. #UNICEFSaturday #MakeADifference #ChildrenFirst",
6267,2019-02-26 10:16:02,481,SkySportsPL,"[Photo(previewUrl='https://pbs.twimg.com/media/D0UwNaUX4AA_hVd?format=jpg&name=small', fullUrl='https://pbs.twimg.com/media/D0UwNaUX4AA_hVd?format=jpg&name=large')]",sky,**Tweet:** 🏠✨ #SkySports #PL23/02/2023 #TuesdayTales #SupportYourTeam #GoSky #GoPL 🏃🏃🏃 #FootballLovers #SupportTheHomeTeam #UnitedWeStand #TogetherWeWin #SkyBlue #SkyWhite #SkyRed #SkyGreen #SkyYellow #SkyBlack #SkyGray #SkyCyan #SkyLime #SkyTurquoise #SkyIndigo #SkyViolet #,
2459,2020-12-17 00:39:16,96,DIRECTVSportsCo,"[Photo(previewUrl='https://pbs.twimg.com/media/EpZlXOFXIAIqLYQ?format=jpg&name=small', fullUrl='https://pbs.twimg.com/media/EpZlXOFXIAIqLYQ?format=jpg&name=large')]",directv,🚨Stay tuned for the latest in DIRECTV Sports Co. action! 🏟️ #DirectV #SportsLovers #StayConnected,
3313,2018-02-09 13:03:50,0,salmajafri,"[Photo(previewUrl='https://pbs.twimg.com/media/DVmHSy0XcAA6eVK?format=jpg&name=small', fullUrl='https://pbs.twimg.com/media/DVmHSy0XcAA6eVK?format=jpg&name=large')]",coach,"🎉 Friday is here, and so is the perfect time to kick back, relax, and unwind! 🌟 Whether you're looking for a quick workout or just want to catch up with friends, we've got you covered! #FitnessFriday #WellnessWednesday",
1254,2020-06-25 12:15:00,310,BBCSport,"[Photo(previewUrl='https://pbs.twimg.com/media/EbT19lNXYAEk1eG?format=jpg&name=small', fullUrl='https://pbs.twimg.com/media/EbT19lNXYAEk1eG?format=jpg&name=large')]",bbc,🎉Stay tuned for the latest in sports! 🏏 #BBCSport #SportsLovers #StayInTouch #EngageWithUs #FollowOurUpdates,
6835,2018-10-22 13:46:43,397,BBCPolitics,"[Video(thumbnailUrl='https://pbs.twimg.com/amplify_video_thumb/1054365705221611520/img/k66foqbJZ8OvQDMy.jpg', variants=[VideoVariant(contentType='application/x-mpegURL', url='https://video.twimg.com/amplify_video/1054365705221611520/pl/sVOMJeT20Fphyb6n.m3u8?tag=8', bitrate=None), VideoVariant(contentType='video/mp4', url='https://video.twimg.com/amplify_video/1054365705221611520/vid/720x1280/nIfPZ5ztZELXBdG7.mp4?tag=8', bitrate=2176000), VideoVariant(contentType='video/mp4', url='https://video.twimg.com/amplify_video/1054365705221611520/vid/360x640/mDyASsZePr7DT6Vz.mp4?tag=8', bitrate=832000), VideoVariant(contentType='video/mp4', url='https://video.twimg.com/amplify_video/1054365705221611520/vid/180x320/L6eZERA5GCTEsMIQ.mp4?tag=8', bitrate=288000)], duration=174.36, views=34456)]",bbc,"Good morning, everyone! 🌥️ Let's kick off the week with some #BBCPolitics news. Stay tuned for updates throughout the day. #MondayMotivation #StayInformed",
8795,2019-04-11 19:41:14,51,IExpressSports,"[Photo(previewUrl='https://pbs.twimg.com/media/D35XftBWsAEQ7RJ?format=jpg&name=small', fullUrl='https://pbs.twimg.com/media/D35XftBWsAEQ7RJ?format=jpg&name=large'), Photo(previewUrl='https://pbs.twimg.com/media/D35XfokWwAEmBK0?format=jpg&name=small', fullUrl='https://pbs.twimg.com/media/D35XfokWwAEmBK0?format=jpg&name=large'), Photo(previewUrl='https://pbs.twimg.com/media/D35Xfs_X4AILmhr?format=jpg&name=small', fullUrl='https://pbs.twimg.com/media/D35Xfs_X4AILmhr?format=jpg&name=large')]",express,"🚨🚨🚨 Thursday night at @ExpressSports! 🚨🚨🚨 Join us for the latest in sports news, exclusive deals, and more. Don't miss out on the action! #ExpressSports #SportsLovers #StayConnected",
3838,2020-10-13 12:12:37,333,BBCScotlandNews,"[Video(thumbnailUrl='https://pbs.twimg.com/amplify_video_thumb/1315987334429437952/img/eqL9FmnpCiRz9pFQ.jpg', variants=[VideoVariant(contentType='application/x-mpegURL', url='https://video.twimg.com/amplify_video/1315987334429437952/pl/8xY3C0FHHndIcdBg.m3u8?tag=13', bitrate=None), VideoVariant(contentType='video/mp4', url='https://video.twimg.com/amplify_video/1315987334429437952/vid/1280x720/c3AlwIKEAAbmlXxN.mp4?tag=13', bitrate=2176000), VideoVariant(contentType='video/mp4', url='https://video.twimg.com/amplify_video/1315987334429437952/vid/480x270/HcuTHAkKu0c6U_bm.mp4?tag=13', bitrate=288000), VideoVariant(contentType='video/mp4', url='https://video.twimg.com/amplify_video/1315987334429437952/vid/640x360/yS-fPVDmF36uoMKD.mp4?tag=13', bitrate=832000)], duration=40.55, views=16791)]",bbc,🌟Stay tuned for the latest from Scotland! 🌟 #BBCScotland #ScottishNews #StayInTouch #EngageWithUs,
4399,2020-08-11 19:41:09,1,WorkwithUSAID,"[Photo(previewUrl='https://pbs.twimg.com/media/EfKfMohUwAAp3bs?format=jpg&name=small', fullUrl='https://pbs.twimg.com/media/EfKfMohUwAAp3bs?format=jpg&name=large')]",usaid,🎉 Join us in making the world a better place! 🌍✨ #USAID #GlobalGood #EmpoweringPeople #MakeADifference #TogetherWeCan #TuesdayNight #SocialResponsibility,
3596,2018-01-10 03:27:28,7,USAID_BD,"[Video(thumbnailUrl='https://pbs.twimg.com/ext_tw_video_thumb/950930118083399680/pu/img/G63xtswdViUMDjQA.jpg', variants=[VideoVariant(contentType='video/mp4', url='https://video.twimg.com/ext_tw_video/950930118083399680/pu/vid/640x360/sM3cwtdeAUOVwlyw.mp4', bitrate=832000), VideoVariant(contentType='application/x-mpegURL', url='https://video.twimg.com/ext_tw_video/950930118083399680/pu/pl/7ac9kUpyq-sXk2zo.m3u8', bitrate=None), VideoVariant(contentType='video/mp4', url='https://video.twimg.com/ext_tw_video/950930118083399680/pu/vid/320x180/jXtPjni4_DNVQP0l.mp4', bitrate=256000), VideoVariant(contentType='video/mp4', url='https://video.twimg.com/ext_tw_video/950930118083399680/pu/vid/1280x720/glMaftt8r5KnpM8q.mp4', bitrate=2176000)], duration=32.433, views=187)]",usaid,"🎉 Wednesday is here, and so is #USAID's commitment to helping those in need! Let's make the world a better place one step at a time. 🌍✨ #UnitedWeStand #TogetherForGood #MakeTheWorldABetterPlace",
6622,2018-12-29 22:31:56,264,BBCSussex,"[Video(thumbnailUrl='https://pbs.twimg.com/ext_tw_video_thumb/1079142872849489921/pu/img/QnxDwneG3wNUPMzd.jpg', variants=[VideoVariant(contentType='video/mp4', url='https://video.twimg.com/ext_tw_video/1079142872849489921/pu/vid/640x360/6EvSNfLnMniLb0Rx.mp4?tag=6', bitrate=832000), VideoVariant(contentType='application/x-mpegURL', url='https://video.twimg.com/ext_tw_video/1079142872849489921/pu/pl/RQnQY9Z1QkbS65zX.m3u8?tag=6', bitrate=None), VideoVariant(contentType='video/mp4', url='https://video.twimg.com/ext_tw_video/1079142872849489921/pu/vid/320x180/Aif-qtiYst3XBTeN.mp4?tag=6', bitrate=256000), VideoVariant(contentType='video/mp4', url='https://video.twimg.com/ext_tw_video/1079142872849489921/pu/vid/1280x720/gcRnSq0JrK4Uapn9.mp4?tag=6', bitrate=2176000)], duration=30.247, views=14914)]",bbc,"🎉Stay tuned for the best of Sussex at 10pm! Tune in to BBC Sussex on Saturday, June 14th, 2023. Don't miss out on the latest news, entertainment, and more! #BBCSusSEX #StayTuned #BBCNews #BBCEntertainment #BBCSurrey #BBCEastSussex #BBCWestSussex https://t.co/1234567890",
8383,2019-09-28 18:55:03,4708,WhiteHouse45,"[Photo(previewUrl='https://pbs.twimg.com/media/EFkrOVFXoAAygv_?format=jpg&name=small', fullUrl='https://pbs.twimg.com/media/EFkrOVFXoAAygv_?format=jpg&name=large'), Photo(previewUrl='https://pbs.twimg.com/media/EFkrOk9WkAIiqUZ?format=jpg&name=small', fullUrl='https://pbs.twimg.com/media/EFkrOk9WkAIiqUZ?format=jpg&name=large'), Photo(previewUrl='https://pbs.twimg.com/media/EFkrOvnWoAUEmYI?format=jpg&name=small', fullUrl='https://pbs.twimg.com/media/EFkrOvnWoAUEmYI?format=jpg&name=large')]",house,🚨Stay tuned for the latest from the White House! Join us at 6 PM EST for a special event. Don't miss it! #WhiteHouse #StayHomeStaySafe #EngageWithTheWhiteHouse,
2125,2018-06-01 17:01:02,2,chaptersindigo,"[Photo(previewUrl='https://pbs.twimg.com/media/DenvazUUwAMVW51?format=jpg&name=small', fullUrl='https://pbs.twimg.com/media/DenvazUUwAMVW51?format=jpg&name=large')]",indigo,"🎉 Friday is here, and so is a new chapter in @ChaptersIndigo's journey! 🚀 Whether you're in the mood for a cozy read or a thrilling adventure, we've got you covered. Let's dive into the next chapter together! 📖✨ #IndigoChapters #FridayNight #BookLovers #ReadAndBeRead",
3239,2019-10-17 16:17:04,358,BBCAfrica,"[Video(thumbnailUrl='https://pbs.twimg.com/media/EHF9RDbX0AElblr.jpg', variants=[VideoVariant(contentType='video/mp4', url='https://video.twimg.com/amplify_video/1184863520850100230/vid/480x480/a65wVBPwQPk0YrxM.mp4?tag=13', bitrate=832000), VideoVariant(contentType='video/mp4', url='https://video.twimg.com/amplify_video/1184863520850100230/vid/320x320/yTykENG3hOuMQLSH.mp4?tag=13', bitrate=432000), VideoVariant(contentType='video/mp4', url='https://video.twimg.com/amplify_video/1184863520850100230/vid/720x720/dllZANdUW9UT42Zv.mp4?tag=13', bitrate=1280000), VideoVariant(contentType='application/x-mpegURL', url='https://video.twimg.com/amplify_video/1184863520850100230/pl/ybbJMjEsKqokDBp6.m3u8?tag=13', bitrate=None)], duration=156.8, views=12060)]",bbc,🎉Stay tuned for the latest news and insights from across Africa! #BBCAfrica #StayInformed #AfricaConnectsUs,
5404,2019-03-13 19:00:45,5,GloballCoach,"[Photo(previewUrl='https://pbs.twimg.com/media/D1j4KAzWoAIIbKI?format=jpg&name=small', fullUrl='https://pbs.twimg.com/media/D1j4KAzWoAIIbKI?format=jpg&name=large')]",coach,"🎉 Wednesday night is here! 🌠 Whether you're chasing your goals or just looking for a little motivation, let #GlobalCoach be your guiding light. Let's crush this week together! 💪 #MotivationMonday #GloballyInspired",
5999,2019-12-09 21:35:52,1403,SkySportsStatto,"[Photo(previewUrl='https://pbs.twimg.com/media/ELYCeZvWkAIFV5A?format=jpg&name=small', fullUrl='https://pbs.twimg.com/media/ELYCeZvWkAIFV5A?format=jpg&name=large')]",sky,🚨 **Sky Sports** is here to keep you in the loop with all the latest news and highlights from around the world! Tune in at 11 PM for your favorite matches. #SkySports #11PM #StayConnected,
5939,2019-03-12 21:53:35,3104,BBCSport,"[Photo(previewUrl='https://pbs.twimg.com/media/D1fVuVHWwAEMye8?format=jpg&name=small', fullUrl='https://pbs.twimg.com/media/D1fVuVHWwAEMye8?format=jpg&name=large')]",bbc,🚨Stay tuned for the latest in sports! 🏏 #BBCSport #2100 #SportsLovers #StayTuned #EngageWithUs,
2046,2018-09-15 14:11:13,688,SkySportsPL,"[Video(thumbnailUrl='https://pbs.twimg.com/media/DnJBPBtWsAA9SQq.jpg', variants=[VideoVariant(contentType='video/mp4', url='https://video.twimg.com/ext_tw_video/1040966195850166273/pu/vid/640x360/ovwVnC5jfj0WDZ0C.mp4?tag=5', bitrate=832000), VideoVariant(contentType='application/x-mpegURL', url='https://video.twimg.com/ext_tw_video/1040966195850166273/pu/pl/_F3H2EtJnxAzgGRu.m3u8?tag=5', bitrate=None), VideoVariant(contentType='video/mp4', url='https://video.twimg.com/ext_tw_video/1040966195850166273/pu/vid/1280x720/bt8WICqU_bRFkcGE.mp4?tag=5', bitrate=2176000), VideoVariant(contentType='video/mp4', url='https://video.twimg.com/ext_tw_video/1040966195850166273/pu/vid/320x180/tU9bLd5bOac0CIpk.mp4?tag=5', bitrate=256000)], duration=60.08, views=741575)]",sky,"🚨It's Saturday, kick off your day with Sky Sports! 🏠🚀 #SkySports #1400pm",
1579,2020-08-04 20:31:43,2,robertdos,"[Gif(thumbnailUrl='https://pbs.twimg.com/tweet_video_thumb/EemnytJUYAEMuzL.jpg', variants=[VideoVariant(contentType='video/mp4', url='https://video.twimg.com/tweet_video/EemnytJUYAEMuzL.mp4', bitrate=0)])]",coach,🎉 Tuesday night at 10pm! 🌛️ Let's dive into the weekend with a fun workout challenge. Ready to push your limits and achieve your fitness goals? Join me on this journey! 💪 #WorkoutTuesday #FitnessGoals #MotivationMonday,
15,2018-02-10 01:58:59,198,UCLASoftball,"[Photo(previewUrl='https://pbs.twimg.com/media/DVo4Bc9VQAEgTiK?format=jpg&name=small', fullUrl='https://pbs.twimg.com/media/DVo4Bc9VQAEgTiK?format=jpg&name=large')]",ucla,"🎉🎉 Saturday at UCLA Softball! 🏟️ Whether you're a fan or just curious, come cheer on the Bruins this weekend! #UCLASoftball #GoBruins #SportsLovers #UCLAToday",
2674,2019-03-16 23:56:38,47,eBay,"[Video(thumbnailUrl='https://pbs.twimg.com/amplify_video_thumb/1107066516350988288/img/lNDH-nLD7dyiY9Vg.jpg', variants=[VideoVariant(contentType='video/mp4', url='https://video.twimg.com/amplify_video/1107066516350988288/vid/640x360/kOO2GreJiEovUr1Y.mp4?tag=11', bitrate=832000), VideoVariant(contentType='video/mp4', url='https://video.twimg.com/amplify_video/1107066516350988288/vid/1280x720/vOJkzUQa51HP5JtI.mp4?tag=11', bitrate=2176000), VideoVariant(contentType='application/x-mpegURL', url='https://video.twimg.com/amplify_video/1107066516350988288/pl/tLx0Hx9XJiTQF4UY.m3u8?tag=11', bitrate=None), VideoVariant(contentType='video/mp4', url='https://video.twimg.com/amplify_video/1107066516350988288/vid/320x180/eUA9krklDPudurM8.mp4?tag=11', bitrate=288000)], duration=60.102, views=2624)]",ebay,"🎉 Saturday night is here, and so is the perfect time to shop on eBay! 🛍️ Whether you're looking for the latest trends or unique finds, eBay has something for everyone. Don't miss out on the best deals of the day! #eBay #ShopTonight",
7017,2018-02-08 20:33:04,189,BBCEarth,"[Gif(thumbnailUrl='https://pbs.twimg.com/tweet_video_thumb/DVbiB2tW4AA0pX4.jpg', variants=[VideoVariant(contentType='video/mp4', url='https://video.twimg.com/tweet_video/DVbiB2tW4AA0pX4.mp4', bitrate=0)])]",bbc,🎉Stay tuned for the latest from the BBC at 8pm tonight! #BBC #News #Entertainment #Tech #Culture #Science #History #Sports #Travel #Cooking #Fashion #Music #Film #Art #Education #Environment #Health #Wellness #LGBTQ+ #Autism #Diversity #Innovation #AI #Robotics #Sustainability #ClimateChange #UK #WorldNews #UKNews #GlobalNews #TechNews #ScienceNews #HistoryNews #,
8721,2018-06-22 06:33:00,274,BBCSport,"[Photo(previewUrl='https://pbs.twimg.com/media/DgRb8_6X0AA90bC?format=jpg&name=small', fullUrl='https://pbs.twimg.com/media/DgRb8_6X0AA90bC?format=jpg&name=large')]",bbc,"🎉 Friday is here, and so is the #BBCSport action! 🏃🏃🏃 Get ready for the latest news, sports insights, and more. Tune in or follow us on Twitter for all the latest updates! #StayConnected #SportsLovers #EngageWithUs",
8850,2019-06-05 13:10:00,509,UNICEF,"[Video(thumbnailUrl='https://pbs.twimg.com/media/D8JEIC-XsAAOuLu.jpg', variants=[VideoVariant(contentType='video/mp4', url='https://video.twimg.com/amplify_video/1135543673083637760/vid/1280x720/72Vnf6A8mqE5_wMy.mp4?tag=12', bitrate=2176000), VideoVariant(contentType='video/mp4', url='https://video.twimg.com/amplify_video/1135543673083637760/vid/320x180/8JB7QafLO14qhUqs.mp4?tag=12', bitrate=288000), VideoVariant(contentType='application/x-mpegURL', url='https://video.twimg.com/amplify_video/1135543673083637760/pl/lJZJbkdb5LirwyHD.m3u8?tag=12', bitrate=None), VideoVariant(contentType='video/mp4', url='https://video.twimg.com/amplify_video/1135543673083637760/vid/640x360/YTPddEtsKsHpqhqb.mp4?tag=12', bitrate=832000)], duration=67.693, views=9708)]",unicef,"🌍 UNICEF is here to make the world a better place for every child. Let's #EndPoverty, #EducationForAll, and #SaveLives together! 🌍✨ #ChildRights #ChildrenFirst #UNiTEtoEndChildPoverty #Let'sMakeItHappen #TogetherWeCan #United4Children #ChildSurvival #ChildHealth #ChildWelfare #ChildEquality #ChildInnovation #ChildEmpowerment #ChildDignity #Child",
4813,2020-06-27 07:00:47,215,ZenithBank,"[Photo(previewUrl='https://pbs.twimg.com/media/EbgBxqIWoAAkJIR?format=jpg&name=small', fullUrl='https://pbs.twimg.com/media/EbgBxqIWoAAkJIR?format=jpg&name=large')]",zenith,"🎉 Saturday vibes at ZenithBank! 💫 Whether you're in the mood for a weekend getaway or just relaxing at home, we've got you covered with our latest offers and services. #ZenithBank #SaturdaySerenity",
1085,2020-11-19 23:18:55,261,DeadlineWH,"[Video(thumbnailUrl='https://pbs.twimg.com/media/EnOQLNcW8AAXYyp.jpg', variants=[VideoVariant(contentType='video/mp4', url='https://video.twimg.com/amplify_video/1329564648467820551/vid/1280x720/khwRlW1skyEbplzb.mp4?tag=13', bitrate=2176000), VideoVariant(contentType='video/mp4', url='https://video.twimg.com/amplify_video/1329564648467820551/vid/640x360/YQZLmnwMfS8kwt2z.mp4?tag=13', bitrate=832000), VideoVariant(contentType='application/x-mpegURL', url='https://video.twimg.com/amplify_video/1329564648467820551/pl/Dtd6NNUeWoQdu73u.m3u8?tag=13&v=07a', bitrate=None), VideoVariant(contentType='video/mp4', url='https://video.twimg.com/amplify_video/1329564648467820551/vid/480x270/AHfIjNMbMJ2RB8Gm.mp4?tag=13', bitrate=288000)], duration=136.51, views=23943)]",house,🚨 Deadline WH is here! 🚨 Ready to deliver your projects on time. #DeadlineWH #OnTimeDelivery #WorkHardPlayHard #GetItDone #AchieveYourGoals #EffortlessEfficiency,
4984,2018-04-26 03:58:19,42,BrooksBrothers,"[Photo(previewUrl='https://pbs.twimg.com/media/DbrjQt7WsAAJVLR?format=jpg&name=small', fullUrl='https://pbs.twimg.com/media/DbrjQt7WsAAJVLR?format=jpg&name=large'), Photo(previewUrl='https://pbs.twimg.com/media/DbrjQt7X4AA4U62?format=jpg&name=small', fullUrl='https://pbs.twimg.com/media/DbrjQt7X4AA4U62?format=jpg&name=large'), Photo(previewUrl='https://pbs.twimg.com/media/DbrjQt8WkAASChk?format=jpg&name=small', fullUrl='https://pbs.twimg.com/media/DbrjQt8WkAASChk?format=jpg&name=large'), Photo(previewUrl='https://pbs.twimg.com/media/DbrjQt8WAAE-HPa?format=jpg&name=small', fullUrl='https://pbs.twimg.com/media/DbrjQt8WAAE-HPa?format=jpg&name=large')]",brooks brothers,"🎉 Thursday is here, and so is the perfect time to kick back, relax, and indulge in the best of Brooks Brothers. 🌟 Shop now and get ready to elevate your wardrobe with style and sophistication. #BrooksBoys #ShopBrooks #StyleSavvy",
7156,2018-12-18 10:46:42,391,SonyMusicUK,"[Gif(thumbnailUrl='https://pbs.twimg.com/tweet_video_thumb/DupOuR1WwAAKu3w.jpg', variants=[VideoVariant(contentType='video/mp4', url='https://video.twimg.com/tweet_video/DupOuR1WwAAKu3w.mp4', bitrate=0)])]",sony,🎉Stay tuned for the latest from Sony Music UK! 🎶 #SonyMusic #MusicLovers #TuesdayTuneIn #SonyUK #MusicMatters,
2885,2019-08-25 19:00:00,164,bbcthree,"[Video(thumbnailUrl='https://pbs.twimg.com/amplify_video_thumb/1082682965459636224/img/I6HfT1JyPaz3_ZNv.jpg', variants=[VideoVariant(contentType='video/mp4', url='https://video.twimg.com/amplify_video/1082682965459636224/vid/480x480/yyvdS2j-3CFqJk1N.mp4?tag=9', bitrate=832000), VideoVariant(contentType='video/mp4', url='https://video.twimg.com/amplify_video/1082682965459636224/vid/720x720/ikYjxDgpSDeNpC30.mp4?tag=9', bitrate=1280000), VideoVariant(contentType='video/mp4', url='https://video.twimg.com/amplify_video/1082682965459636224/vid/320x320/7X0OMDMwi6Mto87G.mp4?tag=9', bitrate=432000), VideoVariant(contentType='application/x-mpegURL', url='https://video.twimg.com/amplify_video/1082682965459636224/pl/AOpn1DsVOFo1JOxj.m3u8?tag=9', bitrate=None)], duration=240.92, views=31131)]",bbc,🎉 Tune in to BBC Three's special Sunday night show at 9 PM! Don't miss out on the latest news and entertainment. #BBCThree #SundaysAt9PM #StayTuned #EngageWithUs,
334,2018-11-15 16:00:01,285,BBCSounds,"[Video(thumbnailUrl='https://pbs.twimg.com/amplify_video_thumb/1063087008107712512/img/fnR2Ik7a0Zgkuwlu.jpg', variants=[VideoVariant(contentType='application/x-mpegURL', url='https://video.twimg.com/amplify_video/1063087008107712512/pl/TbhxehzB-7FuVsYq.m3u8?tag=8', bitrate=None), VideoVariant(contentType='video/mp4', url='https://video.twimg.com/amplify_video/1063087008107712512/vid/240x240/0y7MNc3JkGoik9Sc.mp4?tag=8', bitrate=288000), VideoVariant(contentType='video/mp4', url='https://video.twimg.com/amplify_video/1063087008107712512/vid/480x480/3DKX-yojIyk8V3lt.mp4?tag=8', bitrate=832000), VideoVariant(contentType='video/mp4', url='https://video.twimg.com/amplify_video/1063087008107712512/vid/720x720/TKEQZxa6TUhYVehk.mp4?tag=8', bitrate=1280000)], duration=33.08, views=96047)]",bbc,"🎉Stay tuned for the latest in music, news, and more from BBC Sounds! 🎶✨ Tune in at 6 PM for your favorite artists and exclusive content. #BBCSounds #MusicLovers #StayTuned",
7205,2018-04-10 16:30:46,11,ProCoachCricket,"[Gif(thumbnailUrl='https://pbs.twimg.com/tweet_video_thumb/Dab2DP_W0AI4CsV.jpg', variants=[VideoVariant(contentType='video/mp4', url='https://video.twimg.com/tweet_video/Dab2DP_W0AI4CsV.mp4', bitrate=0)])]",coach,🎉 **Tuesday Tip** 🚀 #CricketCoach 🏃 #Fitness #Motivation #StayStrong #GetFit #Workout #HealthyLifestyle #MotivateMe #Motivated #FitnessGoals #StayHealthy #StayFit #MotivationalMonday #MondayMotivation,
4368,2020-08-13 15:00:32,3,Safeway,"[Photo(previewUrl='https://pbs.twimg.com/media/EfTyThtUMAAKrh4?format=jpg&name=small', fullUrl='https://pbs.twimg.com/media/EfTyThtUMAAKrh4?format=jpg&name=large')]",safeway,🎉 Thursday at Safeway! 🛋️ Checkout your favorite items at unbeatable prices. Don't forget to snap a pic and share it with us! #ShopSafway #FaveFinds,
3080,2019-04-05 14:05:01,42,Dell,"[Photo(previewUrl='https://pbs.twimg.com/media/D3ZRCHgWwAAzz44?format=jpg&name=small', fullUrl='https://pbs.twimg.com/media/D3ZRCHgWwAAzz44?format=jpg&name=large')]",dell,"🎉 Friday is here, and so is the perfect time to upgrade your tech with Dell! 🚀 Whether you're a gamer, a student, or a professional, Dell has the perfect device for you. #Dell #TechGamer #TechStudent #TechProfessional",
7204,2018-03-08 07:59:00,339,BBCSpringwatch,"[Gif(thumbnailUrl='https://pbs.twimg.com/tweet_video_thumb/DU5PVAyXkAAYVnK.jpg', variants=[VideoVariant(contentType='video/mp4', url='https://video.twimg.com/tweet_video/DU5PVAyXkAAYVnK.mp4', bitrate=0)])]",bbc,"🎉Stay tuned for BBC Springwatch on Thursday, April 14th at 8:30 AM! 🌟 Join us as we bring you the best of nature and wildlife from across the UK. Don't miss it! #BBCSpringWatch #NatureLovers #Wildlife #StayTuned #StayHomeStaySafe",
9910,2019-06-29 16:36:36,2483,BBCR1,"[Video(thumbnailUrl='https://pbs.twimg.com/media/D-PiphnWkAEuAPz.jpg', variants=[VideoVariant(contentType='video/mp4', url='https://video.twimg.com/amplify_video/1145006982778281984/vid/480x480/9ogdEFFGX6GomYIZ.mp4?tag=13', bitrate=832000), VideoVariant(contentType='video/mp4', url='https://video.twimg.com/amplify_video/1145006982778281984/vid/720x720/u3xc7OcmX2sbT4sh.mp4?tag=13', bitrate=1280000), VideoVariant(contentType='application/x-mpegURL', url='https://video.twimg.com/amplify_video/1145006982778281984/pl/PKW9Zyicgr5RWdr5.m3u8?tag=13', bitrate=None), VideoVariant(contentType='video/mp4', url='https://video.twimg.com/amplify_video/1145006982778281984/vid/320x320/vGjnck1kH_Qzn1to.mp4?tag=13', bitrate=432000)], duration=34.451, views=84206)]",bbc,🎉Stay tuned for the latest news and insights from the BBC! 🌍 #BBC #News #Innovation #EngageWithTheBBC #StayInformed,
8865,2020-06-11 10:45:00,218,BBCSport,"[Photo(previewUrl='https://pbs.twimg.com/media/EaOPlVwXsAAXQnh?format=png&name=small', fullUrl='https://pbs.twimg.com/media/EaOPlVwXsAAXQnh?format=png&name=large')]",bbc,🚨Stay tuned for the latest in sports! 🏏 #BBCSport #SportsLovers #StayTuned #EngageWithUs #FollowOurUpdates #StayInTheLoop,
264,2019-04-11 15:02:27,8,AirbnbHelp,"[Gif(thumbnailUrl='https://pbs.twimg.com/tweet_video_thumb/D34XpjRWkAYZcyx.jpg', variants=[VideoVariant(contentType='video/mp4', url='https://video.twimg.com/tweet_video/D34XpjRWkAYZcyx.mp4', bitrate=0)])]",airbnb,"🎉✨ #StayHomeStaySafe 🌟 Whether you're looking for a cozy home away from home or a thrilling adventure, Airbnb is here to make your stay unforgettable! #Airbnb #Travel #StayAtHome #StaySafe #ExploreTheWorld",
4338,2020-02-14 18:32:43,1238,BBCRMsport,"[Photo(previewUrl='https://pbs.twimg.com/media/EQwbGn5WkAAEq1W?format=jpg&name=small', fullUrl='https://pbs.twimg.com/media/EQwbGn5WkAAEq1W?format=jpg&name=large')]",bbc,"🎉 Friday night is here! Tune in to BBC Sport for all your sports news, highlights, and more. 🏏🏃‍♀️🏋️‍♂️ #BBCRMSport #FridayNightIsHere #SportsLovers #StayHomeStaySafe",
8896,2020-04-28 13:23:59,62,IndianExpress,"[Video(thumbnailUrl='https://pbs.twimg.com/media/EWsaENqWAAAN7oR.jpg', variants=[VideoVariant(contentType='video/mp4', url='https://video.twimg.com/amplify_video/1255123024875065344/vid/1280x720/k616tUrWxMH-au5R.mp4?tag=13', bitrate=2176000), VideoVariant(contentType='video/mp4', url='https://video.twimg.com/amplify_video/1255123024875065344/vid/480x270/vNsczSs-wCg2ZMTV.mp4?tag=13', bitrate=288000), VideoVariant(contentType='video/mp4', url='https://video.twimg.com/amplify_video/1255123024875065344/vid/640x360/e9Ps8aJctZh0wvBJ.mp4?tag=13', bitrate=832000), VideoVariant(contentType='application/x-mpegURL', url='https://video.twimg.com/amplify_video/1255123024875065344/pl/Z1i5BGLPm_t7PSR2.m3u8?tag=13', bitrate=None)], duration=147.814, views=1851)]",express,"🎉 Tuesday is here, and so is the #IndianExpress, bringing you the latest news, insights, and stories from across India. Stay informed, stay connected! 🌍✨ #News #India #ExpressNews #StayInformed #ConnectWithUs",
8448,2019-04-24 20:50:09,6,USAIDAsiaHQ,"[Photo(previewUrl='https://pbs.twimg.com/media/D48j-H5WAAUWP4A?format=jpg&name=small', fullUrl='https://pbs.twimg.com/media/D48j-H5WAAUWP4A?format=jpg&name=large')]",usaid,"🎉Stay connected and inspired with #USAID Asia HQ! 🌿 Whether you're in the office or on the go, we're always here to support you. Let's make a difference together! 💪 #GlobalImpact #UnitedWeStand",
5904,2019-12-15 01:53:41,24683,espn,"[Video(thumbnailUrl='https://pbs.twimg.com/ext_tw_video_thumb/1206029367664685062/pu/img/y0mpp2hEZ9Lm-hg6.jpg', variants=[VideoVariant(contentType='video/mp4', url='https://video.twimg.com/ext_tw_video/1206029367664685062/pu/vid/720x720/FJAd5dLaf3QQZpDB.mp4?tag=10', bitrate=1280000), VideoVariant(contentType='application/x-mpegURL', url='https://video.twimg.com/ext_tw_video/1206029367664685062/pu/pl/8WPNIO5nJEyVSbeP.m3u8?tag=10', bitrate=None), VideoVariant(contentType='video/mp4', url='https://video.twimg.com/ext_tw_video/1206029367664685062/pu/vid/480x480/g1Lfqdmr2NHUrcYw.mp4?tag=10', bitrate=832000), VideoVariant(contentType='video/mp4', url='https://video.twimg.com/ext_tw_video/1206029367664685062/pu/vid/320x320/bDZC2bnPJEY2UBEx.mp4?tag=10', bitrate=432000)], duration=32.599, views=454166)]",espn,🎉Stay tuned for the latest in sports! 🏏 #Esports #Soccer #Basketball #Baseball #Golf #Tennis #NFL #MLB #NBA #WNBA #NHL #Lakers #Raptors #Warriors #Giants #Yankees #RedSox #Diamondbacks #Dodgers #Angels #Cubs #Cardinals #Mariners #Rangers #Twins #Indians #Pirates #Phillies #Padres,
1499,2020-11-04 19:30:00,374,BBCSpringwatch,"[Photo(previewUrl='https://pbs.twimg.com/media/El7EM7wXgAEIxoO?format=jpg&name=small', fullUrl='https://pbs.twimg.com/media/El7EM7wXgAEIxoO?format=jpg&name=large')]",bbc,Join us in the great outdoors with BBC Springwatch! 🌿 #BBC #Springwatch #NatureLovers #OutdoorAdventures #GetOutside #NatureIsBeautiful,
4191,2019-06-23 17:12:02,296,BBCSport,"[Gif(thumbnailUrl='https://pbs.twimg.com/tweet_video_thumb/D9wxNkvXkAIIlHu.jpg', variants=[VideoVariant(contentType='video/mp4', url='https://video.twimg.com/tweet_video/D9wxNkvXkAIIlHu.mp4', bitrate=0)])]",bbc,"🎉 Tune in to BBC Sport for the best in sports news, analysis, and more! 🏆 #BBCSport #SportsLovers #StayConnected #EngageWithUs",
7486,2018-01-19 07:24:57,157,BBCSport,"[Photo(previewUrl='https://pbs.twimg.com/media/DT4wPmbWkAAcAYx?format=jpg&name=small', fullUrl='https://pbs.twimg.com/media/DT4wPmbWkAAcAYx?format=jpg&name=large')]",bbc,"🎉 Friday is here, and so is the perfect time to kick off your weekend with #BBCSport! 🏃💨 Whether you're chasing your dreams or just relaxing, we've got you covered with the best in sports news, analysis, and entertainment. Tune in or follow us on Twitter to stay ahead of the game! #StayInTheLoop #SportsLovers #EngageWithUs",
9644,2018-05-01 13:00:02,650,UNICEF,"[Video(thumbnailUrl='https://pbs.twimg.com/media/DSzp4I-XcAEXv67.jpg', variants=[VideoVariant(contentType='video/mp4', url='https://video.twimg.com/amplify_video/949389215674064896/vid/720x720/HKks6QaHe8PWcRjB.mp4', bitrate=1280000), VideoVariant(contentType='video/mp4', url='https://video.twimg.com/amplify_video/949389215674064896/vid/240x240/fhhr873kiEyGpufi.mp4', bitrate=320000), VideoVariant(contentType='video/mp4', url='https://video.twimg.com/amplify_video/949389215674064896/vid/480x480/nmT_YMa1BGHDG_rN.mp4', bitrate=832000), VideoVariant(contentType='application/x-mpegURL', url='https://video.twimg.com/amplify_video/949389215674064896/pl/tNLhV4wzOJh9UJOa.m3u8', bitrate=None)], duration=55.347, views=125976)]",unicef,"🎉Join UNICEF on Tuesday for #WorldAidDay! Together, we can make a difference in the lives of children around the world. Let's stand up for children's rights and #EndChildPoverty. #UniteForChildren #TogetherWeCan #WAD2023",
8311,2019-04-09 20:40:11,481,SkyBetChamp,"[Photo(previewUrl='https://pbs.twimg.com/media/D3vRbyaX4AAJYPu?format=jpg&name=small', fullUrl='https://pbs.twimg.com/media/D3vRbyaX4AAJYPu?format=jpg&name=large')]",sky,🚨🚨🚨 **Sky Bet Champ!** 🚨🚨🚨 #TuesdayTwist #BetOnSky #WinWithSky Bet on your favorite teams and join the action! 🏃🏃🏃 #SportsLovers #BetNow #WinNow #SkyChamp 🏆🏆🏆 #SportsFanatics #BetWithSky 🏠🏠🏠 #HomeAdvantage #BetHome #WinHome #SkyHome #BetAway #WinAway #SkyAway 🌟🌟🌟,
7591,2018-09-27 09:56:32,312,BBCWales,"[Video(thumbnailUrl='https://pbs.twimg.com/ext_tw_video_thumb/1028694367907721216/pu/img/T9h013g9g6PvRm1a.jpg', variants=[VideoVariant(contentType='application/x-mpegURL', url='https://video.twimg.com/ext_tw_video/1028694367907721216/pu/pl/wtO5e_sNM3swUBwi.m3u8?tag=5', bitrate=None), VideoVariant(contentType='video/mp4', url='https://video.twimg.com/ext_tw_video/1028694367907721216/pu/vid/240x240/b6LPckUJyaaULIkG.mp4?tag=5', bitrate=256000), VideoVariant(contentType='video/mp4', url='https://video.twimg.com/ext_tw_video/1028694367907721216/pu/vid/720x720/S1hWSs6OuFWMykGq.mp4?tag=5', bitrate=1280000), VideoVariant(contentType='video/mp4', url='https://video.twimg.com/ext_tw_video/1028694367907721216/pu/vid/480x480/SaX2FQSntE-z-Dr4.mp4?tag=5', bitrate=832000)], duration=63.96, views=17987)]",bbc,"🎉Stay tuned for the latest news from BBC Wales! 🇬🇧 Whether it's breaking news, documentaries, or behind-the-scenes insights, we've got you covered. Don't miss out on the latest updates! #BBC #News #StayInformed",
501,2018-09-08 10:57:01,411,bbcthesocial,"[Video(thumbnailUrl='https://pbs.twimg.com/amplify_video_thumb/864429836042989569/img/YMDGZd7awheHAHIP.jpg', variants=[VideoVariant(contentType='video/mp4', url='https://video.twimg.com/amplify_video/864429836042989569/vid/240x240/uaLT5PkrkgzM4q29.mp4', bitrate=320000), VideoVariant(contentType='video/mp4', url='https://video.twimg.com/amplify_video/864429836042989569/vid/480x480/YNbB3VjEGNXen5Wz.mp4', bitrate=832000), VideoVariant(contentType='application/x-mpegURL', url='https://video.twimg.com/amplify_video/864429836042989569/pl/fV5VrEsXF8Tvv03W.m3u8', bitrate=None), VideoVariant(contentType='video/mp4', url='https://video.twimg.com/amplify_video/864429836042989569/vid/720x720/HfU2Z-GybwXwJS8b.mp4', bitrate=1280000)], duration=126.835, views=11692)]",bbc,"🎉Stay tuned for the best of BBC on Saturday! 🎶 Whether you're in the studio or at home, we've got something for everyone. #BBC #StayTuned #EngageWithBBC",
9156,2018-09-13 13:57:10,310,ClarenceHouse,"[Photo(previewUrl='https://pbs.twimg.com/media/Dm-q14UW4AEBmgz?format=jpg&name=small', fullUrl='https://pbs.twimg.com/media/Dm-q14UW4AEBmgz?format=jpg&name=large'), Photo(previewUrl='https://pbs.twimg.com/media/Dm-q11KW4AEyrz8?format=jpg&name=small', fullUrl='https://pbs.twimg.com/media/Dm-q11KW4AEyrz8?format=jpg&name=large'), Photo(previewUrl='https://pbs.twimg.com/media/Dm-q11VX4AEGgm8?format=jpg&name=small', fullUrl='https://pbs.twimg.com/media/Dm-q11VX4AEGgm8?format=jpg&name=large')]",house,"🎉 Thursday at Clarence House! 🌟 From our cozy kitchen to our lush gardens, every moment is a feast for the senses. Join us for a taste of the good life! 🍏✨ #HomeIsWhereTheHeartIs #FoodLovers #GardenGuru #HomeAwayFromHome",
9415,2020-11-28 14:28:21,334,BBCSport,"[Photo(previewUrl='https://pbs.twimg.com/media/En6tBqGWMAQ-qwn?format=jpg&name=small', fullUrl='https://pbs.twimg.com/media/En6tBqGWMAQ-qwn?format=jpg&name=large')]",bbc,"🎉Stay tuned for the latest in sports! 🏏🏃‍♀️🏋️‍♂️ Whether it's football, rugby, cricket, or any other sport you love, we've got you covered! #BBCSport #SportsLovers #StayTuned",
3096,2019-04-13 01:40:02,487,SkyNewsAust,"[Video(thumbnailUrl='https://pbs.twimg.com/media/D3_zPGEUIAUwkjg.jpg', variants=[VideoVariant(contentType='video/mp4', url='https://video.twimg.com/amplify_video/1116878300339523585/vid/1024x576/X0edhsA7ViMR7-z1.mp4?tag=11', bitrate=2176000), VideoVariant(contentType='video/mp4', url='https://video.twimg.com/amplify_video/1116878300339523585/vid/640x360/gUItTzKM56uz5gqr.mp4?tag=11', bitrate=832000), VideoVariant(contentType='video/mp4', url='https://video.twimg.com/amplify_video/1116878300339523585/vid/320x180/KvwhxKTTXIe0s5Kx.mp4?tag=11', bitrate=288000), VideoVariant(contentType='application/x-mpegURL', url='https://video.twimg.com/amplify_video/1116878300339523585/pl/Cov7SC_O-MbhAJ_G.m3u8?tag=11', bitrate=None)], duration=230.226, views=36104)]",sky,"🎉Stay tuned for the latest news from Australia! 🇦🇺 Join us on Saturday, June 14th, at 2:30 PM for a special event. Don't miss out on the opportunity to be the first to know. #SkyNews #StayInformed #StayConnected",
4632,2019-04-30 19:41:56,24837,WhiteHouse45,"[Video(thumbnailUrl='https://pbs.twimg.com/amplify_video_thumb/1123311001213067264/img/6MRbrQw_Y_WA0DTS.jpg', variants=[VideoVariant(contentType='video/mp4', url='https://video.twimg.com/amplify_video/1123311001213067264/vid/640x360/md9pF26HrTA7UJUf.mp4?tag=13', bitrate=832000), VideoVariant(contentType='video/mp4', url='https://video.twimg.com/amplify_video/1123311001213067264/vid/480x270/WECZ1kZrVbd8HPHD.mp4?tag=13', bitrate=288000), VideoVariant(contentType='application/x-mpegURL', url='https://video.twimg.com/amplify_video/1123311001213067264/pl/8ZuMxomNl2N1H13z.m3u8?tag=13', bitrate=None), VideoVariant(contentType='video/mp4', url='https://video.twimg.com/amplify_video/1123311001213067264/vid/1280x720/G7BJiQMz7atwrvk-.mp4?tag=13', bitrate=2176000)], duration=19.652, views=1197360)]",house,🚨Stay tuned for the latest news and updates from the White House! #WhiteHouse #StayInformed #StayConnected,
368,2020-04-09 18:52:00,178,BBCRadio4,"[Video(thumbnailUrl='https://pbs.twimg.com/amplify_video_thumb/1247919189223968768/img/UJjJOSRzI0Cxm75l.jpg', variants=[VideoVariant(contentType='video/mp4', url='https://video.twimg.com/amplify_video/1247919189223968768/vid/320x320/rG1ZAbznRM5YTiQC.mp4?tag=13', bitrate=432000), VideoVariant(contentType='video/mp4', url='https://video.twimg.com/amplify_video/1247919189223968768/vid/720x720/2Wuj2m1nIx19tgPJ.mp4?tag=13', bitrate=1280000), VideoVariant(contentType='video/mp4', url='https://video.twimg.com/amplify_video/1247919189223968768/vid/480x480/ZVYf0AKpn92u5nb4.mp4?tag=13', bitrate=832000), VideoVariant(contentType='application/x-mpegURL', url='https://video.twimg.com/amplify_video/1247919189223968768/pl/lgVVPtls2GncY_3I.m3u8?tag=13', bitrate=None)], duration=261.934, views=38254)]",bbc,"🎉 Tune in to BBC Radio 4 at 6 PM today! Dive into thought-provoking discussions, listen to inspiring stories, and catch up on the latest in news and culture. Don't miss out! #BBCRadio #ThoughtProvoking #Inspirational #NewsAndCulture #EngageWithUs",
4059,2020-12-27 16:21:48,2526,LFC,"[Video(thumbnailUrl='https://pbs.twimg.com/media/EqQc_O3XUAYPDHX.jpg', variants=[VideoVariant(contentType='video/mp4', url='https://video.twimg.com/amplify_video/1343230324361330695/vid/720x720/9-0a8-CbJeTY8JpJ.mp4?tag=13', bitrate=1280000), VideoVariant(contentType='video/mp4', url='https://video.twimg.com/amplify_video/1343230324361330695/vid/320x320/K9wqCuyhwadNMKFL.mp4?tag=13', bitrate=432000), VideoVariant(contentType='video/mp4', url='https://video.twimg.com/amplify_video/1343230324361330695/vid/480x480/SDn_PZTWj5HNkjuF.mp4?tag=13', bitrate=832000), VideoVariant(contentType='application/x-mpegURL', url='https://video.twimg.com/amplify_video/1343230324361330695/pl/N4KcWaOVygXjxz0L.m3u8?tag=13', bitrate=None)], duration=26.16, views=71404)]",liverpool,🚨 #LFC #SundayNight #SupportUs #GoLions 🏠💪 #Liverpool 🇬🇧 #FootballLover 🌟 #TeamSpirit #SupportYourTeam #SupportLFC 🏙️ #SupportTheCommunity #UnitedInUnity 🌍 #LiverpoolCity #GoAnfield #GoStadium #AnfieldMagic 🎶 #LiverpoolMusic 🎼 #LiverpoolCulture 🎨 #LiverpoolFashion 🛍️ #LiverpoolFood 🥓,
8175,2019-09-02 14:01:00,2927,BBC,"[Video(thumbnailUrl='https://pbs.twimg.com/media/EDdimDoWwAAZiHv.jpg', variants=[VideoVariant(contentType='video/mp4', url='https://video.twimg.com/amplify_video/1168506735574835200/vid/320x320/oWHqRzkC042lqWXh.mp4?tag=13', bitrate=432000), VideoVariant(contentType='video/mp4', url='https://video.twimg.com/amplify_video/1168506735574835200/vid/720x720/-VBS-y4I14QFG-Cb.mp4?tag=13', bitrate=1280000), VideoVariant(contentType='video/mp4', url='https://video.twimg.com/amplify_video/1168506735574835200/vid/480x480/gL6JdevecdmGzbOI.mp4?tag=13', bitrate=832000), VideoVariant(contentType='application/x-mpegURL', url='https://video.twimg.com/amplify_video/1168506735574835200/pl/M0us3nrWjp6tyaaG.m3u8?tag=13', bitrate=None)], duration=120.6, views=260063)]",bbc,"Monday morning, kickstart your day with @BBC! Dive into the latest news, explore thought-provoking documentaries, or catch up on breaking news. #BBC #MondayMotivation #News #Documentary #BreakingNews #EngageWithUs #StayInformed",
4631,2019-04-05 10:23:06,238,BBC,"[Video(thumbnailUrl='https://pbs.twimg.com/media/DkFUVR-WwAIzzbV.jpg', variants=[VideoVariant(contentType='video/mp4', url='https://video.twimg.com/amplify_video/1027193393498206208/vid/240x240/OBLm0OMaaZ9J8qtD.mp4?tag=8', bitrate=288000), VideoVariant(contentType='video/mp4', url='https://video.twimg.com/amplify_video/1027193393498206208/vid/720x720/Y-A-ldPYnDkCFwZB.mp4?tag=8', bitrate=1280000), VideoVariant(contentType='application/x-mpegURL', url='https://video.twimg.com/amplify_video/1027193393498206208/pl/g4_aCM0VFNsCgWTf.m3u8?tag=8', bitrate=None), VideoVariant(contentType='video/mp4', url='https://video.twimg.com/amplify_video/1027193393498206208/vid/480x480/plWDX95hWq8VxU_U.mp4?tag=8', bitrate=832000)], duration=152.2, views=100042)]",bbc,🎉Stay tuned for the latest news and insights from @BBC! 🌍 #News #BBC #StayInformed,
6071,2020-04-04 22:09:05,6440,WhiteHouse45,"[Video(thumbnailUrl='https://pbs.twimg.com/media/EUysHiwXgAEkGf9.jpg', variants=[VideoVariant(contentType='application/x-mpegURL', url='https://video.twimg.com/ext_tw_video/1246560389585870849/pu/pl/_U7gHdkTxi8Dd_JE.m3u8?tag=10', bitrate=None), VideoVariant(contentType='video/mp4', url='https://video.twimg.com/ext_tw_video/1246560389585870849/pu/vid/480x270/ZKKbaoHl3KMWUvdZ.mp4?tag=10', bitrate=256000), VideoVariant(contentType='video/mp4', url='https://video.twimg.com/ext_tw_video/1246560389585870849/pu/vid/640x360/N-ER_PgcEdnyzJyx.mp4?tag=10', bitrate=832000), VideoVariant(contentType='video/mp4', url='https://video.twimg.com/ext_tw_video/1246560389585870849/pu/vid/1280x720/YqR-sAmYEGHujfie.mp4?tag=10', bitrate=2176000)], duration=79.978, views=322310)]",house,🚨Stay tuned for the latest updates from the White House! Join us on Saturday night as we bring you the most important news from the Oval Office. Don't miss it! #WhiteHouse #StayInformed #StayConnected,
2665,2020-03-18 21:33:00,769,BBCSport,"[Photo(previewUrl='https://pbs.twimg.com/media/ETa3LOzXgAAvYVk?format=jpg&name=small', fullUrl='https://pbs.twimg.com/media/ETa3LOzXgAAvYVk?format=jpg&name=large')]",bbc,🎉Stay tuned for the latest in sports! 🏏 #BBCSport Wednesdays are always packed with exciting matches and insightful analysis. Tune in at 8 PM for your favorite teams and athletes. #SportsLovers #EngageWithUs #StayTuned,
1027,2018-12-11 00:00:11,263,Tripadvisor,"[Video(thumbnailUrl='https://pbs.twimg.com/ext_tw_video_thumb/1072279799446548480/pu/img/Sybbv6jUbBUSGQqG.jpg', variants=[VideoVariant(contentType='application/x-mpegURL', url='https://video.twimg.com/ext_tw_video/1072279799446548480/pu/pl/1oSG5M4RDJ-HlOhK.m3u8?tag=6', bitrate=None), VideoVariant(contentType='video/mp4', url='https://video.twimg.com/ext_tw_video/1072279799446548480/pu/vid/640x360/ZRiJ_aBrRVN_B_iE.mp4?tag=6', bitrate=832000), VideoVariant(contentType='video/mp4', url='https://video.twimg.com/ext_tw_video/1072279799446548480/pu/vid/320x180/uXDQdmLGgY4u53xY.mp4?tag=6', bitrate=256000), VideoVariant(contentType='video/mp4', url='https://video.twimg.com/ext_tw_video/1072279799446548480/pu/vid/1280x720/hxDCEkCGFagV1tox.mp4?tag=6', bitrate=2176000)], duration=20.2, views=12407)]",tripadvisor,"🎉Traveling is not just about the destination. It's about the journey, the memories, and the people you meet along the way. Whether you're exploring a new city, hiking in the mountains, or relaxing by the beach, every moment is a chance to create unforgettable experiences. #TripAdvisor #Traveling #ExploreTheWorld",
5909,2020-04-15 14:53:43,101,HamptonSchool,"[Photo(previewUrl='https://pbs.twimg.com/media/EVpw9OQUwAA-XHp?format=jpg&name=small', fullUrl='https://pbs.twimg.com/media/EVpw9OQUwAA-XHp?format=jpg&name=large'), Photo(previewUrl='https://pbs.twimg.com/media/EVpw_A7UYAEfVjD?format=jpg&name=small', fullUrl='https://pbs.twimg.com/media/EVpw_A7UYAEfVjD?format=jpg&name=large')]",hampton,"**Hampton School 🏡✨ Wednesdays are filled with learning, creativity, and community at Hampton School. Join us for a day of fun, friendship, and academic excellence! 🚀 #Hampton #Wednesday #Education #Community #Learning #Creativity #Friendship #AcademicExcellence #Hamptonschool #SchoolLife #WednesdayAtHampton **",
5051,2020-09-05 14:50:00,2179,BBCSport,"[Photo(previewUrl='https://pbs.twimg.com/media/EhJgJo-WkAAcBpG?format=jpg&name=small', fullUrl='https://pbs.twimg.com/media/EhJgJo-WkAAcBpG?format=jpg&name=large')]",bbc,"🚨Stay tuned for the latest in sports! 🏏🏃‍♀️🏋️‍♂️ Whether it's football, rugby, cricket, or more, we've got you covered! #BBCSport #SportsLovers #StayTuned",
6329,2019-08-01 13:10:18,2028,UNICEF,"[Video(thumbnailUrl='https://pbs.twimg.com/ext_tw_video_thumb/1156913794213404672/pu/img/-7pDvbFj-xOajxux.jpg', variants=[VideoVariant(contentType='video/mp4', url='https://video.twimg.com/ext_tw_video/1156913794213404672/pu/vid/720x720/NOYUNncdvJIArB1C.mp4?tag=10', bitrate=1280000), VideoVariant(contentType='video/mp4', url='https://video.twimg.com/ext_tw_video/1156913794213404672/pu/vid/320x320/OiplOvv01PZFiXsC.mp4?tag=10', bitrate=432000), VideoVariant(contentType='video/mp4', url='https://video.twimg.com/ext_tw_video/1156913794213404672/pu/vid/480x480/yCN4I6PIV1HxVaW1.mp4?tag=10', bitrate=832000), VideoVariant(contentType='application/x-mpegURL', url='https://video.twimg.com/ext_tw_video/1156913794213404672/pu/pl/NFKniNphAZRBbm_f.m3u8?tag=10', bitrate=None)], duration=5.506, views=59774)]",unicef,"🎉Join UNICEF in celebrating #WorldChildren'sDay! Together, we can make the world a better place for children. Let's #MakeTheWorldABetterPlace! #ChildRights #ChildrenFirst #UniteForChildren #TogetherWeCan #EndPoverty #EducationForAll #SaveTheChildren #UNHRC2023 #ChildSurvival #ChildHealth #ChildWelfare #ChildEquality #ChildInnovation #ChildEmpowerment #ChildDignity #",
9734,2020-04-01 20:06:27,28,ruthetam,"[Gif(thumbnailUrl='https://pbs.twimg.com/tweet_video_thumb/EUizR4NWoAEmCLj.jpg', variants=[VideoVariant(contentType='video/mp4', url='https://video.twimg.com/tweet_video/EUizR4NWoAEmCLj.mp4', bitrate=0)])]",tam,"Happy Wednesday, everyone! 🌞 Let's make today count with #Rutheteam's #WorkFromHome vibes. Stay productive, stay creative, and remember to #StayHomeSafe. What are you planning to do today? Let's chat in the comments! #ConnectAndCreate. #WorkLifeBalance. #StayHealthy. #Motivate. #Inspire. #Community. #TogetherWeCan. #DreamBig. #BelieveInYou. #BeTheChange.",
1692,2020-12-28 06:47:02,46,DExpress_Sport,"[Photo(previewUrl='https://pbs.twimg.com/media/EqTjCrnXEAA4w9Q?format=jpg&name=small', fullUrl='https://pbs.twimg.com/media/EqTjCrnXEAA4w9Q?format=jpg&name=large')]",express,🎉 Monday Morning Motivation! Ready to take on the week with DExpress Sports. Let's crush it together! 💪 #DExpress #MondayMotivation #FitnessGoals #SportsLover #TeamDExpress,
674,2019-02-03 16:01:16,489,BBCSport,"[Photo(previewUrl='https://pbs.twimg.com/media/DyfiphwWkAEqlRZ?format=jpg&name=small', fullUrl='https://pbs.twimg.com/media/DyfiphwWkAEqlRZ?format=jpg&name=large')]",bbc,"🎉 Tune in to BBC Sport for the best in sports news, analysis, and more! 🏆 #BBCSport #SportsLovers #StayConnected #EngageWithUs",
5573,2019-05-23 20:20:00,298,BBCSport,"[Video(thumbnailUrl='https://pbs.twimg.com/amplify_video_thumb/1131531001132400640/img/SwNGRMnj3anQTd-m.jpg', variants=[VideoVariant(contentType='video/mp4', url='https://video.twimg.com/amplify_video/1131531001132400640/vid/320x320/3i3roRUrPu1UtXex.mp4?tag=12', bitrate=432000), VideoVariant(contentType='application/x-mpegURL', url='https://video.twimg.com/amplify_video/1131531001132400640/pl/_vVmwtK_ibWtpUu3.m3u8?tag=12', bitrate=None), VideoVariant(contentType='video/mp4', url='https://video.twimg.com/amplify_video/1131531001132400640/vid/480x480/9Yy4BJMRN2qmFqZu.mp4?tag=12', bitrate=832000), VideoVariant(contentType='video/mp4', url='https://video.twimg.com/amplify_video/1131531001132400640/vid/720x720/wZPDA3HI1wBtOOe-.mp4?tag=12', bitrate=1280000)], duration=75.64, views=110141)]",bbc,🚨Stay tuned for the latest in sports news and analysis from BBC Sport! #BBCSport #SportsNews #StayTuned #EngageWithUs,
5767,2018-12-10 23:18:00,1,BrdgstoneArena,"[Photo(previewUrl='https://pbs.twimg.com/media/DuE8mZFWoAEa0Zc?format=jpg&name=small', fullUrl='https://pbs.twimg.com/media/DuE8mZFWoAEa0Zc?format=jpg&name=large')]",bridgestone,🎉 Monday Morning Motivation! Ready to take on the day with Bridgestone's tires? Let's go! 🚗💨 #BridgestoneArena #MotivationMonday,
5157,2018-04-26 19:00:38,2,USAID_Digital,"[Photo(previewUrl='https://pbs.twimg.com/media/DbuxybKV0AAjXZ4?format=jpg&name=small', fullUrl='https://pbs.twimg.com/media/DbuxybKV0AAjXZ4?format=jpg&name=large')]",usaid,🎉Stay connected and inspired with #USAID's latest digital innovations! 🌍💻 #TechForGood #DigitalTransformation #USAIdigital #StayInformed #GlobalImpact #ConnectWithUs #TechSavvy #DigitalDiplomacy #EmpoweringCommunities #InnovateForGood,
734,2019-04-19 01:11:30,13,John_Kavanagh,"[Photo(previewUrl='https://pbs.twimg.com/media/D4emPqlWsAAjfIW?format=jpg&name=small', fullUrl='https://pbs.twimg.com/media/D4emPqlWsAAjfIW?format=jpg&name=large')]",coach,"🎉 Friday is here, and so is the perfect opportunity to kick back, relax, and connect with your community! 🌍✨ #JohnKavanagh #FridayIsHere #ConnectWithUs",
3527,2018-12-06 02:25:22,6655,ESPNNBA,"[Video(thumbnailUrl='https://pbs.twimg.com/ext_tw_video_thumb/1070504363502768128/pu/img/GiLZomO1C2QEQk55.jpg', variants=[VideoVariant(contentType='video/mp4', url='https://video.twimg.com/ext_tw_video/1070504363502768128/pu/vid/480x480/_KeJT2xO56u1NACA.mp4?tag=6', bitrate=832000), VideoVariant(contentType='application/x-mpegURL', url='https://video.twimg.com/ext_tw_video/1070504363502768128/pu/pl/Z7rYkkAViS-E2r9W.m3u8?tag=6', bitrate=None), VideoVariant(contentType='video/mp4', url='https://video.twimg.com/ext_tw_video/1070504363502768128/pu/vid/720x720/wvU4g2tfC2lz75H9.mp4?tag=6', bitrate=1280000), VideoVariant(contentType='video/mp4', url='https://video.twimg.com/ext_tw_video/1070504363502768128/pu/vid/320x320/5orecw346QiZf-W3.mp4?tag=6', bitrate=432000)], duration=20.25, views=231993)]",espn,"🚨Stay tuned for the latest in sports! 🏏 ESPN is here to bring you the best of the NBA, NFL, MLB, NHL, and more! #ESPN #NBA #NFL #MLB #NHL #SportsLovers #StayTuned",
569,2018-04-01 01:35:07,3,DaveDawson_,"[Gif(thumbnailUrl='https://pbs.twimg.com/tweet_video_thumb/DZqSvR9W0AE-9iY.jpg', variants=[VideoVariant(contentType='video/mp4', url='https://video.twimg.com/tweet_video/DZqSvR9W0AE-9iY.mp4', bitrate=0)])]",coach,"🎉 Sunday is here, and so is the perfect time to kick back, relax, and connect with your community! 🌍✨ Whether you're a fan of Dave Dawson or just looking for some inspiration, we're all in this together. Let's make Sunday the best day of the week! 🎉 #SundayIsHere #CommunityConnect #StayPositive #InspireTogether",
9188,2019-05-30 14:00:01,10,ZenithBank,"[Photo(previewUrl='https://pbs.twimg.com/media/D7lCx37X4AIFsjm?format=jpg&name=small', fullUrl='https://pbs.twimg.com/media/D7lCx37X4AIFsjm?format=jpg&name=large')]",zenith,"🎉 Thursday is here, and so is your chance to shine! 🌟 Whether you're in the mood for a quick boost or looking to make a lasting impact, let's #ConnectWithZenith. Your journey with us is just beginning, and we can't wait to be a part of it. #ZenithCommunity #MoneyMatters",
2923,2020-12-27 00:31:36,263,IndianExpress,"[Photo(previewUrl='https://pbs.twimg.com/media/EqNDdU7VoAA06Nq?format=jpg&name=small', fullUrl='https://pbs.twimg.com/media/EqNDdU7VoAA06Nq?format=jpg&name=large')]",express,"🌞 Sunday starts with a bang! 🌟 #IndianExpress is here to bring you the latest news, insights, and stories from across the country. Tune in and stay informed! 📚✨ #StayInformed #ConnectWithUs",
7912,2019-03-08 05:00:28,2,USAIDSomalia,"[Photo(previewUrl='https://pbs.twimg.com/media/D1HH4UFVsAUSpDL?format=jpg&name=small', fullUrl='https://pbs.twimg.com/media/D1HH4UFVsAUSpDL?format=jpg&name=large')]",usaid,"🎉 Friday is here, and so is a chance to make a difference in #Somalia! Together, let's build a brighter future for those in need. 🌍✨ #USAID #GiveBack #Empowerment #TogetherWeCan",
1559,2020-03-24 22:39:32,1068,chasestrangio,"[Photo(previewUrl='https://pbs.twimg.com/media/ET6JmZhXsAAO8U1?format=jpg&name=small', fullUrl='https://pbs.twimg.com/media/ET6JmZhXsAAO8U1?format=jpg&name=large')]",chase,Hey Chase! 🌟 Just got back from a long day at the office. Can't wait for the weekend to kick off some amazing adventures! #ChaseStrangio #WeekendVibes #AdventureTime #StayTuned,
102,2018-08-08 18:32:56,0,bridgestonegolf,"[Gif(thumbnailUrl='https://pbs.twimg.com/tweet_video_thumb/DkGQyJGVsAAt6Cj.jpg', variants=[VideoVariant(contentType='video/mp4', url='https://video.twimg.com/tweet_video/DkGQyJGVsAAt6Cj.mp4', bitrate=0)])]",bridgestone,🎉 Wednesdays at Bridgestone Golf! 🏴󠁩󠁪󠁬󠁳󠁧󠁢󠁫󠁨󠁮󠁶 #BridgestoneGolf #Wednesdays #GolfLovers #EnjoyTheGame,
3008,2019-08-30 11:02:02,925,SkySportsPL,"[Photo(previewUrl='https://pbs.twimg.com/media/EDNosr_W4AACkoK?format=jpg&name=small', fullUrl='https://pbs.twimg.com/media/EDNosr_W4AACkoK?format=jpg&name=large'), Photo(previewUrl='https://pbs.twimg.com/media/EDNosr-W4AE_JFI?format=jpg&name=small', fullUrl='https://pbs.twimg.com/media/EDNosr-W4AE_JFI?format=jpg&name=large'), Photo(previewUrl='https://pbs.twimg.com/media/EDNossRWkAETL0G?format=jpg&name=small', fullUrl='https://pbs.twimg.com/media/EDNossRWkAETL0G?format=jpg&name=large')]",sky,"🚨Friday is here, and so is your favorite football action! Tune in to Sky Sports PL for the best of the Premier League. #SkySports #PremierLeague #FootballLovers",
7202,2019-10-10 22:58:12,1,KidsFootLocker,"[Photo(previewUrl='https://pbs.twimg.com/media/EGjV9haWwAEeJma?format=jpg&name=small', fullUrl='https://pbs.twimg.com/media/EGjV9haWwAEeJma?format=jpg&name=large')]",foot locker,Hey Foot Locker fans! 🚀 Get ready for the weekend with our latest sneaker drops! 🛖️ #FootLocker #SneakerFest #GetFit #StayActive,
304,2019-02-18 00:54:47,0,BriSeeley,"[Photo(previewUrl='https://pbs.twimg.com/media/DzpjCBwWoAEXRby?format=jpg&name=small', fullUrl='https://pbs.twimg.com/media/DzpjCBwWoAEXRby?format=jpg&name=large')]",coach,"🎉 Monday Morning Motivation! Ready to kickstart your week with a smile? 🌟 Remember, every day is a new chapter in your journey. Let's make it count! 💪 #MondayMotivation #CoachBri #StartYourDayWithSunshine #PositiveVibes #MotivationMonday",
77,2019-05-17 14:15:00,152,BBCSport,"[Photo(previewUrl='https://pbs.twimg.com/media/D6xk8ILX4AEZAEb?format=jpg&name=small', fullUrl='https://pbs.twimg.com/media/D6xk8ILX4AEZAEb?format=jpg&name=large')]",bbc,"🎉Stay tuned for the latest in sports! 🏏🏃‍♀️🏋️‍♂️ Whether it's football, rugby, cricket, or any other sport you love, we've got you covered! #BBCSport #SportsLovers #StayTuned",
6755,2020-09-04 20:04:39,386,BBCSport,"[Photo(previewUrl='https://pbs.twimg.com/media/EhGK4R3WAAAVONi?format=jpg&name=small', fullUrl='https://pbs.twimg.com/media/EhGK4R3WAAAVONi?format=jpg&name=large')]",bbc,"🚨Stay tuned for the latest in sports! 🏏🏃‍♀️ Whether it's football, rugby, cricket, or any other sport you love, we've got you covered. Don't miss out on the action! #BBCSport #SportsLovers #StayTuned #EngageWithUs",
8630,2019-04-24 14:31:15,3,BofA_Tips,"[Video(thumbnailUrl='https://pbs.twimg.com/ext_tw_video_thumb/1121058789036306433/pu/img/TMBL-EvedeXJgUNb.jpg', variants=[VideoVariant(contentType='application/x-mpegURL', url='https://video.twimg.com/ext_tw_video/1121058789036306433/pu/pl/TDDvu-indfHIahig.m3u8?tag=8', bitrate=None), VideoVariant(contentType='video/mp4', url='https://video.twimg.com/ext_tw_video/1121058789036306433/pu/vid/320x320/JqtaMNPWRvtaYaD5.mp4?tag=8', bitrate=432000), VideoVariant(contentType='video/mp4', url='https://video.twimg.com/ext_tw_video/1121058789036306433/pu/vid/720x720/KAA4vpWx0NfF_tkB.mp4?tag=8', bitrate=1280000), VideoVariant(contentType='video/mp4', url='https://video.twimg.com/ext_tw_video/1121058789036306433/pu/vid/480x480/Gi69FaCaEPa5MY1E.mp4?tag=8', bitrate=832000)], duration=5.973, views=456)]",bank of america,"👋Hey Wednesday warriors! 🚀 Whether you're in the market for a new loan or just looking to boost your savings, check out how Bank of America can help you achieve your financial goals. 💰 #BankOfAmerica #WednesdayMotivation #FinancialFreedom",
1209,2020-10-17 21:23:45,746,1Xtra,"[Video(thumbnailUrl='https://pbs.twimg.com/amplify_video_thumb/1317421185785790466/img/SjfEyq2rmmjnyM9S.jpg', variants=[VideoVariant(contentType='application/x-mpegURL', url='https://video.twimg.com/amplify_video/1317421185785790466/pl/tsmQMhUxESixgWGm.m3u8?tag=13', bitrate=None), VideoVariant(contentType='video/mp4', url='https://video.twimg.com/amplify_video/1317421185785790466/vid/320x320/q8psoqLxYlygCSwd.mp4?tag=13', bitrate=432000), VideoVariant(contentType='video/mp4', url='https://video.twimg.com/amplify_video/1317421185785790466/vid/720x720/BKBMeLEvT1HFmfqd.mp4?tag=13', bitrate=1280000), VideoVariant(contentType='video/mp4', url='https://video.twimg.com/amplify_video/1317421185785790466/vid/480x480/PNq6omFhVdk1vyIW.mp4?tag=13', bitrate=832000)], duration=34.201, views=19372)]",bbc,"🎉 Saturday night is here! Tune in to @BBC for the latest news, entertainment, and more. #BBC #SatNight #StayTuned #News #Entertainment #StayHome #StaySafe",
7743,2020-03-06 16:14:47,251,WaffleHouse,"[Photo(previewUrl='https://pbs.twimg.com/media/EScE29GXYAMMg0E?format=jpg&name=small', fullUrl='https://pbs.twimg.com/media/EScE29GXYAMMg0E?format=jpg&name=large')]",house,"🎉 Friday night at Waffle House! 🍳 Get your hands on our fresh, fluffy waffles and sweet, juicy burgers. Don't miss out on our special Friday night deals! 🛖️ #Waffles #FridayNight #DineIn",
8215,2020-03-17 17:45:02,2,KidsFootLocker,"[Photo(previewUrl='https://pbs.twimg.com/media/ETVDEScU0AMSDdj?format=jpg&name=small', fullUrl='https://pbs.twimg.com/media/ETVDEScU0AMSDdj?format=jpg&name=large')]",foot locker,"Hey Foot Locker fans! 🚀 Today's Tuesday, and it's time to gear up for the best deals of the week! Whether you're looking to add some new kicks to your collection or need a fresh pair for the weekend, we've got you covered. Don't miss out on your chance to save big! #FootLocker #SneakerFrenzy #ShopNow",
8945,2020-10-28 18:48:16,2521,WhiteHouse45,"[Photo(previewUrl='https://pbs.twimg.com/media/Elb_QUVXUAIhCVi?format=jpg&name=small', fullUrl='https://pbs.twimg.com/media/Elb_QUVXUAIhCVi?format=jpg&name=large')]",house,🚀Stay tuned for the latest news and updates from the White House! 🚀 #US #WhiteHouse #StayInformed,
8414,2018-12-20 15:48:53,371,BBCOne,"[Video(thumbnailUrl='https://pbs.twimg.com/media/Du3wNyBVYAE4lgm.jpg', variants=[VideoVariant(contentType='video/mp4', url='https://video.twimg.com/amplify_video/1075779388019421188/vid/480x480/QJI2mjAVyxp4GfGr.mp4?tag=9', bitrate=832000), VideoVariant(contentType='video/mp4', url='https://video.twimg.com/amplify_video/1075779388019421188/vid/320x320/sBCryfQBVhlugra6.mp4?tag=9', bitrate=432000), VideoVariant(contentType='application/x-mpegURL', url='https://video.twimg.com/amplify_video/1075779388019421188/pl/6xeNY6vZGzEagK1R.m3u8?tag=9', bitrate=None), VideoVariant(contentType='video/mp4', url='https://video.twimg.com/amplify_video/1075779388019421188/vid/720x720/rgitIN-79NghkYAs.mp4?tag=9', bitrate=1280000)], duration=101.28, views=47912)]",bbc,🎉Stay tuned for the latest news and insights from the BBC! 🌍 #BBCOne #News #Innovation #EngageWithUs #StayInformed,
1776,2018-12-01 21:32:00,158,DoctorWho_BBCA,"[Gif(thumbnailUrl='https://pbs.twimg.com/tweet_video_thumb/DtLuk9XXoAAmEPk.jpg', variants=[VideoVariant(contentType='video/mp4', url='https://video.twimg.com/tweet_video/DtLuk9XXoAAmEPk.mp4', bitrate=0)])]",bbc,🎉 Saturday night is here! 🌙✨ #DoctorWho #BBCA #SciFiLovers #TimeTravel #MagicInTheSky #WishYouWereHere #DowntonAbbey #GoneWithTheWind #TheGreatGatsby #PrideAndPrejudice #WutheringHeights #JaneAusten #SherlockHolmes #TheHobbit #TheLordOfTheRings #HarryPotter #J.K.Rowling #RickAndM,
3474,2019-02-03 17:08:50,1222,FinancialXpress,"[Photo(previewUrl='https://pbs.twimg.com/media/DyfyHlmX0AIfWhF?format=jpg&name=small', fullUrl='https://pbs.twimg.com/media/DyfyHlmX0AIfWhF?format=jpg&name=large')]",express,🎉 Sunday Night Special! 🚀 Get ready for the best deals of the week at FinancialXpress. Don't miss out on your chance to save big! #FinancialFreedom #DealOfTheDay #SundayNightSpecial,
484,2019-03-20 15:45:00,4366,LFC,"[Video(thumbnailUrl='https://pbs.twimg.com/media/D2B3AovUYAEQozz.jpg', variants=[VideoVariant(contentType='video/mp4', url='https://video.twimg.com/amplify_video/1108013832075542530/vid/720x720/bXLC-3QktSz0rI_3.mp4?tag=11', bitrate=1280000), VideoVariant(contentType='video/mp4', url='https://video.twimg.com/amplify_video/1108013832075542530/vid/480x480/OMwskUzUc07zAaOF.mp4?tag=11', bitrate=832000), VideoVariant(contentType='video/mp4', url='https://video.twimg.com/amplify_video/1108013832075542530/vid/320x320/JTa6a9IX3OY0IhHP.mp4?tag=11', bitrate=432000), VideoVariant(contentType='application/x-mpegURL', url='https://video.twimg.com/amplify_video/1108013832075542530/pl/N3wrPOfMrbpP7mEd.m3u8?tag=11', bitrate=None)], duration=46.68, views=149357)]",liverpool,"🚨 #LFC 🇬🇧 Wake up, Liverpool fans! It's #Wednesday, and we're just getting started! 🏃🏃🏃 Let's #DreamBig and #BeatTheOpponent in the #Merseyside derby this week. #SupportLFC #GoLFC. 🏠💪 #Liverpool #Football #TeamSpirit #SupportTheCommunity #UnityInUnity. #StayUnited. #TogetherWeCan #LiverpoolDreams. #LetTheGameBegin.",
2190,2020-04-15 21:22:52,1,arune,"[Photo(previewUrl='https://pbs.twimg.com/media/EVrLCAxUcAIyJBG?format=jpg&name=small', fullUrl='https://pbs.twimg.com/media/EVrLCAxUcAIyJBG?format=jpg&name=large')]",diesel,"🎉 Wednesday night is here, and so is the #Diesel vibe! 🌟 Whether you're chilling at home or out with the gang, let's party like it's 2023. Join us for the best night of the week! #Dieselfied #PartyOnWednesday",
347,2019-03-09 21:13:40,1229,SkySportsPL,"[Video(thumbnailUrl='https://pbs.twimg.com/media/D1PwKmXX4AA0J-n.jpg', variants=[VideoVariant(contentType='video/mp4', url='https://video.twimg.com/ext_tw_video/1104490401904373761/pu/vid/720x720/ss4MnMcgghVQuzUC.mp4?tag=8', bitrate=1280000), VideoVariant(contentType='video/mp4', url='https://video.twimg.com/ext_tw_video/1104490401904373761/pu/vid/480x480/PQCgW3aUySOuUo9i.mp4?tag=8', bitrate=832000), VideoVariant(contentType='application/x-mpegURL', url='https://video.twimg.com/ext_tw_video/1104490401904373761/pu/pl/fTOGnYn3G4Qt1UfU.m3u8?tag=8', bitrate=None), VideoVariant(contentType='video/mp4', url='https://video.twimg.com/ext_tw_video/1104490401904373761/pu/vid/320x320/gNW_UnLz2kgH95M7.mp4?tag=8', bitrate=432000)], duration=53.56, views=181671)]",sky,🚨🚨🚨 Saturday night is here! Tune in to Sky Sports PL for the best football action. #SkySports #FootballLovers #SupportYourTeam #EnjoyTheGame,
5482,2020-05-18 06:10:00,222,BBCBreakfast,"[Video(thumbnailUrl='https://pbs.twimg.com/amplify_video_thumb/1261326266323664897/img/E9bfnJlrupvk1V6F.jpg', variants=[VideoVariant(contentType='video/mp4', url='https://video.twimg.com/amplify_video/1261326266323664897/vid/480x480/BUb_OEZEOAxomK3L.mp4?tag=13', bitrate=832000), VideoVariant(contentType='application/x-mpegURL', url='https://video.twimg.com/amplify_video/1261326266323664897/pl/MiwTDqH24tk0m8j3.m3u8?tag=13', bitrate=None), VideoVariant(contentType='video/mp4', url='https://video.twimg.com/amplify_video/1261326266323664897/vid/720x720/S0-KHFbSwnrAqIPx.mp4?tag=13', bitrate=1280000), VideoVariant(contentType='video/mp4', url='https://video.twimg.com/amplify_video/1261326266323664897/vid/320x320/BxG3B0pdNttUfmOD.mp4?tag=13', bitrate=432000)], duration=182.4, views=35799)]",bbc,"👋 Good morning, BBC Breakfast fans! Another week, another delicious start to your day. 🌟 Tune in for your favorite breakfast news, recipes, and more. #BBC #BreakfastTime #StartYourDayRight",
8362,2020-11-29 18:27:21,293,BBCSport,"[Photo(previewUrl='https://pbs.twimg.com/media/EoAtS7hWEAUxPzU?format=jpg&name=small', fullUrl='https://pbs.twimg.com/media/EoAtS7hWEAUxPzU?format=jpg&name=large')]",bbc,"🎉 Tune in to BBC Sport for the best in sports news, analysis, and more! 🏆 #BBCSport #Soccer #Basketball #Golf #Cricket #Tennis #Football #Baseball #Rugby #Swimming #Gymnastics #Rowing #Diving #Boxing #Wrestling #Athletics #Volleyball #Softball #Sailing #Skateboarding #Surfing #Cycling #Triathlon #CrossFit #",
1473,2019-03-01 12:12:00,152,BBCPolitics,"[Video(thumbnailUrl='https://pbs.twimg.com/media/D0kVR2uWsAAtVCf.jpg', variants=[VideoVariant(contentType='application/x-mpegURL', url='https://video.twimg.com/amplify_video/1101434453933592576/pl/RWiNhH6tqDlQ3lpZ.m3u8?tag=9', bitrate=None), VideoVariant(contentType='video/mp4', url='https://video.twimg.com/amplify_video/1101434453933592576/vid/320x568/c7F8ubNo_dOwjcNd.mp4?tag=9', bitrate=632000), VideoVariant(contentType='video/mp4', url='https://video.twimg.com/amplify_video/1101434453933592576/vid/360x640/w3PxfNTOyAjgisvX.mp4?tag=9', bitrate=832000), VideoVariant(contentType='video/mp4', url='https://video.twimg.com/amplify_video/1101434453933592576/vid/720x1280/gkhU5NU4nEvUo9G4.mp4?tag=9', bitrate=2176000)], duration=108.28, views=34211)]",bbc,"Friday is here, and so is the #BBCPolitics coverage! Stay tuned for the latest news and insights throughout the day. #StayInformed #BBCNews #EngageWithUs",
5101,2018-12-27 12:31:33,151,BBCSport,"[Photo(previewUrl='https://pbs.twimg.com/media/DvbF-6SWkAE1HE2?format=jpg&name=small', fullUrl='https://pbs.twimg.com/media/DvbF-6SWkAE1HE2?format=jpg&name=large')]",bbc,🎉Stay tuned for the latest in sports! 🏏 #BBCSport #SportsLovers #StayInTouch #EngageWithUs #FollowOurUpdates,
6766,2018-04-15 03:00:27,131,VodafoneGhana,"[Video(thumbnailUrl='https://pbs.twimg.com/ext_tw_video_thumb/985351630311886849/pu/img/IW91-rijWrMdP0y9.jpg', variants=[VideoVariant(contentType='video/mp4', url='https://video.twimg.com/ext_tw_video/985351630311886849/pu/vid/320x180/TlLWbUdU8-cN6Mup.mp4?tag=2', bitrate=256000), VideoVariant(contentType='application/x-mpegURL', url='https://video.twimg.com/ext_tw_video/985351630311886849/pu/pl/bCdGOi-a2YZWLW1O.m3u8?tag=2', bitrate=None), VideoVariant(contentType='video/mp4', url='https://video.twimg.com/ext_tw_video/985351630311886849/pu/vid/640x360/yfZfT4S6qCV-vexG.mp4?tag=2', bitrate=832000), VideoVariant(contentType='video/mp4', url='https://video.twimg.com/ext_tw_video/985351630311886849/pu/vid/1280x720/iTOBDkE42Ila-wIa.mp4?tag=2', bitrate=2176000)], duration=26.733, views=2243)]",vodafone,"🎉Stay connected, stay ahead with Vodafone Ghana! 🚀 Whether you're catching up with friends, relaxing at home, or exploring new places, we've got you covered. #StayConnected #StayGhanaian",
8707,2020-08-04 16:59:02,832,kfcgaming,"[Photo(previewUrl='https://pbs.twimg.com/media/Eel3HgsXsAA65aQ?format=png&name=small', fullUrl='https://pbs.twimg.com/media/Eel3HgsXsAA65aQ?format=png&name=large')]",kfc,"🎉Stay hungry, stay foolish! Kick off your Tuesday in style with KFC! 🥪🍗 #KFCgaming #StayHungryStayFoolish",
4930,2019-08-22 18:07:56,2558,LFCUSA,"[Video(thumbnailUrl='https://pbs.twimg.com/media/ECl4y13XoAY3qbm.jpg', variants=[VideoVariant(contentType='application/x-mpegURL', url='https://video.twimg.com/amplify_video/1164594587274489856/pl/bT1we9JJ_lTog-hr.m3u8?tag=13', bitrate=None), VideoVariant(contentType='video/mp4', url='https://video.twimg.com/amplify_video/1164594587274489856/vid/720x720/Gxp9yuMQmukhq--x.mp4?tag=13', bitrate=1280000), VideoVariant(contentType='video/mp4', url='https://video.twimg.com/amplify_video/1164594587274489856/vid/480x480/4kXUTJz1NGGryhDZ.mp4?tag=13', bitrate=832000), VideoVariant(contentType='video/mp4', url='https://video.twimg.com/amplify_video/1164594587274489856/vid/320x320/v1FUR6vTI4PhEZRh.mp4?tag=13', bitrate=432000)], duration=2.76, views=1329740)]",liverpool,🚨🚨🚨 Thursday night at Anfield! 🏠 #LFC #Anfield #Liverpool #ThursdayNight #SupportTheHome #GoLFC 🚨🚨🚨,
6330,2019-04-28 12:56:20,564,SkySportsStatto,"[Photo(previewUrl='https://pbs.twimg.com/media/D5Pd4C5WwAA_dWb?format=jpg&name=small', fullUrl='https://pbs.twimg.com/media/D5Pd4C5WwAA_dWb?format=jpg&name=large')]",sky,"🎉 Sunday kick-off! 🏃💨 Tune in to Sky Sports Statto for the latest stats, insights, and more! #SkySports #Statto #SportsStats #StayInformed",
2610,2019-06-17 13:17:32,25,ZenithBank,"[Photo(previewUrl='https://pbs.twimg.com/media/D9RCBc2W4AEyX1-?format=jpg&name=small', fullUrl='https://pbs.twimg.com/media/D9RCBc2W4AEyX1-?format=jpg&name=large'), Photo(previewUrl='https://pbs.twimg.com/media/D9RCDpiWkAED0gy?format=jpg&name=small', fullUrl='https://pbs.twimg.com/media/D9RCDpiWkAED0gy?format=jpg&name=large'), Photo(previewUrl='https://pbs.twimg.com/media/D9RCGxfWsAAqAZS?format=jpg&name=small', fullUrl='https://pbs.twimg.com/media/D9RCGxfWsAAqAZS?format=jpg&name=large'), Photo(previewUrl='https://pbs.twimg.com/media/D9RCJWzX4AAOQZj?format=jpg&name=small', fullUrl='https://pbs.twimg.com/media/D9RCJWzX4AAOQZj?format=jpg&name=large')]",zenith,"👋Hey Monday warriors! Ready to start your week with a ZenithBank twist? 🌟 Whether you're in the office or on the go, we've got you covered with our latest offers and services. Let's make this Monday extra special together! 💪 #StartYourDayWithZenith #MondayMotivation #BankingOnPurpose",
4,2018-08-04 20:03:17,151,BBCSport,"[Photo(previewUrl='https://pbs.twimg.com/media/Djx_G6uXsAAKHbb?format=jpg&name=small', fullUrl='https://pbs.twimg.com/media/Djx_G6uXsAAKHbb?format=jpg&name=large')]",bbc,🚨Stay tuned for the latest in sports! 🏏🏃‍♀️🏋️‍♂️ #BBCSport #SportsLovers #StayTuned #EngageWithUs,
2214,2019-06-12 20:07:44,78646,netflix,"[Photo(previewUrl='https://pbs.twimg.com/media/D84wDthUcAA73Rc?format=jpg&name=small', fullUrl='https://pbs.twimg.com/media/D84wDthUcAA73Rc?format=jpg&name=large')]",netflix,"🎉Netflix is here to make your Wednesday night extra special! Dive into your favorite shows and movies, or discover something new. #Netflix #WednesdayNight #StayTuned",
4828,2020-04-30 08:15:00,5960,LFC,"[Video(thumbnailUrl='https://pbs.twimg.com/media/EWtK61iX0AIRP71.jpg', variants=[VideoVariant(contentType='video/mp4', url='https://video.twimg.com/amplify_video/1255179064303923201/vid/320x400/3i2IKDouP9k9DtWn.mp4?tag=13', bitrate=632000), VideoVariant(contentType='video/mp4', url='https://video.twimg.com/amplify_video/1255179064303923201/vid/720x900/CQ9XUYEMXjD-rTZF.mp4?tag=13', bitrate=2176000), VideoVariant(contentType='application/x-mpegURL', url='https://video.twimg.com/amplify_video/1255179064303923201/pl/2XvWrwa9X6fCYs2W.m3u8?tag=13', bitrate=None), VideoVariant(contentType='video/mp4', url='https://video.twimg.com/amplify_video/1255179064303923201/vid/360x450/Q11a03ltVLLNjo1O.mp4?tag=13', bitrate=832000)], duration=56.88, views=170457)]",liverpool,🚨 #LFC #ThursdayNight #SupportUs #GoLions 🏠💪 #Liverpool 🇬🇧 #FootballLovers #TeamSpirit #SupportYourTeam #UnitedInUnity #GoAnfield #AnfieldMagic 🏃🏃🏃 #Goal #Goals #TeamGoals #SupportTheCommunity #CommunitySupport #UnitedStrong #StrongerTogether #UnitedForever #UnitedDreams #DreamsComeTrue #DreamTeam #DreamHome #DreamCity #DreamLiverpool #DreamAn,
857,2020-01-16 17:32:03,178,BBCSport,"[Photo(previewUrl='https://pbs.twimg.com/media/EOa3CQuXUAML18u?format=jpg&name=small', fullUrl='https://pbs.twimg.com/media/EOa3CQuXUAML18u?format=jpg&name=large')]",bbc,🚨Stay tuned for the latest in sports! 🏏 #BBCSport #ThursdayNight #SportsLovers #StayTuned #EngageWithUs,
6978,2018-09-16 07:09:22,3705,BBCSport,"[Video(thumbnailUrl='https://pbs.twimg.com/ext_tw_video_thumb/1041222415873798144/pu/img/3S4aPD6QA-YxGNzh.jpg', variants=[VideoVariant(contentType='video/mp4', url='https://video.twimg.com/ext_tw_video/1041222415873798144/pu/vid/480x480/LZz1UpefNev2IQqd.mp4?tag=5', bitrate=832000), VideoVariant(contentType='application/x-mpegURL', url='https://video.twimg.com/ext_tw_video/1041222415873798144/pu/pl/SQi96iJMgpzQ8Zn5.m3u8?tag=5', bitrate=None), VideoVariant(contentType='video/mp4', url='https://video.twimg.com/ext_tw_video/1041222415873798144/pu/vid/240x240/ejbLnBogK_EIIaM8.mp4?tag=5', bitrate=256000), VideoVariant(contentType='video/mp4', url='https://video.twimg.com/ext_tw_video/1041222415873798144/pu/vid/720x720/pWgdIK02ujLmOT4t.mp4?tag=5', bitrate=1280000)], duration=33.44, views=206134)]",bbc,🎉Stay tuned for the latest in sports! 🏏 #BBCSport #7am #SundayMorning #SportsLovers #England #Football #Cricket #Tennis #Golf #Baseball #Basketball #Volleyball #Swimming #Running #Cycling #Triathlon #CrossFit #Yoga #Dance #Gymnastics #Boxing #Karate #Judo #Taekwondo #Wrestling #WeightLifting #Crossfit #,
5886,2020-12-21 21:25:43,2953,NetNobody,"[Photo(previewUrl='https://pbs.twimg.com/media/EpypI3uUcAADke3?format=jpg&name=small', fullUrl='https://pbs.twimg.com/media/EpypI3uUcAADke3?format=jpg&name=large'), Photo(previewUrl='https://pbs.twimg.com/media/EpypI_vUYAEYpBz?format=jpg&name=small', fullUrl='https://pbs.twimg.com/media/EpypI_vUYAEYpBz?format=jpg&name=large'), Photo(previewUrl='https://pbs.twimg.com/media/EpypJHzVoAEOmrz?format=jpg&name=small', fullUrl='https://pbs.twimg.com/media/EpypJHzVoAEOmrz?format=jpg&name=large'), Photo(previewUrl='https://pbs.twimg.com/media/EpypJQcU0AARqeS?format=jpg&name=small', fullUrl='https://pbs.twimg.com/media/EpypJQcU0AARqeS?format=jpg&name=large')]",sky,"🎉Hey everyone! Ready to kickstart your Monday? 🌟 Whether you're catching up with friends or getting ready for the week ahead, let's make the most of this new day together! #MondayMotivation #StayPositive #ConnectWithFriends",
625,2020-07-30 15:25:18,0,zinakumok,"[Gif(thumbnailUrl='https://pbs.twimg.com/tweet_video_thumb/EeLxtfjWAAAae2B.jpg', variants=[VideoVariant(contentType='video/mp4', url='https://video.twimg.com/tweet_video/EeLxtfjWAAAae2B.mp4', bitrate=0)])]",coach,Hey coaches! 🏃‍♂️🏃‍♀️ It's time for another productive day. Let's crush our goals and reach new heights together! 💪 #CoachLife #Workout #Motivation #FitnessGoals,
291,2019-09-30 03:44:21,53,DellDataProtect,"[Video(thumbnailUrl='https://pbs.twimg.com/amplify_video_thumb/1178515819883585536/img/X7I4CkiKrvkugDHI.jpg', variants=[VideoVariant(contentType='video/mp4', url='https://video.twimg.com/amplify_video/1178515819883585536/vid/640x360/Kb9D2Xr5DnZRz3Xs.mp4?tag=13', bitrate=832000), VideoVariant(contentType='video/mp4', url='https://video.twimg.com/amplify_video/1178515819883585536/vid/1280x720/8hKLHAHtiVq9TH9B.mp4?tag=13', bitrate=2176000), VideoVariant(contentType='application/x-mpegURL', url='https://video.twimg.com/amplify_video/1178515819883585536/pl/twh9Dfe_rpj_I2ao.m3u8?tag=13', bitrate=None), VideoVariant(contentType='video/mp4', url='https://video.twimg.com/amplify_video/1178515819883585536/vid/480x270/z6LZHHbSdsSLnbaF.mp4?tag=13', bitrate=288000)], duration=32.099, views=1704)]",dell,"🚀Stay ahead of the curve with Dell DataProtect! 🔑 Our latest security solutions are here to keep your data safe and secure. Whether you're working from home or in the office, we've got you covered. Don't miss out on the future of data protection! #Dell #DataProtection #StaySecure",
2019,2018-10-12 10:52:00,290,BBC6Music,"[Photo(previewUrl='https://pbs.twimg.com/media/DpTWoRhXcAAPoLo?format=jpg&name=small', fullUrl='https://pbs.twimg.com/media/DpTWoRhXcAAPoLo?format=jpg&name=large')]",bbc,"🎉 Tune in to 6Music on BBC Radio 6 on Friday, October 14th at noon! 🎶 Whether you're a fan of classic rock, pop, or anything in between, there's something for everyone. Don't miss out on the best music of the day! #6Music #BBCRadio6 #MusicLovers #FridayFunday",
669,2020-09-21 06:34:08,2488,StateHouseKenya,"[Photo(previewUrl='https://pbs.twimg.com/media/Eia0RbTWsAAblUo?format=jpg&name=small', fullUrl='https://pbs.twimg.com/media/Eia0RbTWsAAblUo?format=jpg&name=large'), Photo(previewUrl='https://pbs.twimg.com/media/Eia0SX5XsAYpgd6?format=jpg&name=small', fullUrl='https://pbs.twimg.com/media/Eia0SX5XsAYpgd6?format=jpg&name=large')]",house,"👋 Hey Kenyans! Ready to kickstart your week with a bang? 🚀 Join us at the State House Kenya on Monday, June 1st, 2023, for our kickoff event! Don't miss out on this opportunity to connect, learn, and engage with our community. Let's make this week special together! #StateHousKenya #MondayMotivation #ConnectWithUs #EngageKenya",
8922,2018-07-10 20:34:24,234,DeadlineWH,"[Video(thumbnailUrl='https://pbs.twimg.com/media/DhxWe-1WkAAtzl3.jpg', variants=[VideoVariant(contentType='video/mp4', url='https://video.twimg.com/amplify_video/1016782335608532993/vid/640x360/1Zqh7JxeXFqN00j-.mp4?tag=3', bitrate=832000), VideoVariant(contentType='video/mp4', url='https://video.twimg.com/amplify_video/1016782335608532993/vid/320x180/f5aBXIpJTaFa_Ni-.mp4?tag=3', bitrate=288000), VideoVariant(contentType='application/x-mpegURL', url='https://video.twimg.com/amplify_video/1016782335608532993/pl/PWHJ5h7PANyZ-QYW.m3u8?tag=3', bitrate=None), VideoVariant(contentType='video/mp4', url='https://video.twimg.com/amplify_video/1016782335608532993/vid/1280x720/5DkZOIhikzDDcaEg.mp4?tag=3', bitrate=2176000)], duration=190.591, views=10849)]",house,🚨🚨🚨 #DeadlineWH is here! 🚨🚨🚨 Join us in the #CreativeProcess as we push the boundaries of what's possible. Don't miss your chance to be a part of something special. #StayTuned #SocialMediaMagic #CreativityUnleashed,
8265,2020-01-31 21:35:00,3055,SkyNews,"[Video(thumbnailUrl='https://pbs.twimg.com/media/EPogcyhXUAMiC7_.jpg', variants=[VideoVariant(contentType='video/mp4', url='https://video.twimg.com/amplify_video/1223322753719263233/vid/320x320/zI6YF1hTWkuVDDrb.mp4?tag=13', bitrate=432000), VideoVariant(contentType='video/mp4', url='https://video.twimg.com/amplify_video/1223322753719263233/vid/480x480/yj2qEWMr_mRUfiQv.mp4?tag=13', bitrate=832000), VideoVariant(contentType='application/x-mpegURL', url='https://video.twimg.com/amplify_video/1223322753719263233/pl/m020VeyMt76hwdIk.m3u8?tag=13', bitrate=None), VideoVariant(contentType='video/mp4', url='https://video.twimg.com/amplify_video/1223322753719263233/vid/720x720/1dsOTah6tqq5-mhB.mp4?tag=13', bitrate=1280000)], duration=57.28, views=1004243)]",sky,"🎉 Friday night at Sky News! 🚀 Tune in for the latest news, sports, and entertainment. Don't forget to like, comment, and share! #SkyNews #FridayNight #StayTuned",
9697,2020-09-12 17:01:28,390,BBCEarth,"[Gif(thumbnailUrl='https://pbs.twimg.com/tweet_video_thumb/Ehutp_jXcAAK3eY.jpg', variants=[VideoVariant(contentType='video/mp4', url='https://video.twimg.com/tweet_video/Ehutp_jXcAAK3eY.mp4', bitrate=0)])]",bbc,🎉Stay tuned for BBC Earth's latest adventures in the wild! 🌍✨ #BBCEarth #NatureLovers #ExploreTheWorld,
1632,2018-10-19 06:12:00,148,BBCFood,"[Video(thumbnailUrl='https://pbs.twimg.com/amplify_video_thumb/1052948028146032641/img/dKhKDtI4_wXnikj5.jpg', variants=[VideoVariant(contentType='video/mp4', url='https://video.twimg.com/amplify_video/1052948028146032641/vid/240x240/qv6abM5mFjpDOkTq.mp4?tag=8', bitrate=288000), VideoVariant(contentType='application/x-mpegURL', url='https://video.twimg.com/amplify_video/1052948028146032641/pl/IJxhRfcf9v2hfsLt.m3u8?tag=8', bitrate=None), VideoVariant(contentType='video/mp4', url='https://video.twimg.com/amplify_video/1052948028146032641/vid/480x480/klBNU_Kn__K-yQ5T.mp4?tag=8', bitrate=832000), VideoVariant(contentType='video/mp4', url='https://video.twimg.com/amplify_video/1052948028146032641/vid/720x720/qjp4QY-H9_en93WZ.mp4?tag=8', bitrate=1280000)], duration=40.832, views=10599)]",bbc,"🎉 Friday's feast is just around the corner! 🌟 Whether you're cooking up a storm or simply enjoying a delicious meal, #BBCFood is here to share the best recipes, tips, and stories from across the UK. #CookingCommunity #FoodLovers",
5171,2019-01-10 07:30:06,481,SkySportsPL,"[Photo(previewUrl='https://pbs.twimg.com/media/DwiHgoDWwAELx6Q?format=jpg&name=small', fullUrl='https://pbs.twimg.com/media/DwiHgoDWwAELx6Q?format=jpg&name=large')]",sky,🎉 Thursday kick-off! 🏠 #SkySports #PL 🌟 Get ready for the latest updates from the Premier League. Tune in to Sky Sports for all the action! #FootballLovers #SupportYourTeam #EngageWithUs #ConnectWithSkySports,
7206,2018-01-26 08:39:09,158,BBCSport,"[Photo(previewUrl='https://pbs.twimg.com/media/DUdEbKyX0AA-Tbf?format=jpg&name=small', fullUrl='https://pbs.twimg.com/media/DUdEbKyX0AA-Tbf?format=jpg&name=large')]",bbc,"🎉Stay tuned for the latest in sports, science, and culture from around the world! #BBCSport #StayInTouch #EngageWithUs",
2523,2020-05-19 21:40:00,150,BBCSport,"[Photo(previewUrl='https://pbs.twimg.com/media/EYZnpAqXgAEeKvj?format=jpg&name=small', fullUrl='https://pbs.twimg.com/media/EYZnpAqXgAEeKvj?format=jpg&name=large')]",bbc,🚨Stay tuned for the latest in sports! 🏏 #BBCSport #2100pm #SportsLovers #StayTuned #EngageWithUs,
2216,2019-07-17 09:16:39,433,SonyMusicSouth,"[Photo(previewUrl='https://pbs.twimg.com/media/D_qqKLOVAAIlN1Z?format=jpg&name=small', fullUrl='https://pbs.twimg.com/media/D_qqKLOVAAIlN1Z?format=jpg&name=large')]",sony,"👋Hey music lovers! 🎶 Today's Wednesday, kick off your week with Sony Music South's latest releases! 📺 #SonyMusic #MusicLovers #WednesdayMustHaves",
6969,2020-02-28 06:01:42,817,SkySports,"[Video(thumbnailUrl='https://pbs.twimg.com/media/ER11V7SWoAELtld.jpg', variants=[VideoVariant(contentType='application/x-mpegURL', url='https://video.twimg.com/amplify_video/1233270821063471107/pl/5LCi3BGNdy_E3Fuv.m3u8?tag=13', bitrate=None), VideoVariant(contentType='video/mp4', url='https://video.twimg.com/amplify_video/1233270821063471107/vid/1280x720/34INa8Cdt0fXI7Ks.mp4?tag=13', bitrate=2176000), VideoVariant(contentType='video/mp4', url='https://video.twimg.com/amplify_video/1233270821063471107/vid/640x360/wObdV8CdWxhfXIeM.mp4?tag=13', bitrate=832000), VideoVariant(contentType='video/mp4', url='https://video.twimg.com/amplify_video/1233270821063471107/vid/480x270/qFFFPsgG62sBPNkx.mp4?tag=13', bitrate=288000)], duration=289.72, views=80049)]",sky,🎉 #SkySports is bringing you the best of the weekend ahead! 🏃🏃💨 Tune in for all your favorite games and never miss a beat! 📺✨ #FridayNight #SportsLovers #StayTuned #FollowSkySports,
