id,date,likes,username,media,inferred company,content
6253,2021-07-06 18:56:07,276,MickBarryTD,"[Photo(previewUrl='https://pbs.twimg.com/media/E5ooGJaX0AgsNTl?format=jpg&name=small', fullUrl='https://pbs.twimg.com/media/E5ooGJaX0AgsNTl?format=jpg&name=large')]",td,🎉 **Tuesday Twists**! 🌟 Ready to kick off your day with a twist? Let's make it extra special with a **#TuesdayTwist** challenge! Share your favorite #MondayMotivation or #TuesdayTreats in the comments below. Let's #MakeTuesdayGreat! #StayMotivated #SocialMedia #EngageWithUs #TuesdayTwists #StayCreative #StayActive #StayHealthy #StayHappy #StayFit #StaySane #StayStrong #
4685,2021-09-11 10:09:52,87,PadraigMacL,"[Photo(previewUrl='https://pbs.twimg.com/media/E-_yK_ZX0AI-2o-?format=jpg&name=small', fullUrl='https://pbs.twimg.com/media/E-_yK_ZX0AI-2o-?format=jpg&name=large')]",td,🌞 Saturday morning vibes! 🌞 #WorkFromHome #StayAtHome #DigitalNomad #RemoteWork #TechLover #Coding #Gaming #Fitness #Travel #DIY #Cooking #Nature #Music #Art #Photography #Reading #Coffee #Tea #Breakfast #Lunch #Dinner #Weekend #Sunday #Monday #Tuesday #Wednesday #Thursday #Friday #Saturday #Sunrise #Sunset #Evening #Daytime #Nightlife #
1732,2021-02-13 21:22:07,992,CNNPolitics,"[Photo(previewUrl='https://pbs.twimg.com/media/EuIuK94XUAEaqyH?format=png&name=small', fullUrl='https://pbs.twimg.com/media/EuIuK94XUAEaqyH?format=png&name=large')]",cnn,🚨Stay tuned for the latest in breaking news from around the world. Tune in to @CNN Politics for the most accurate and up-to-date information. #CNN #BreakingNews #StayInformed
4743,2021-12-24 10:00:01,426,PUMASouthAfrica,"[Photo(previewUrl='https://pbs.twimg.com/media/FHXVQ1CXIAIuGNd?format=jpg&name=small', fullUrl='https://pbs.twimg.com/media/FHXVQ1CXIAIuGNd?format=jpg&name=large')]",puma,"🎉 Friday is here, and so is the perfect time to kick off your workout with PUMA! 🏋️‍♀️🏃‍♂️ #PUMA #FitnessFriday #Workout #ActiveLifestyle #StayFit"
4522,2021-05-31 03:00:01,81,AMCTheatres,"[Video(thumbnailUrl='https://pbs.twimg.com/media/E1hbfMkWQAUPxue.jpg', variants=[VideoVariant(contentType='video/mp4', url='https://video.twimg.com/amplify_video/1393964596336242688/vid/320x320/3DbZg232k4QsJosB.mp4?tag=14', bitrate=432000), VideoVariant(contentType='application/x-mpegURL', url='https://video.twimg.com/amplify_video/1393964596336242688/pl/UuiUGemOtK9tf3Jx.m3u8?tag=14', bitrate=None), VideoVariant(contentType='video/mp4', url='https://video.twimg.com/amplify_video/1393964596336242688/vid/540x540/YhRakyYsq0VEJVv3.mp4?tag=14', bitrate=832000), VideoVariant(contentType='video/mp4', url='https://video.twimg.com/amplify_video/1393964596336242688/vid/720x720/6-fP1x3QUf0yzBQO.mp4?tag=14', bitrate=1280000)], duration=12.012, views=7275)]",amc,🎉 #MondayMotivation #StayTwitching #AMCTheatres 🌞 #MovieNight #GetReadyToWatch #StayInTheLoop #AMCFamily #StayConnected #StayAMC #StayInTheKnow 🎬✨ #MovieFanatics #MovieLover #MovieMaven #MovieBuff #MovieGenius #MovieQueen #MovieKing #MovieStar #MovieHero #MovieHater #MovieFreak #MovieNerd #MovieGeek #Movie
6341,2022-02-17 10:56:43,141,METROFMSA,"[Photo(previewUrl='https://pbs.twimg.com/media/FLyxbtlX0AEY4ub?format=jpg&name=small', fullUrl='https://pbs.twimg.com/media/FLyxbtlX0AEY4ub?format=jpg&name=large')]",sabc,🎉Stay tuned for the latest news and updates from METROF MSA! 🚀 #METROFM #StayConnected #StayInformed
577,2023-01-01 14:35:01,49,nypmetro,"[Photo(previewUrl='https://pbs.twimg.com/media/FlZNN-9XoAARqII?format=jpg&name=small', fullUrl='https://pbs.twimg.com/media/FlZNN-9XoAARqII?format=jpg&name=large')]",metro,🌞 Sunday afternoons in New York City are perfect for a leisurely stroll through Central Park! #NYC #SundayAfternoon #CentralPark #ExploreNYC
5203,2022-08-27 15:36:03,0,IndependentNGR,"[Photo(previewUrl='https://pbs.twimg.com/media/FbLZRxXagAErxSm?format=jpg&name=small', fullUrl='https://pbs.twimg.com/media/FbLZRxXagAErxSm?format=jpg&name=large')]",independent,"Happy Saturday, everyone! 🌞 Let's kick off the day with a dose of independence and creativity. Remember to #StayIndependent and let your unique voice shine through. #SaturdayGoals #IndieLife #CreativityUnleashed #StayTrueToYourself. Stay tuned for more updates and don't forget to like, share, and follow us on all your favorite social media platforms. #FollowYourPassion #ConnectWithLikeMinds"
6364,2022-09-08 18:43:52,1604,cnni,"[Video(thumbnailUrl='https://pbs.twimg.com/amplify_video_thumb/1567945316879458304/img/sgUjkFLl8XPZLaKA.jpg', variants=[VideoVariant(contentType='application/x-mpegURL', url='https://video.twimg.com/amplify_video/1567945316879458304/pl/PqmGzwD-AK2vGODD.m3u8?tag=14&container=fmp4', bitrate=None), VideoVariant(contentType='video/mp4', url='https://video.twimg.com/amplify_video/1567945316879458304/vid/1280x720/h6KJe3zeWi4ZD7_z.mp4?tag=14', bitrate=2176000), VideoVariant(contentType='video/mp4', url='https://video.twimg.com/amplify_video/1567945316879458304/vid/480x270/Kwu6hjLevq367t4j.mp4?tag=14', bitrate=288000), VideoVariant(contentType='video/mp4', url='https://video.twimg.com/amplify_video/1567945316879458304/vid/640x360/rg597UQM-vdHjlMY.mp4?tag=14', bitrate=832000)], duration=484.251, views=54200)]",cnn,🎉Stay tuned for the latest news from around the world! 🌍 #CNNi #BreakingNews #StayInformed
440,2022-04-30 01:17:43,81,astrotraffic,"[Photo(previewUrl='https://pbs.twimg.com/media/FRjdtK-aQAA8NXq?format=png&name=small', fullUrl='https://pbs.twimg.com/media/FRjdtK-aQAA8NXq?format=png&name=large')]",astro,"🎉 Saturday is here, and so is the chance to shine! 🌟 Whether you're looking to boost your online presence or just need a boost in the right direction, #astrotraffic is here to help you reach your goals. Let's make Saturday the best it can be together! 💪 #socialmedia #growthhacking"
2751,2021-10-27 05:33:11,180,barandbench,"[Photo(previewUrl='https://pbs.twimg.com/media/FCrr2GEXsAI1RWB?format=jpg&name=small', fullUrl='https://pbs.twimg.com/media/FCrr2GEXsAI1RWB?format=jpg&name=large')]",bar,"🎉 **Wednesday Morning Motivation**: Ready to tackle the day? Let's #BarAndBench together! 🏃💪 Whether you're in the gym, at the office, or just chilling at home, we've got you covered. #Workout #Fitness #Motivation #StayFit #HealthyHabits #BarandBench"
7488,2021-12-21 20:46:49,56,YahooSportsCFB,"[Video(thumbnailUrl='https://pbs.twimg.com/ext_tw_video_thumb/1473394368342114310/pu/img/Y1xWtsGpxLiICmes.jpg', variants=[VideoVariant(contentType='video/mp4', url='https://video.twimg.com/ext_tw_video/1473394368342114310/pu/vid/1288x720/9wEkCRew7BlIQOcU.mp4?tag=12', bitrate=2176000), VideoVariant(contentType='video/mp4', url='https://video.twimg.com/ext_tw_video/1473394368342114310/pu/vid/482x270/XbuK7EgksXNS3zpO.mp4?tag=12', bitrate=256000), VideoVariant(contentType='video/mp4', url='https://video.twimg.com/ext_tw_video/1473394368342114310/pu/vid/644x360/e9d7j4ope-fTDhq7.mp4?tag=12', bitrate=832000), VideoVariant(contentType='application/x-mpegURL', url='https://video.twimg.com/ext_tw_video/1473394368342114310/pu/pl/tvvz2FWNUACHGWdy.m3u8?tag=12&container=fmp4', bitrate=None)], duration=29.735, views=2418)]",yahoo,"🚨Stay tuned for the latest in college football action! Join us on Yahoo Sports CFB for all your college football news, stats, and analysis. #CollegeFootball #YahooSports #StayTuned"
5273,2022-02-08 16:00:00,15,EuroLeague,"[Video(thumbnailUrl='https://pbs.twimg.com/media/FLAg8tsXoAgN_eK.jpg', variants=[VideoVariant(contentType='video/mp4', url='https://video.twimg.com/amplify_video/1490727312232439810/vid/540x540/_4egPR4jpO7exMtk.mp4?tag=14', bitrate=832000), VideoVariant(contentType='video/mp4', url='https://video.twimg.com/amplify_video/1490727312232439810/vid/320x320/WVe6ZOj0XpxBdwXx.mp4?tag=14', bitrate=432000), VideoVariant(contentType='video/mp4', url='https://video.twimg.com/amplify_video/1490727312232439810/vid/720x720/JUXd3C1QNTmtA9WC.mp4?tag=14', bitrate=1280000), VideoVariant(contentType='application/x-mpegURL', url='https://video.twimg.com/amplify_video/1490727312232439810/pl/AYtd8ArdCqDCXjyF.m3u8?tag=14&container=fmp4', bitrate=None)], duration=41.041, views=1749)]",turkish airlines,"✈️ #TravelWithTurkishAirlines 🇹🇷 Whether you're in the heart of Europe or exploring new destinations, let us make your journey a dream come true. Dive into the world of luxury, comfort, and adventure with us! 🌍✨ #FlyTurkish Airlines #EuroLeague #Travel2023"
5654,2022-04-14 23:42:04,255,RFERL,"[Video(thumbnailUrl='https://pbs.twimg.com/amplify_video_thumb/1514749242266558466/img/oSCZkuqcFJPvg7go.jpg', variants=[VideoVariant(contentType='video/mp4', url='https://video.twimg.com/amplify_video/1514749242266558466/vid/720x720/h-LoJ_jvGKqydrqh.mp4?tag=14', bitrate=1280000), VideoVariant(contentType='application/x-mpegURL', url='https://video.twimg.com/amplify_video/1514749242266558466/pl/St-MUA2Xzkh7vlqM.m3u8?tag=14&container=fmp4', bitrate=None), VideoVariant(contentType='video/mp4', url='https://video.twimg.com/amplify_video/1514749242266558466/vid/540x540/m6C_zya3eVmcMmQc.mp4?tag=14', bitrate=832000), VideoVariant(contentType='video/mp4', url='https://video.twimg.com/amplify_video/1514749242266558466/vid/320x320/5HfJk9ZbRpL4qZ6M.mp4?tag=14', bitrate=432000)], duration=198.28, views=12285)]",free,"🎉 Thursday night is here, and so is the perfect opportunity to unwind with a good book! 📖✨ #ReadAndRelax #ThursdayNight #BookLover #ReadingIsGood #StayTunedForMore #EngageWithUs #ExploreTheWorld #ConnectWithLikeMinds"
4000,2022-04-26 23:00:19,17,PADI,"[Photo(previewUrl='https://pbs.twimg.com/media/FRTjaXQWYAgyw2T?format=jpg&name=small', fullUrl='https://pbs.twimg.com/media/FRTjaXQWYAgyw2T?format=jpg&name=large')]",padi,🎉 Dive into the world of underwater adventure with PADI! 🛵️ Dive into your next adventure today! #PADI #UnderwaterAdventures #ExploreTheWondersOfTheOceans
6034,2021-12-04 19:59:54,32715,SpiderManMovie,"[Photo(previewUrl='https://pbs.twimg.com/media/FFyeQQUVEAM2w8f?format=jpg&name=small', fullUrl='https://pbs.twimg.com/media/FFyeQQUVEAM2w8f?format=jpg&name=large')]",no,"🎉 Saturday night is here, and so is the #SpiderMan movie! Don't miss out on the action and excitement! 🕵️‍♂️✨ #MovieNight #SpiderVibes #StayHomeStaySafe"
583,2022-09-24 13:00:06,5,PfizerOncMed,"[Photo(previewUrl='https://pbs.twimg.com/media/FdbCFxHWAAAOlyS?format=jpg&name=small', fullUrl='https://pbs.twimg.com/media/FdbCFxHWAAAOlyS?format=jpg&name=large')]",pfizer,"Happy Saturday, everyone! 🌟 Check out how Pfizer Oncology is making a difference in the fight against cancer. 💪 #CancerWarrior #StayStrong #HealthierTomorrow"
9931,2021-12-02 10:20:04,164,thefrontbar7,"[Photo(previewUrl='https://pbs.twimg.com/media/FFmG31FVUAQbJee?format=jpg&name=small', fullUrl='https://pbs.twimg.com/media/FFmG31FVUAQbJee?format=jpg&name=large')]",bar,"🎉 Thursday at the Front Bar! 🌟 Join us for a night of delicious cocktails, live music, and a fun atmosphere. Don't miss out on the best night of the week! #FrontBar7 #ThursdayNight #LiveMusic #CocktailLovers #StayTuned"
7052,2022-03-14 16:22:06,12954,Spotify,"[Photo(previewUrl='https://pbs.twimg.com/media/FN0ryIiXsAITHPR?format=jpg&name=small', fullUrl='https://pbs.twimg.com/media/FN0ryIiXsAITHPR?format=jpg&name=large')]",spotify,👋Hey everyone! It's time to kickstart your Monday with the best music on Spotify. 🎶✨ Tune in now and let the day begin with a beat! #Spotify #MusicMonday #StartYourDayWithTheBest
8159,2021-02-16 15:00:13,6,PepsiCoJOBS,"[Photo(previewUrl='https://pbs.twimg.com/media/EuWzh-XWQAAgcH1?format=jpg&name=small', fullUrl='https://pbs.twimg.com/media/EuWzh-XWQAAgcH1?format=jpg&name=large')]",pepsico,"🎉Stay hydrated and energized with Pepsi! 🚀 Whether you're in the gym, at work, or just chilling at home, Pepsi is your go-to choice for a refreshing and delicious drink. #StayHealthy #EnergizeYourDay"
9897,2021-05-01 09:49:53,297,MickBarryTD,"[Photo(previewUrl='https://pbs.twimg.com/media/E0SyJeGWQAATLhP?format=jpg&name=small', fullUrl='https://pbs.twimg.com/media/E0SyJeGWQAATLhP?format=jpg&name=large')]",td,"🎉 Saturday morning, Mick! 🌟 What's your plan for the day? Let me know in the comments! #WorkLife #SaturdayRoutine"
2250,2022-04-14 03:04:25,123,METROFMSA,"[Photo(previewUrl='https://pbs.twimg.com/media/FQRenPWXwAQZS6D?format=jpg&name=small', fullUrl='https://pbs.twimg.com/media/FQRenPWXwAQZS6D?format=jpg&name=large')]",sabc,🎉Stay tuned for the latest news and updates from METROF MSA! 🚀 #METROFM #StayConnected #StayInformed
4641,2022-03-04 09:41:32,101,barandbench,"[Photo(previewUrl='https://pbs.twimg.com/media/FM_v8SwaUAAIzuc?format=jpg&name=small', fullUrl='https://pbs.twimg.com/media/FM_v8SwaUAAIzuc?format=jpg&name=large')]",bar,🎉 Friday night at @BarAndBench! 🍺🍻 Tune in for our special Friday night event. Don't miss out on the fun! #FridayNight #StayTuned #BarandBench #SocialMedia #EngageWithUs
9486,2022-02-11 09:57:55,107,MichelinGuideUK,"[Photo(previewUrl='https://pbs.twimg.com/media/FLTqkJUX0AAcNbq?format=jpg&name=small', fullUrl='https://pbs.twimg.com/media/FLTqkJUX0AAcNbq?format=jpg&name=large')]",michelin,"🎉 Friday is here, and so is the chance to explore some of the world's best dining experiences! 🌟 Whether you're in London, Paris, or any other Michelin-starred city, there's always something new and delicious to discover. #Michelin #FoodLovers #ExploreTheWorld"
4948,2021-11-07 19:21:21,5945,redbullracing,"[Photo(previewUrl='https://pbs.twimg.com/media/FDnTAcZXIAA7QT5?format=jpg&name=small', fullUrl='https://pbs.twimg.com/media/FDnTAcZXIAA7QT5?format=jpg&name=large')]",oracle,🎉 Sunday night at Red Bull Racing! 🚀 #RedBullRacing #SundayNight #Motorsport #F1 #Formula1 #Speed #Performance #Engineering #Innovation #Teamwork #Motivation #RacingIsMyLife #DreamsComeTrue
9921,2021-01-21 06:01:07,818,CNNPolitics,"[Photo(previewUrl='https://pbs.twimg.com/media/EsO-zn4XYAAn_Nr?format=png&name=small', fullUrl='https://pbs.twimg.com/media/EsO-zn4XYAAn_Nr?format=png&name=large')]",cnn,🎉Stay tuned for the latest news from @CNN! #CNNPolitics #BreakingNews #StayInformed
1964,2022-10-03 04:58:59,738,PaytmTickets,"[Photo(previewUrl='https://pbs.twimg.com/media/FeHqSWXVIAEz-XA?format=jpg&name=small', fullUrl='https://pbs.twimg.com/media/FeHqSWXVIAEz-XA?format=jpg&name=large')]",paytm,**Paytm Tickets** is here to make your Monday even more exciting! 🚀 #Paytm #Ticketing #MondayMood #GetReadyForTheDay
8244,2022-03-14 22:31:01,16,ToyotaSoCal,"[Photo(previewUrl='https://pbs.twimg.com/media/FN2AVy5WQAYQK6o?format=jpg&name=small', fullUrl='https://pbs.twimg.com/media/FN2AVy5WQAYQK6o?format=jpg&name=large')]",toyota,"🎉 Ready for a new adventure? 🚗💨 At ToyotaSoCal, we're buzzing with excitement for the week ahead! Whether you're looking to explore, play, or just relax, we've got the perfect toy for you. #Toyota #Explore #Play #Relax #Adventure #ToyotaSoCal #MondayMotivation"
6591,2021-11-04 21:44:44,309,bayer04_en,"[Gif(thumbnailUrl='https://pbs.twimg.com/tweet_video_thumb/FDYXDevWUAApHDM.jpg', variants=[VideoVariant(contentType='video/mp4', url='https://video.twimg.com/tweet_video/FDYXDevWUAApHDM.mp4', bitrate=0)])]",bayer,"🎉 Thursday night is here, and so is the perfect time to unwind with a refreshing drink from Bayer! 🥂 #Bayer #DrinkUp #StayHydrated"
8848,2022-04-24 13:00:10,63,ASTROGaming,"[Photo(previewUrl='https://pbs.twimg.com/media/FRHG3ZnXMAEc3GR?format=jpg&name=small', fullUrl='https://pbs.twimg.com/media/FRHG3ZnXMAEc3GR?format=jpg&name=large')]",astro,"🎉 Sunday at Astro Gaming! 🚀 Whether you're a seasoned pro or just starting your gaming journey, join us for the best games, the best community, and the best atmosphere. #AstroGaming #SundayAtAstro #CommunityFirst #GameOn"
322,2021-06-23 20:28:44,117,HomeFreeGuys,"[Video(thumbnailUrl='https://pbs.twimg.com/ext_tw_video_thumb/1407797510718976002/pu/img/sDYRfpfGgzX_oBU1.jpg', variants=[VideoVariant(contentType='application/x-mpegURL', url='https://video.twimg.com/ext_tw_video/1407797510718976002/pu/pl/gtsGUZUrHkQnrgmx.m3u8?tag=12&container=fmp4', bitrate=None), VideoVariant(contentType='video/mp4', url='https://video.twimg.com/ext_tw_video/1407797510718976002/pu/vid/1280x720/sJ5kFzqnM8jNOzsX.mp4?tag=12', bitrate=2176000), VideoVariant(contentType='video/mp4', url='https://video.twimg.com/ext_tw_video/1407797510718976002/pu/vid/480x270/6tN3se2MJcafVQSv.mp4?tag=12', bitrate=256000), VideoVariant(contentType='video/mp4', url='https://video.twimg.com/ext_tw_video/1407797510718976002/pu/vid/640x360/u97IepXlXpVlNc4_.mp4?tag=12', bitrate=832000)], duration=22.367, views=1205)]",free,"🎉 Wednesday night is here, and so is the perfect time to unwind at home! 🛋️ Whether you're cooking up a storm, binge-watching your favorite shows, or just relaxing with a good book, #HomeTime is the best way to spend your evening. Don't forget to share your favorite #HomeGaming moments with us! #StayHome #StaySafe 🏠✨"
2679,2021-04-23 16:01:04,33,BlackBerry,"[Photo(previewUrl='https://pbs.twimg.com/media/Ezq6Y46XMAE83uj?format=jpg&name=small', fullUrl='https://pbs.twimg.com/media/Ezq6Y46XMAE83uj?format=jpg&name=large')]",blackberry,"🎉 Friday is here, and so is the #BlackBerry revolution! Stay connected, stay secure, and stay ahead with the best in mobile technology. #TechSavvy #StayConnected"
4626,2022-03-29 18:00:00,409,TeslaCharging,"[Photo(previewUrl='https://pbs.twimg.com/media/FO85V50VgAQyXcg?format=jpg&name=small', fullUrl='https://pbs.twimg.com/media/FO85V50VgAQyXcg?format=jpg&name=large')]",tesla,"🎉Stay charged with Tesla! 🚗🔋 Whether you're on the go or at home, our fast and reliable chargers are here to keep you connected. #TeslaChargers #ElectricFuture #DriveSustainable"
4950,2022-03-27 10:03:27,708,pirellisport,"[Photo(previewUrl='https://pbs.twimg.com/media/FO2R5mjWQAEG_70?format=jpg&name=small', fullUrl='https://pbs.twimg.com/media/FO2R5mjWQAEG_70?format=jpg&name=large')]",pirelli,"🎉 Sunday morning, kick off your day with Pirelli! 🚗💨 #Pirelli #SundaysAreSpecial #DriveSafe #StayInControl #PrideInPride 🛖️✨ #BrandLovers #SocialMediaMonday #DriveSafely #StaySafe #ProudToBeItalian #ItalianDesign #ItalianStyle #ItalianClassics #ItalianSustainability #ItalianInnovation #ItalianCraftsmanship #ItalianQuality #ItalianElegance #Italian"
8329,2022-01-08 01:07:05,337,SethWEmerson,"[Video(thumbnailUrl='https://pbs.twimg.com/ext_tw_video_thumb/1479620587794354178/pu/img/Ej61UNt8PNn3ECdR.jpg', variants=[VideoVariant(contentType='video/mp4', url='https://video.twimg.com/ext_tw_video/1479620587794354178/pu/vid/1280x720/nFKcs9KVmZDHl2_A.mp4?tag=12', bitrate=2176000), VideoVariant(contentType='application/x-mpegURL', url='https://video.twimg.com/ext_tw_video/1479620587794354178/pu/pl/LYs3-FF1bPmpePvf.m3u8?tag=12&container=fmp4', bitrate=None), VideoVariant(contentType='video/mp4', url='https://video.twimg.com/ext_tw_video/1479620587794354178/pu/vid/640x360/bzCXDBFVPs8rRzDo.mp4?tag=12', bitrate=832000), VideoVariant(contentType='video/mp4', url='https://video.twimg.com/ext_tw_video/1479620587794354178/pu/vid/480x270/dGheDhxtycvSb6NE.mp4?tag=12', bitrate=256000)], duration=31.493, views=9426)]",emerson,"🎉 Saturday is here, and so is the perfect chance to unwind and relax! 🌍✨ Whether you're catching up with friends, binge-watching your favorite show, or just lounging in your favorite spot, remember to take a moment to appreciate the little moments in life. #SaturdayIsTheBest #EmersonLife #EnjoyTheDay"
3338,2021-02-19 13:45:01,4,CiscoPortugal,"[Photo(previewUrl='https://pbs.twimg.com/media/Eul_FxBWgAYpwfZ?format=jpg&name=small', fullUrl='https://pbs.twimg.com/media/Eul_FxBWgAYpwfZ?format=jpg&name=large')]",cisco,"🎉 Friday is here, and so is a chance to connect, innovate, and stay ahead in the digital world! 🚀 #Cisco #StayConnected #InnovateNow"
5590,2021-04-06 19:01:38,341,amazonluna,"[Gif(thumbnailUrl='https://pbs.twimg.com/tweet_video_thumb/EyUAqrzWEAMGHuJ.jpg', variants=[VideoVariant(contentType='video/mp4', url='https://video.twimg.com/tweet_video/EyUAqrzWEAMGHuJ.mp4', bitrate=0)])]",amazon,"🎉Hey everyone! Today's Tuesday, and it's the perfect time to catch up with friends and family. Let's make the most of the day with #AmazonLuna, where we're all about making your shopping experience as easy and enjoyable as possible. Whether you're looking for the latest in tech, fashion, or home essentials, we've got you covered. So, what's on your shopping list for the day? #ShopLuna #ConnectWithLuna"
252,2021-07-29 17:17:02,1,armnewsteam,"[Photo(previewUrl='https://pbs.twimg.com/media/E7et_RfXoAMMVX0?format=png&name=small', fullUrl='https://pbs.twimg.com/media/E7et_RfXoAMMVX0?format=png&name=large')]",arm,🎉Stay tuned for the latest in tech and innovation! 🚀 #ArmNewTech #StayInTheLoop #TechSavvy #Innovate #ConnectWithUs
3974,2021-12-23 21:00:12,2,CharlesSchwab,"[Photo(previewUrl='https://pbs.twimg.com/media/FHUix26WUA4UOFI?format=jpg&name=small', fullUrl='https://pbs.twimg.com/media/FHUix26WUA4UOFI?format=jpg&name=large')]",charles schwab,"🎉 Thursday night at Charles Schwab! 🚀 Whether you're investing, banking, or just looking for a fun night out, we've got you covered. #Investing #Banking #NightLife"
6631,2022-11-30 11:30:00,24,ASUS_ROG_IN,"[Photo(previewUrl='https://pbs.twimg.com/media/FizksLTagAA9Yly?format=jpg&name=small', fullUrl='https://pbs.twimg.com/media/FizksLTagAA9Yly?format=jpg&name=large'), Photo(previewUrl='https://pbs.twimg.com/media/FizksLkaYAA1H7F?format=jpg&name=small', fullUrl='https://pbs.twimg.com/media/FizksLkaYAA1H7F?format=jpg&name=large'), Photo(previewUrl='https://pbs.twimg.com/media/FizksLsagAIkr7s?format=jpg&name=small', fullUrl='https://pbs.twimg.com/media/FizksLsagAIkr7s?format=jpg&name=large')]",asus,🎉 Wednesdays are made for gaming! 🎮 Check out ASUS ROG for the ultimate gaming experience. #ASUSROG #GamingLovers #WednesdayMustHaves
5548,2021-03-20 22:56:23,130,ADWilliamsUVA,"[Photo(previewUrl='https://pbs.twimg.com/media/Ew9TY-3XEAMbvsr?format=jpg&name=small', fullUrl='https://pbs.twimg.com/media/Ew9TY-3XEAMbvsr?format=jpg&name=large')]",williams,"Happy Saturday, everyone! 🌆 Whether you're studying, relaxing, or just hanging out with friends, #ADWilliams is here to make your day brighter. #UVAcommunity #StudyLife #StayInTouch"
36,2021-10-20 10:30:48,1077,SamsungPH,"[Photo(previewUrl='https://pbs.twimg.com/media/FCIs9iJUYAYQyws?format=jpg&name=small', fullUrl='https://pbs.twimg.com/media/FCIs9iJUYAYQyws?format=jpg&name=large')]",samsung,🚀Stay ahead of the competition with Samsung! 🚀 #SamsungPH #TechRevolution #Innovate #Connectivity #SmartHome #StayAhead #TechLover #TechGuru #TechGeek #TechFanatic #TechEnthusiast #TechNerd #TechWhiz #TechGenius #TechMaster #TechMaven #TechPro #TechSavvy #TechTrendsetter #TechTrailblazer #TechLeader #TechPioneer #Tech
8363,2022-05-12 15:07:03,0,armnewsteam,"[Photo(previewUrl='https://pbs.twimg.com/media/FSkQhw0XsAIZbj3?format=png&name=small', fullUrl='https://pbs.twimg.com/media/FSkQhw0XsAIZbj3?format=png&name=large')]",arm,"🎉 Thursday is here, and so is the #ArmNewTech revolution! 🚀 Dive into the future of tech with us! #Innovation #TechLovers #StayAhead"
1514,2022-07-02 15:24:56,71,FootySuperTips,"[Photo(previewUrl='https://pbs.twimg.com/media/FWq9si9WQAMzpZ_?format=jpg&name=small', fullUrl='https://pbs.twimg.com/media/FWq9si9WQAMzpZ_?format=jpg&name=large')]",free,"🚨🚨🚨 Saturday kickoff! 🏃🏃🏃 Get ready to elevate your game with Footy Super Tips. 🔥🔥🔥 Whether you're a seasoned pro or just starting your journey, we've got you covered. Join us for tips, tricks, and strategies to take your footy skills to the next level. Don't miss out! #Footy #SuperTips #GameOn"
9318,2022-05-04 16:00:20,9,USAA,"[Video(thumbnailUrl='https://pbs.twimg.com/ext_tw_video_thumb/1521882402066472960/pu/img/VNiTnvqdRQ-3pzQ7.jpg', variants=[VideoVariant(contentType='video/mp4', url='https://video.twimg.com/ext_tw_video/1521882402066472960/pu/vid/540x540/OSXFU6MF_VXMJm9w.mp4?tag=12', bitrate=832000), VideoVariant(contentType='application/x-mpegURL', url='https://video.twimg.com/ext_tw_video/1521882402066472960/pu/pl/KCL7BZaHJz6MW5W6.m3u8?tag=12&container=fmp4', bitrate=None), VideoVariant(contentType='video/mp4', url='https://video.twimg.com/ext_tw_video/1521882402066472960/pu/vid/720x720/L9PcWW7btGISKNkY.mp4?tag=12', bitrate=1280000), VideoVariant(contentType='video/mp4', url='https://video.twimg.com/ext_tw_video/1521882402066472960/pu/vid/320x320/2eQBtSg_WlrKSxF2.mp4?tag=12', bitrate=432000)], duration=15.028, views=415)]",usaa,"Happy Wednesday, USAA family! 🚀 Whether you're planning a weekend getaway or just relaxing at home, we're here to help keep you safe and secure. #USAA #TravelSafe #StaySecure"
40,2022-05-05 07:30:00,384,amazonIN,"[Photo(previewUrl='https://pbs.twimg.com/media/FR7y3_-UUAAlkiZ?format=jpg&name=small', fullUrl='https://pbs.twimg.com/media/FR7y3_-UUAAlkiZ?format=jpg&name=large')]",amazon,"🎉 Thursday is here, and so is the perfect time to shop with us! 🛍️ Whether you're looking for the latest tech gadgets or cozy home essentials, Amazon has got you covered. #ShopWithUs #AmazonIn #TechGadgets #HomeEssentials"
4820,2022-02-13 20:27:33,105,cbcotttraffic,"[Photo(previewUrl='https://pbs.twimg.com/media/FLgN8caXsAIiK0i?format=jpg&name=small', fullUrl='https://pbs.twimg.com/media/FLgN8caXsAIiK0i?format=jpg&name=large')]",cbc,"🎉Stay tuned for the best of @CBCottTraffic on Sunday night at 10pm! Tune in for the latest news, insights, and entertainment. Don't miss out on the #CBCOTTTRAFFIC experience! 📺✨ #CBC #CBCott #CBCTraffic #CBCNews #CBCEntertainment #CBCPodcast #CBCMusic #CBCSports #CBCTravel #CBCInvestigations #CBCHealth #CBCEducation #CBCEnvironment #CBCCulture #CBCScience #CBC"
3466,2021-05-04 01:01:37,1598,nojumper,"[Photo(previewUrl='https://pbs.twimg.com/media/E0gWAjgUYAIUFRg?format=jpg&name=small', fullUrl='https://pbs.twimg.com/media/E0gWAjgUYAIUFRg?format=jpg&name=large'), Photo(previewUrl='https://pbs.twimg.com/media/E0gWAjHVIAYqCRG?format=jpg&name=small', fullUrl='https://pbs.twimg.com/media/E0gWAjHVIAYqCRG?format=jpg&name=large')]",no,🎉 #NoJumper is back in action! 🚀 Get ready to jump into the best workout of your week with us! 💪 #WorkoutTuesday #FitnessGoals #StayActive
1761,2022-04-19 20:52:28,2270,primevideosport,"[Photo(previewUrl='https://pbs.twimg.com/media/FQvCzKsWUAwOlS7?format=jpg&name=small', fullUrl='https://pbs.twimg.com/media/FQvCzKsWUAwOlS7?format=jpg&name=large')]",amazon,🎉Stay tuned for the latest in sports and entertainment with @PrimeVideosport! 🏃💨 #PrimeVideo #SportsLovers #PrimeTime #Entertainment #StayPrime
2305,2021-07-03 17:35:04,0,TheAAie,"[Photo(previewUrl='https://pbs.twimg.com/media/E5Y4x_pXoAcvlH8?format=jpg&name=small', fullUrl='https://pbs.twimg.com/media/E5Y4x_pXoAcvlH8?format=jpg&name=large')]",aa,🎉 Saturday night is here! 🌆✨ Let's party like it's 2023! 🚀 #AAie #SaturdayNight #LiveLifeToTheFullest
3724,2022-03-28 17:00:02,41,qatarairways,"[Photo(previewUrl='https://pbs.twimg.com/media/FO80tCBWYAg_1Hm?format=jpg&name=small', fullUrl='https://pbs.twimg.com/media/FO80tCBWYAg_1Hm?format=jpg&name=large'), Photo(previewUrl='https://pbs.twimg.com/media/FO80tCUXwAg0ngm?format=jpg&name=small', fullUrl='https://pbs.twimg.com/media/FO80tCUXwAg0ngm?format=jpg&name=large'), Photo(previewUrl='https://pbs.twimg.com/media/FO80tCdWYAQ49el?format=jpg&name=small', fullUrl='https://pbs.twimg.com/media/FO80tCdWYAQ49el?format=jpg&name=large'), Photo(previewUrl='https://pbs.twimg.com/media/FO80tCeX0AAY9yd?format=jpg&name=small', fullUrl='https://pbs.twimg.com/media/FO80tCeX0AAY9yd?format=jpg&name=large')]",qatar airways,"🌍✈️ Welcome to #QatarAirways, where every flight is a journey to explore the world! Whether you're heading to #Doha, #Abu Dhabi, or any of our many destinations, we're here to make your travel dreams come true. #TravelWithQatar #ConnectTheWorld"
8285,2022-11-15 13:30:00,42,VirginMediaNews,"[Video(thumbnailUrl='https://pbs.twimg.com/media/FhmzwoCUAAAkvG2.jpg', variants=[VideoVariant(contentType='video/mp4', url='https://video.twimg.com/amplify_video/1592499480632270849/vid/480x270/q7eYAcQHj69MeUqh.mp4?tag=14', bitrate=288000), VideoVariant(contentType='video/mp4', url='https://video.twimg.com/amplify_video/1592499480632270849/vid/1280x720/kNhNyjL-7FADnXk4.mp4?tag=14', bitrate=2176000), VideoVariant(contentType='video/mp4', url='https://video.twimg.com/amplify_video/1592499480632270849/vid/640x360/TlRpvfK6FDpFJ0mP.mp4?tag=14', bitrate=832000), VideoVariant(contentType='application/x-mpegURL', url='https://video.twimg.com/amplify_video/1592499480632270849/pl/Ef8NTrpIvvsiTN5U.m3u8?tag=14&container=fmp4', bitrate=None)], duration=135.52, views=2847)]",virgin media,"🌟Stay tuned for the latest in entertainment, tech, and lifestyle with Virgin Media! 📺✨ Whether you're streaming your favorite shows, gaming on the go, or staying connected at home, Virgin Media is here to make your digital life easier, faster, and more enjoyable. #VirginMedia #TechLife #StayConnected"
4994,2021-10-26 14:14:06,0,AAAhoosier,"[Photo(previewUrl='https://pbs.twimg.com/media/FCoZm_lWQAAMkwQ?format=jpg&name=small', fullUrl='https://pbs.twimg.com/media/FCoZm_lWQAAMkwQ?format=jpg&name=large')]",aaa,"🎉Hey Hoosiers! Ready to kick off your day with a smile? 🌟 Whether you're at work, school, or just hanging out with friends, let's #StayHoosier and make the most of the #TuesdayTwilight. Let's #ShareTheJoy and spread some sunshine all day long! 🌞✨ #HoosiersUnite #StayPositive #StayActive #StayHealthy #StayHappy #StayFit #StaySunny #StayStrong #Stay"
8128,2023-01-02 16:21:10,3898,PatMcAfeeShow,"[Video(thumbnailUrl='https://pbs.twimg.com/ext_tw_video_thumb/1609947693560000513/pu/img/qCb8OJki5PsBv9EY.jpg', variants=[VideoVariant(contentType='application/x-mpegURL', url='https://video.twimg.com/ext_tw_video/1609947693560000513/pu/pl/JmZqI1cBqLyeZmd0.m3u8?tag=14&container=fmp4', bitrate=None), VideoVariant(contentType='video/mp4', url='https://video.twimg.com/ext_tw_video/1609947693560000513/pu/vid/640x360/6nWAAenjAjBwhkzE.mp4?tag=14', bitrate=832000), VideoVariant(contentType='video/mp4', url='https://video.twimg.com/ext_tw_video/1609947693560000513/pu/vid/1920x1080/GZKyUAO7x8083wlw.mp4?tag=14', bitrate=10368000), VideoVariant(contentType='video/mp4', url='https://video.twimg.com/ext_tw_video/1609947693560000513/pu/vid/480x270/t_byixggObar6CPk.mp4?tag=14', bitrate=256000), VideoVariant(contentType='video/mp4', url='https://video.twimg.com/ext_tw_video/1609947693560000513/pu/vid/1280x720/hEuj6qcl9Fq3J1nx.mp4?tag=14', bitrate=2176000)], duration=18.4, views=482629)]",mcafee,"Monday's here, and it's time to protect your digital world with McAfee! 🚀 #CyberSecurity #StaySafe #ProtectYourDigitalLife"
3033,2021-08-04 16:00:26,39,AMCTheatres,"[Video(thumbnailUrl='https://pbs.twimg.com/ext_tw_video_thumb/1422950471115984907/pu/img/6t10VQc_b1Tyuo7m.jpg', variants=[VideoVariant(contentType='video/mp4', url='https://video.twimg.com/ext_tw_video/1422950471115984907/pu/vid/1280x720/sQYIVSy2QBXq2x50.mp4?tag=12', bitrate=2176000), VideoVariant(contentType='video/mp4', url='https://video.twimg.com/ext_tw_video/1422950471115984907/pu/vid/480x270/Cv2trj9svnG5bxer.mp4?tag=12', bitrate=256000), VideoVariant(contentType='application/x-mpegURL', url='https://video.twimg.com/ext_tw_video/1422950471115984907/pu/pl/HCnN_d2vGqdmquz9.m3u8?tag=12&container=fmp4', bitrate=None), VideoVariant(contentType='video/mp4', url='https://video.twimg.com/ext_tw_video/1422950471115984907/pu/vid/640x360/7qlWCyLtxHAjOBUD.mp4?tag=12', bitrate=832000)], duration=20.0, views=1939)]",amc,🎉 Wednesdays at AMC: Dive into the latest movies with us! 📺🍿 #AMCTheatres #WednesdayNight #MovieTime #GoSeeAMC
7939,2021-02-07 16:00:22,94,BlackBerry,"[Photo(previewUrl='https://pbs.twimg.com/media/Etoq_GcXIAES9Lx?format=jpg&name=small', fullUrl='https://pbs.twimg.com/media/Etoq_GcXIAES9Lx?format=jpg&name=large')]",blackberry,"Happy Sunday, everyone! 🌞 Whether you're in the office or at home, stay connected and secure with BlackBerry. 📱✨ #BlackBerry #StaySecure #SundayRoutine #TechLife"
3040,2022-09-09 06:49:44,587,EmersonBarrett,"[Photo(previewUrl='https://pbs.twimg.com/media/FcMddouakAATkWD?format=jpg&name=small', fullUrl='https://pbs.twimg.com/media/FcMddouakAATkWD?format=jpg&name=large'), Photo(previewUrl='https://pbs.twimg.com/media/FcMddotaQAAcdWZ?format=jpg&name=small', fullUrl='https://pbs.twimg.com/media/FcMddotaQAAcdWZ?format=jpg&name=large')]",emerson,"🎉 Friday is here, and so is the perfect time to unwind! Let's kick off the weekend with a refreshing drink and some good vibes. 🥂🍹 #FridayNight #DrinkUp #SocialMedia #WeekendVibes"
9656,2022-06-10 00:18:56,0,EmersonLotzia,"[Photo(previewUrl='https://pbs.twimg.com/media/FU2bWzsWAAEvG-T?format=jpg&name=small', fullUrl='https://pbs.twimg.com/media/FU2bWzsWAAEvG-T?format=jpg&name=large')]",emerson,🎉 Friday is here! Let's make the most of the weekend. Remember to #StayPositive and #EmbraceTheDay. What are you planning to do this weekend? #Emerson #FridayNight #WeekendGoals #SocialMediaMarketing #PositiveVibes #ConnectWithPeople
2546,2022-06-07 17:00:27,164,PatMcAfeeShow,"[Video(thumbnailUrl='https://pbs.twimg.com/amplify_video_thumb/1534217649218932736/img/zqCOju4gNf5aWe0A.jpg', variants=[VideoVariant(contentType='video/mp4', url='https://video.twimg.com/amplify_video/1534217649218932736/vid/640x360/rAGffsdyPENS_Hd3.mp4?tag=14', bitrate=832000), VideoVariant(contentType='video/mp4', url='https://video.twimg.com/amplify_video/1534217649218932736/vid/480x270/6CszY2NCk0KhcTIP.mp4?tag=14', bitrate=288000), VideoVariant(contentType='video/mp4', url='https://video.twimg.com/amplify_video/1534217649218932736/vid/1280x720/oyglhxy9CYAt93wt.mp4?tag=14', bitrate=2176000), VideoVariant(contentType='application/x-mpegURL', url='https://video.twimg.com/amplify_video/1534217649218932736/pl/ZbMbKYedoDaSTmBL.m3u8?tag=14&container=fmp4', bitrate=None)], duration=123.478, views=23951)]",mcafee,🚨Stay safe online with McAfee! 🚨 #Cybersecurity #StaySafe #TechTips #McafeeShow #SecurityIsTheNewNormal #ProtectYourDigitalLife #StayInControl #TechGuru #TechSavvy #TechLover #TechFanatic #TechEnthusiast #TechGeek #TechNerd #TechYoutuber #TechBlogger #TechWriter #TechDesigner #TechDeveloper #TechProgrammer #TechEngineer #Tech
2593,2021-05-31 12:00:13,0,AAASouthJersey,"[Video(thumbnailUrl='https://pbs.twimg.com/amplify_video_thumb/1399334852525277185/img/SB9UcblFR7XzW7nE.jpg', variants=[VideoVariant(contentType='video/mp4', url='https://video.twimg.com/amplify_video/1399334852525277185/vid/320x320/aZaooMmoQ5cPtnRI.mp4?tag=14', bitrate=432000), VideoVariant(contentType='video/mp4', url='https://video.twimg.com/amplify_video/1399334852525277185/vid/720x720/GupxofO6MTg-ShWU.mp4?tag=14', bitrate=1280000), VideoVariant(contentType='video/mp4', url='https://video.twimg.com/amplify_video/1399334852525277185/vid/540x540/2pj-NEjJ0BUeuCNe.mp4?tag=14', bitrate=832000), VideoVariant(contentType='application/x-mpegURL', url='https://video.twimg.com/amplify_video/1399334852525277185/pl/CtUpzn04iEc3DwNe.m3u8?tag=14', bitrate=None)], duration=15.208, views=5)]",aaa,"🎉 Monday Morning Motivation! Ready to kickstart your week with a smile? 🌟 Whether you're in South Jersey or anywhere else, let's make this a great day! #MondayMotivation #SouthJersey #StartYourDayRight"
1189,2022-03-11 16:08:33,5126,redbullracing,"[Photo(previewUrl='https://pbs.twimg.com/media/FNlLSz9X0AUla6-?format=jpg&name=small', fullUrl='https://pbs.twimg.com/media/FNlLSz9X0AUla6-?format=jpg&name=large')]",red bull,🎉 Friday night at Red Bull Racing! 🚀 #RedBullRacing #FridayNight #Motorsport #SpeedLovers #Redbull #RacingIsLife
7967,2021-04-20 16:48:24,118,GoMikeG,"[Photo(previewUrl='https://pbs.twimg.com/media/EzboczQVkAEAM1s?format=jpg&name=small', fullUrl='https://pbs.twimg.com/media/EzboczQVkAEAM1s?format=jpg&name=large')]",free,"Hey folks! Today's Tuesday, and it's the perfect time to kick off your social media journey. 🌟 Whether you're looking to boost your reach or just want to share some fun content, let's do it together! Remember, consistency is key, and so is having a good time. #SocialMediaMagic #EngageWithUs #TuesdayTwist"
6078,2023-01-05 15:49:54,6375,w_terrence,"[Photo(previewUrl='https://pbs.twimg.com/media/FluEtvZXoAE2mn1?format=jpg&name=small', fullUrl='https://pbs.twimg.com/media/FluEtvZXoAE2mn1?format=jpg&name=large')]",williams,Hey Will! 🌟 Ready for the weekend? Let's make it extra special with some fun and exciting things to do! #WillTweets #WeekendGoals #Travel #Adventure #ConnectWithFriends #ExcitedForTheWeekend
108,2022-10-23 16:00:02,142,HomeDepot,"[Photo(previewUrl='https://pbs.twimg.com/media/FfxBYneXEAAECac?format=jpg&name=small', fullUrl='https://pbs.twimg.com/media/FfxBYneXEAAECac?format=jpg&name=large')]",home depot,"🌞 Happy Sunday, everyone! Ready to tackle your weekend projects? 🚀 At Home Depot, we're here to help you find the perfect tools and materials to make your DIY dreams come true. Whether you're building, renovating, or just looking for some inspiration, we've got you covered. #HomeDecor #DIY #BuildYourDreamHome"
1316,2022-09-13 20:04:33,451,sharni2388,"[Photo(previewUrl='https://pbs.twimg.com/media/Fcj5wH1aIAE4HF4?format=jpg&name=small', fullUrl='https://pbs.twimg.com/media/Fcj5wH1aIAE4HF4?format=jpg&name=large')]",williams,"🎉 Tuesday night is here, and so is the chance to shine! 🌟 Whether you're chilling at home, catching up with friends, or working from the comfort of your own space, remember to #StaySocial and connect with the world around you. #Williams #Engage #Connect #SocialMedia #TuesdayNight #StayInTouch"
8188,2021-12-22 21:48:58,1647,amazongames,"[Photo(previewUrl='https://pbs.twimg.com/media/FHPkOI3WUAActUr?format=jpg&name=small', fullUrl='https://pbs.twimg.com/media/FHPkOI3WUAActUr?format=jpg&name=large')]",amazon,"🎉 Wednesday night is here, and so is the perfect time to kick back, relax, and indulge in the best games Amazon has to offer! Whether you're a seasoned gamer or just getting into the world of digital adventures, Amazon Games has got you covered. Dive into the latest releases, explore exclusive deals, and connect with like-minded gamers. #AmazonGames #WednesdayNight #GamerLife"
2754,2022-04-30 06:35:16,349,MetroUK_Life,"[Photo(previewUrl='https://pbs.twimg.com/media/FRkl9xpXwAE8dBg?format=png&name=small', fullUrl='https://pbs.twimg.com/media/FRkl9xpXwAE8dBg?format=png&name=large')]",metro,🎉 Saturday morning at Metro UK_Life! 🌟 Get ready to explore the best of London with us this weekend! #MetroUK #LondonLovers #TravelTips #ExploreTheCity
9754,2022-06-24 21:15:02,8,WalmartCAGaming,"[Photo(previewUrl='https://pbs.twimg.com/media/FWDBHLQXoAIbHvt?format=jpg&name=small', fullUrl='https://pbs.twimg.com/media/FWDBHLQXoAIbHvt?format=jpg&name=large')]",walmart,🎉 Friday night gaming vibes at Walmart! 🛍️ Get ready to unleash your inner gamer with our awesome deals. Don't miss out on the fun! #Walmart #FridayNight #GamerLife
6232,2022-04-01 18:41:02,232,SABCPortal,"[Photo(previewUrl='https://pbs.twimg.com/media/FPR4TnrWQA0ptab?format=jpg&name=small', fullUrl='https://pbs.twimg.com/media/FPR4TnrWQA0ptab?format=jpg&name=large')]",sabc,"🎉 Friday night at SABC Portal! 📺✨ Tune in for the latest news, entertainment, and more! #SABC #FridayNight #StayTuned"
2877,2022-11-26 14:40:03,0,IndependentNGR,"[Photo(previewUrl='https://pbs.twimg.com/media/Fif1IerakAMl9l4?format=jpg&name=small', fullUrl='https://pbs.twimg.com/media/Fif1IerakAMl9l4?format=jpg&name=large')]",independent,"Happy Saturday, everyone! 🌞 Let's kick off the day with a dose of independence and creativity. Remember to #StayIndependent and let your unique voice shine through. #SaturdayGoals #Creativity #IndependenceDay #StayTrueToYourself"
5324,2022-11-07 15:11:07,1154,nypmetro,"[Photo(previewUrl='https://pbs.twimg.com/media/Fg-GChiWAAM5jbT?format=jpg&name=small', fullUrl='https://pbs.twimg.com/media/Fg-GChiWAAM5jbT?format=jpg&name=large')]",metro,👋Hey Metro! Ready to kickstart your week with a bang? 🚀 #NYMetro #NewYorkCity #MondayMotivation #GetUpAndGo #NYC #NYCity #NY #NYDude #NYGirl #NYLife #NYWay #NYStyle #NYFashion #NYMusic #NYFood #NYTravel #NYCulture #NYSports #NYEntertainment #NYEducation #NYHealth #NYSafety #NYFamily #NYCommunity #NYWorkplace #NY
800,2022-12-28 17:42:08,1,IndependentNGR,"[Photo(previewUrl='https://pbs.twimg.com/media/FlFRr89aEAEqJY7?format=jpg&name=small', fullUrl='https://pbs.twimg.com/media/FlFRr89aEAEqJY7?format=jpg&name=large')]",independent,"Happy Wednesday, everyone! 🌟 Check out our latest post on independent thinking and the power of unique perspectives. #Innovate #Independent #WednesdayMotivation #ThinkDifferently #UniqueApproach #InspireChange"
3571,2022-04-20 10:07:31,243,WWF,"[Video(thumbnailUrl='https://pbs.twimg.com/ext_tw_video_thumb/1516718944069079041/pu/img/oUprC7TL00klhb_h.jpg', variants=[VideoVariant(contentType='video/mp4', url='https://video.twimg.com/ext_tw_video/1516718944069079041/pu/vid/320x568/_fvcNpvvplK3hg0R.mp4?tag=12', bitrate=632000), VideoVariant(contentType='video/mp4', url='https://video.twimg.com/ext_tw_video/1516718944069079041/pu/vid/480x852/sZ_szck7GCh3cgso.mp4?tag=12', bitrate=950000), VideoVariant(contentType='video/mp4', url='https://video.twimg.com/ext_tw_video/1516718944069079041/pu/vid/720x1280/VQZTwlZrjvlfXFIS.mp4?tag=12', bitrate=2176000), VideoVariant(contentType='application/x-mpegURL', url='https://video.twimg.com/ext_tw_video/1516718944069079041/pu/pl/bh58V41kr5Bq9SZL.m3u8?tag=12&container=fmp4', bitrate=None)], duration=10.005, views=12636)]",wwf,"🌍 #WorldEnvironmentDay is just around the corner! 🌱 Let's #GoGreen and protect our planet. Together, we can make a difference. #WWF #SustainableLiving #ClimateAction #NatureLovers #EcoFriendly #SaveThePlanet #TogetherWeCan"
2895,2021-01-22 20:57:02,955,CNNPolitics,"[Photo(previewUrl='https://pbs.twimg.com/media/EsXVc_GXAAAD26q?format=png&name=small', fullUrl='https://pbs.twimg.com/media/EsXVc_GXAAAD26q?format=png&name=large')]",cnn,🚨Stay tuned for the latest in breaking news and analysis from @CNN. #CNNPolitics #BreakingNews #StayInformed
2928,2021-11-05 09:20:09,312,FrewFilm,"[Gif(thumbnailUrl='https://pbs.twimg.com/tweet_video_thumb/FDa2O5yWUAEhM0R.jpg', variants=[VideoVariant(contentType='video/mp4', url='https://video.twimg.com/tweet_video/FDa2O5yWUAEhM0R.mp4', bitrate=0)])]",cameron,🎉 Friday night at FrewFilm! 🎧🎬 Let's dive into the best films of the week! #FilmFestivals #MovieNight #StayTuned #CameronFrew
8179,2022-12-26 21:36:29,871,primevideosport,"[Video(thumbnailUrl='https://pbs.twimg.com/media/Fk70C4_XkAApo_v.jpg', variants=[VideoVariant(contentType='video/mp4', url='https://video.twimg.com/amplify_video/1607490430098104321/vid/1920x1080/RzJkq-X8lLgN83FW.mp4?tag=16', bitrate=10368000), VideoVariant(contentType='video/mp4', url='https://video.twimg.com/amplify_video/1607490430098104321/vid/480x270/6YvIOAxZ16I6shMN.mp4?tag=16', bitrate=288000), VideoVariant(contentType='video/mp4', url='https://video.twimg.com/amplify_video/1607490430098104321/vid/640x360/sQ63b_tYpzdtNBJs.mp4?tag=16', bitrate=832000), VideoVariant(contentType='video/mp4', url='https://video.twimg.com/amplify_video/1607490430098104321/vid/1280x720/-_Yd43IkumjSeGks.mp4?tag=16', bitrate=2176000), VideoVariant(contentType='application/x-mpegURL', url='https://video.twimg.com/amplify_video/1607490430098104321/pl/9CotEfXwKzypMni3.m3u8?tag=16&container=fmp4', bitrate=None)], duration=28.68, views=175772)]",amazon,Hey Prime Video Sport fans! Ready to kick off the week with a bang? 🏃💨 Tune in to @PrimeVideosport on Monday night at 10 PM EST. Don't miss out on the action! #PrimeVideo #PrimeSports #MondayNight #StayTuned
972,2022-01-03 02:14:01,238,hkfp,"[Photo(previewUrl='https://pbs.twimg.com/media/FIJKf9EagAMZRPx?format=jpg&name=small', fullUrl='https://pbs.twimg.com/media/FIJKf9EagAMZRPx?format=jpg&name=large')]",free,"Hey everyone! 🌟 Ready to kickstart your week with HKFP? 🛋️ Whether you're looking to boost your online presence or just need a quick boost, we've got you covered. Let's make this Monday extra special! 💪 #HKFP #MondayMotivation #SocialMediaMarketing #EngageWithHKFP"
6688,2021-10-07 03:39:00,14,ICICIBank,"[Video(thumbnailUrl='https://pbs.twimg.com/media/FBBet3kVIAQTAzh.jpg', variants=[VideoVariant(contentType='video/mp4', url='https://video.twimg.com/amplify_video/1445759066760880140/vid/320x320/pLmkSO-LC31c2n2c.mp4?tag=14', bitrate=432000), VideoVariant(contentType='video/mp4', url='https://video.twimg.com/amplify_video/1445759066760880140/vid/480x480/Ke5w9sJpw3SOkNw8.mp4?tag=14', bitrate=832000), VideoVariant(contentType='application/x-mpegURL', url='https://video.twimg.com/amplify_video/1445759066760880140/pl/pvriSFL6h7gE3Km5.m3u8?tag=14', bitrate=None)], duration=19.96, views=1028)]",icici bank,"Happy Thursday, everyone! 🌟 Check out our latest offer: 10% off on your first purchase with ICICI Bank. Use the code THURSDAY10 at checkout. #ICICI #ThursdayThemed #BankingRewards #MoneySavvy"
8576,2021-03-01 07:29:57,302,hkfp,"[Photo(previewUrl='https://pbs.twimg.com/media/EvYJJNSWYAEVKWR?format=jpg&name=small', fullUrl='https://pbs.twimg.com/media/EvYJJNSWYAEVKWR?format=jpg&name=large')]",free,Hey everyone! 🌟 Ready to kickstart your week with a bang? 🚀 #HKFP #MondayMotivation #StartYourDayRight #GetFit #HealthyHabits #MotivationMonday #FitnessGoals #StayActive #WakeUpAndSmile #MondayMood #MotivateMe #InspireMe #BeTheChange #PositiveVibesOnly #LoseWeight #StayStrong #HealthyLifestyle #FitnessIsFun #StayHealthy #StayMotivated #
2021,2021-10-21 16:13:08,237,OwsWills,"[Photo(previewUrl='https://pbs.twimg.com/media/FCPEv69XIAIIUAX?format=jpg&name=small', fullUrl='https://pbs.twimg.com/media/FCPEv69XIAIIUAX?format=jpg&name=large')]",williams,🎉Hey everyone! Ready to kick off the weekend? Let's make this Thursday extra special with some fun and exciting things to come! 🌟 #WeekendVibes #StayTuned #WillisWantsYou #GetReadyForTheWeekend
9055,2021-03-15 12:39:19,25,AMCTheatres,"[Photo(previewUrl='https://pbs.twimg.com/media/EwhWM8oWQAMhsDw?format=jpg&name=small', fullUrl='https://pbs.twimg.com/media/EwhWM8oWQAMhsDw?format=jpg&name=large')]",amc,"Monday's here, and so is a brand new adventure at AMC Theatres! 🚀 #MovieTime #GoSeeAMC #StayTuned #ExcitedForTheWeek"
953,2023-01-31 11:39:51,508,cnnphilippines,"[Photo(previewUrl='https://pbs.twimg.com/media/FnzEtpvaYAEildj?format=jpg&name=small', fullUrl='https://pbs.twimg.com/media/FnzEtpvaYAEildj?format=jpg&name=large')]",cnn,🎉Stay tuned for the latest news and insights from CNN Philippines! #CNNPhilippines #BreakingNews #StayInformed
5360,2022-12-28 10:30:18,1754,monsterhunter,"[Photo(previewUrl='https://pbs.twimg.com/media/FlDu2HNWAAAiE0M?format=jpg&name=small', fullUrl='https://pbs.twimg.com/media/FlDu2HNWAAAiE0M?format=jpg&name=large')]",monster,**Monsterhunter** is back on the hunt! 🕵️‍♀️✨ #WednesdayNight #MonsterHunters #StayTuned #LikeAGame
3858,2022-04-19 11:54:45,754,PaytmTickets,"[Video(thumbnailUrl='https://pbs.twimg.com/ext_tw_video_thumb/1516384667162742787/pu/img/OGCovTFcr4cePf_J.jpg', variants=[VideoVariant(contentType='video/mp4', url='https://video.twimg.com/ext_tw_video/1516384667162742787/pu/vid/480x270/spQkkw1lOp8VLw1_.mp4?tag=12', bitrate=256000), VideoVariant(contentType='video/mp4', url='https://video.twimg.com/ext_tw_video/1516384667162742787/pu/vid/640x360/rLiDxgFsB5H6QGcH.mp4?tag=12', bitrate=832000), VideoVariant(contentType='video/mp4', url='https://video.twimg.com/ext_tw_video/1516384667162742787/pu/vid/1280x720/isqivPIx5kpsJFuX.mp4?tag=12', bitrate=2176000), VideoVariant(contentType='application/x-mpegURL', url='https://video.twimg.com/ext_tw_video/1516384667162742787/pu/pl/HuOqnmTsVRMNvu-A.m3u8?tag=12&container=fmp4', bitrate=None)], duration=98.433, views=4320)]",paytm,🎉 **Paytm Tickets** is here to make your Tuesday extra special! Get your tickets now and enjoy the best of what's happening in the city. #Paytm #Ticketing #TuesdayTwist
5862,2022-04-11 16:11:56,240,PatMcAfeeShow,"[Video(thumbnailUrl='https://pbs.twimg.com/amplify_video_thumb/1513549965687148547/img/s_WuIpWJ6aFCYQN5.jpg', variants=[VideoVariant(contentType='video/mp4', url='https://video.twimg.com/amplify_video/1513549965687148547/vid/480x270/sKuNA6xaIoCoSCHT.mp4?tag=14', bitrate=288000), VideoVariant(contentType='application/x-mpegURL', url='https://video.twimg.com/amplify_video/1513549965687148547/pl/haMRksyz6xWTM2FG.m3u8?tag=14&container=fmp4', bitrate=None), VideoVariant(contentType='video/mp4', url='https://video.twimg.com/amplify_video/1513549965687148547/vid/1280x720/7BSc03YZkQxEU8_w.mp4?tag=14', bitrate=2176000), VideoVariant(contentType='video/mp4', url='https://video.twimg.com/amplify_video/1513549965687148547/vid/640x360/h3vGTklN3Va0fjst.mp4?tag=14', bitrate=832000)], duration=77.966, views=36073)]",mcafee,👋 Hey everyone! It's time to #StaySafe with McAfee. Let's protect ourselves and our loved ones from cyber threats. Don't miss out on the latest updates and tips to keep your digital world secure. Tune in at 7 PM for the McAfee Show! 🚀 #CyberSecurity #TechTips #StayInformed
3146,2022-02-20 14:35:49,892,CameronDLWalker,"[Photo(previewUrl='https://pbs.twimg.com/media/FMDAlEvXwAIL7BZ?format=jpg&name=small', fullUrl='https://pbs.twimg.com/media/FMDAlEvXwAIL7BZ?format=jpg&name=large')]",cameron,"🌞 Sunday afternoon, perfect for a relaxing day at home! 🏡✨ Whether you're binge-watching your favorite show or just lounging in your favorite pajamas, there's no better time to unwind. #SundayAfternoon #StayHome #RelaxingMoments"
3306,2021-12-03 09:08:46,2630,WilliamsRacing,"[Video(thumbnailUrl='https://pbs.twimg.com/amplify_video_thumb/1466694284980076545/img/RlNSgYmsJJ6Gy6w2.jpg', variants=[VideoVariant(contentType='application/x-mpegURL', url='https://video.twimg.com/amplify_video/1466694284980076545/pl/C0JqkIZBuGQh0w4b.m3u8?tag=14&container=fmp4', bitrate=None), VideoVariant(contentType='video/mp4', url='https://video.twimg.com/amplify_video/1466694284980076545/vid/540x540/9rlj6h-aGf93GVQV.mp4?tag=14', bitrate=832000), VideoVariant(contentType='video/mp4', url='https://video.twimg.com/amplify_video/1466694284980076545/vid/720x720/JvoHRwzZ0ybZJG-t.mp4?tag=14', bitrate=1280000), VideoVariant(contentType='video/mp4', url='https://video.twimg.com/amplify_video/1466694284980076545/vid/320x320/wy9h0mBeYwzTS7FN.mp4?tag=14', bitrate=432000)], duration=39.44, views=35043)]",williams,"🚨Friday is here, and so is the thrill of Williams Racing! 🚀 Whether you're a fan or just curious, join us for the ultimate driving experience. Don't miss out on the chance to be a part of something special. #WilliamsRace #FridayIsHere #DriveWithUs"
3007,2021-01-26 18:20:51,218,PatMcAfeeShow,"[Video(thumbnailUrl='https://pbs.twimg.com/amplify_video_thumb/1354131236256669699/img/P72FOMYsm47EiOHd.jpg', variants=[VideoVariant(contentType='video/mp4', url='https://video.twimg.com/amplify_video/1354131236256669699/vid/480x270/a4G1USbnMeCAFyfi.mp4?tag=13', bitrate=288000), VideoVariant(contentType='application/x-mpegURL', url='https://video.twimg.com/amplify_video/1354131236256669699/pl/ojG9nv_r240u_U4O.m3u8?tag=13', bitrate=None), VideoVariant(contentType='video/mp4', url='https://video.twimg.com/amplify_video/1354131236256669699/vid/640x360/Fa7zmuzzkZN00rmi.mp4?tag=13', bitrate=832000), VideoVariant(contentType='video/mp4', url='https://video.twimg.com/amplify_video/1354131236256669699/vid/1280x720/tOqtdpPM4FcJzh6h.mp4?tag=13', bitrate=2176000)], duration=58.8, views=27299)]",mcafee,🚨Stay safe and secure with McAfee! 🚨 #Cybersecurity #ProtectYourFamily #StayInControl #TechSavvy #McafeeShow #TuesdayNight #SecurityIsTheNewNormal #StaySafe #StaySecure #TechIsTheFuture #TechLovers #TechGeeks #TechEnthusiasts #TechFans #TechGuru #TechWhiz #TechGenius #TechNerd #TechYoutuber #TechBlogger #TechWriter #
9002,2022-07-07 13:30:14,70,msftsecurity,"[Video(thumbnailUrl='https://pbs.twimg.com/amplify_video_thumb/1545037424971194368/img/fbp-IvJf0NWTRStO.jpg', variants=[VideoVariant(contentType='application/x-mpegURL', url='https://video.twimg.com/amplify_video/1545037424971194368/pl/08CwpfyBR_ftHSB2.m3u8?tag=14&container=fmp4', bitrate=None), VideoVariant(contentType='video/mp4', url='https://video.twimg.com/amplify_video/1545037424971194368/vid/640x360/bEf0I2nqaD9y0c6w.mp4?tag=14', bitrate=832000), VideoVariant(contentType='video/mp4', url='https://video.twimg.com/amplify_video/1545037424971194368/vid/480x270/LqEyFXiFMbNrC5pj.mp4?tag=14', bitrate=288000), VideoVariant(contentType='video/mp4', url='https://video.twimg.com/amplify_video/1545037424971194368/vid/1280x720/3eXswUesDAW0FOih.mp4?tag=14', bitrate=2176000)], duration=91.324, views=4228)]",microsoft,Hey everyone! 🚀 Stay safe and secure with Microsoft. 🔒 Our latest updates and features are here to keep you ahead of the curve. #MicrosoftSecurity #StaySecure #TechSavvy
7771,2022-03-09 08:22:18,3,PNBMetlife1,"[Photo(previewUrl='https://pbs.twimg.com/media/FNZOITrUcAA9GvU?format=jpg&name=small', fullUrl='https://pbs.twimg.com/media/FNZOITrUcAA9GvU?format=jpg&name=large')]",metlife,🎉Wednesday Morning Motivation! Ready to tackle the day with MetLife's support? Let's make it a great week ahead! #MetLife #WednesdayMotivation #StartYourDayStrong
7439,2022-10-11 17:27:37,237,PatMcAfeeShow,"[Video(thumbnailUrl='https://pbs.twimg.com/amplify_video_thumb/1579886063942000640/img/PclZYV9ne6zCvRvz.jpg', variants=[VideoVariant(contentType='application/x-mpegURL', url='https://video.twimg.com/amplify_video/1579886063942000640/pl/LHR4TMRfOpd5C5L8.m3u8?tag=14&container=fmp4', bitrate=None), VideoVariant(contentType='video/mp4', url='https://video.twimg.com/amplify_video/1579886063942000640/vid/480x270/q00i0hFNkBuDW_24.mp4?tag=14', bitrate=288000), VideoVariant(contentType='video/mp4', url='https://video.twimg.com/amplify_video/1579886063942000640/vid/1280x720/mpMcMuo-iif8Vvqc.mp4?tag=14', bitrate=2176000), VideoVariant(contentType='video/mp4', url='https://video.twimg.com/amplify_video/1579886063942000640/vid/640x360/G62apJFx2C3kaVUz.mp4?tag=14', bitrate=832000)], duration=92.466, views=21744)]",mcafee,🚨Stay safe and secure with McAfee! 🚨 #Cybersecurity #ProtectYourFamily #StayInControl #TechSavvy #McafeeShow #SecurityIsTheNewNormal #StaySafe #TechLovers #TechGuru #TechGeek #TechFanatic #TechEnthusiast #TechNerd #TechYoutuber #TechBlogger #TechWriter #TechStudent #TechProfessional #TechCommunity #TechRevolution #TechInspiration #Tech
7943,2022-08-17 14:00:01,1677,primevideosport,"[Video(thumbnailUrl='https://pbs.twimg.com/amplify_video_thumb/1559856646767124488/img/upVSZtDNM-vy-N_N.jpg', variants=[VideoVariant(contentType='application/x-mpegURL', url='https://video.twimg.com/amplify_video/1559856646767124488/pl/QBwZwDKxQA6D29aB.m3u8?tag=14&container=fmp4', bitrate=None), VideoVariant(contentType='video/mp4', url='https://video.twimg.com/amplify_video/1559856646767124488/vid/640x360/szc0WMoV3NJNqiaP.mp4?tag=14', bitrate=832000), VideoVariant(contentType='video/mp4', url='https://video.twimg.com/amplify_video/1559856646767124488/vid/480x270/hg7VJpo7tOmwZPph.mp4?tag=14', bitrate=288000), VideoVariant(contentType='video/mp4', url='https://video.twimg.com/amplify_video/1559856646767124488/vid/1280x720/7bDeZBpGRvyeLpL0.mp4?tag=14', bitrate=2176000)], duration=35.24, views=650268)]",amazon,"🎉Stay tuned for the best of Prime Video on Wednesdays! 📺✨ Whether it's action-packed thrillers, heartwarming rom-coms, or mind-blowing documentaries, we've got you covered. Don't miss out! #PrimeVideo #Wednesdays #StayTuned"
9239,2021-06-11 12:05:38,94,PepsiCoIndia,"[Photo(previewUrl='https://pbs.twimg.com/media/E3mZygbVgAUjsDq?format=jpg&name=small', fullUrl='https://pbs.twimg.com/media/E3mZygbVgAUjsDq?format=jpg&name=large')]",pepsico,"🎉 Friday is here, and so is the perfect time to #FuelYourDay with Pepsi! 🥂 Whether you're at the office, on the go, or just chilling at home, Pepsi is your go-to choice for refreshing, delicious, and energizing drinks. Cheers to a great Friday and a great day ahead! 🚀 #StayPepTastic #PepiLife"
1057,2021-10-31 13:34:48,37,qatarairways,"[Photo(previewUrl='https://pbs.twimg.com/media/FDCAkLvWQAAurBc?format=jpg&name=small', fullUrl='https://pbs.twimg.com/media/FDCAkLvWQAAurBc?format=jpg&name=large')]",qatar airways,"🌞 Sunday brunch at @QatarAirways! 🛩️✈️ Whether you're in the sky or on the ground, Qatar Airways makes your travel dreams come true. #TravelWithQatar #SundayBrunch #FlyQatar"
3155,2021-05-02 09:01:05,722,CNN,"[Video(thumbnailUrl='https://pbs.twimg.com/amplify_video_thumb/1387839355620843522/img/IftQnNWb5rKoc6MF.jpg', variants=[VideoVariant(contentType='video/mp4', url='https://video.twimg.com/amplify_video/1387839355620843522/vid/640x360/MJoM7cfQHlQzSHeB.mp4?tag=14', bitrate=832000), VideoVariant(contentType='application/x-mpegURL', url='https://video.twimg.com/amplify_video/1387839355620843522/pl/zQC7h8kxK3iQhB4i.m3u8?tag=14', bitrate=None), VideoVariant(contentType='video/mp4', url='https://video.twimg.com/amplify_video/1387839355620843522/vid/480x270/7fNQPQ6nYbbZqxEk.mp4?tag=14', bitrate=288000), VideoVariant(contentType='video/mp4', url='https://video.twimg.com/amplify_video/1387839355620843522/vid/1280x720/zodMuB6zqdRLW-rY.mp4?tag=14', bitrate=2176000)], duration=138.639, views=246192)]",cnn,🎉Stay tuned for the latest news from @CNN! 🌍 #CNN #BreakingNews #StayInformed
3788,2022-12-26 22:11:59,1667,primevideosport,"[Video(thumbnailUrl='https://pbs.twimg.com/media/Fk78V9AX0AAs-Fw.jpg', variants=[VideoVariant(contentType='video/mp4', url='https://video.twimg.com/amplify_video/1607499083068866562/vid/540x540/FGAO2pyQRXMSZZVy.mp4?tag=16', bitrate=832000), VideoVariant(contentType='application/x-mpegURL', url='https://video.twimg.com/amplify_video/1607499083068866562/pl/mLrl8n0UVDuJj1tw.m3u8?tag=16&container=fmp4', bitrate=None), VideoVariant(contentType='video/mp4', url='https://video.twimg.com/amplify_video/1607499083068866562/vid/720x720/wZvZIWZBqBdXNzk0.mp4?tag=16', bitrate=1280000), VideoVariant(contentType='video/mp4', url='https://video.twimg.com/amplify_video/1607499083068866562/vid/1080x1080/oKmDfycKHaQUjIS9.mp4?tag=16', bitrate=8768000), VideoVariant(contentType='video/mp4', url='https://video.twimg.com/amplify_video/1607499083068866562/vid/320x320/YP0VkvN69MST6rZb.mp4?tag=16', bitrate=432000)], duration=4.32, views=53356)]",amazon,🎉 Hey Prime Video Fans! Ready to dive into the latest episodes of your favorite shows? 📺✨ Grab your popcorn and settle in for a night of binge-watching! #PrimeVideo #NetflixAnd chill #StayHomeStaySafe
9190,2022-08-31 12:41:34,0,IndependentNGR,"[Photo(previewUrl='https://pbs.twimg.com/media/FbfXswfagAAb-o8?format=jpg&name=small', fullUrl='https://pbs.twimg.com/media/FbfXswfagAAb-o8?format=jpg&name=large')]",independent,"Happy Wednesday, everyone! 🌟 Check out our latest post on independent thinking and the power of unique perspectives. #Innovate #Independent #WednesdayMotivation #ThinkDifferently #UniqueApproach #InspireChange"
7826,2022-09-08 09:21:31,336,TGR_WEC,"[Photo(previewUrl='https://pbs.twimg.com/media/FcH09ElXoAAV_P7?format=jpg&name=small', fullUrl='https://pbs.twimg.com/media/FcH09ElXoAAV_P7?format=jpg&name=large'), Photo(previewUrl='https://pbs.twimg.com/media/FcH0-kOWAAEQmQ9?format=jpg&name=small', fullUrl='https://pbs.twimg.com/media/FcH0-kOWAAEQmQ9?format=jpg&name=large'), Photo(previewUrl='https://pbs.twimg.com/media/FcH0_Y4WAAYIFnz?format=jpg&name=small', fullUrl='https://pbs.twimg.com/media/FcH0_Y4WAAYIFnz?format=jpg&name=large'), Photo(previewUrl='https://pbs.twimg.com/media/FcH1A2MWIAAhSEn?format=jpg&name=small', fullUrl='https://pbs.twimg.com/media/FcH1A2MWIAAhSEn?format=jpg&name=large')]",toyota,"🎉Hey friends! Ready to play big and small this week? 🌟 At Toyota, we're all about making the world a better place, one adventure at a time. Let's go! #Toyota #AdventureTime #MakeTheWorldABetterPlace"
7540,2022-04-22 16:33:41,812,SethWEmerson,"[Photo(previewUrl='https://pbs.twimg.com/media/FQ9kji_WUAA1mzQ?format=jpg&name=small', fullUrl='https://pbs.twimg.com/media/FQ9kji_WUAA1mzQ?format=jpg&name=large')]",emerson,"🎉 Friday is here, and so is the perfect time to catch up with friends and family! #FridayFunday #EmersonLife #ConnectWithFriends"
7232,2022-03-03 21:07:02,1,armnewsteam,"[Photo(previewUrl='https://pbs.twimg.com/media/FM9DoL1WQAAu7UR?format=png&name=small', fullUrl='https://pbs.twimg.com/media/FM9DoL1WQAAu7UR?format=png&name=large')]",arm,🚨Stay tuned for the latest in tech and innovation! 🚀 #ArmNewTech #StayInTheLoop #TechSavvy #Innovate #ConnectWithUs
765,2021-09-05 03:16:31,433,SonnyBWilliams,"[Video(thumbnailUrl='https://pbs.twimg.com/ext_tw_video_thumb/1434353148936658949/pu/img/Afxvoy9Qf1TudNQo.jpg', variants=[VideoVariant(contentType='application/x-mpegURL', url='https://video.twimg.com/ext_tw_video/1434353148936658949/pu/pl/vM7-WYFJFbgKDUbk.m3u8?tag=12&container=fmp4', bitrate=None), VideoVariant(contentType='video/mp4', url='https://video.twimg.com/ext_tw_video/1434353148936658949/pu/vid/480x270/ruc-fKO5pnS1dA-7.mp4?tag=12', bitrate=256000), VideoVariant(contentType='video/mp4', url='https://video.twimg.com/ext_tw_video/1434353148936658949/pu/vid/640x360/d7K1OPsNxerVNpwR.mp4?tag=12', bitrate=832000), VideoVariant(contentType='video/mp4', url='https://video.twimg.com/ext_tw_video/1434353148936658949/pu/vid/1280x720/m0xA7s4MnrQqdCg2.mp4?tag=12', bitrate=2176000)], duration=140.0, views=15220)]",williams,"🎉Hey everyone! Ready for a weekend adventure? 🌟 Whether you're chilling at home or hitting the town, #SonnybWilliams is here to make your Sunday special. Tune in and join the fun! 📺✨ #SocialMedia #SundayNight #StayTuned #ConnectWithUs"
5020,2022-04-30 15:00:11,97,ASTROGaming,"[Photo(previewUrl='https://pbs.twimg.com/media/FRmb37AXwAAGQil?format=jpg&name=small', fullUrl='https://pbs.twimg.com/media/FRmb37AXwAAGQil?format=jpg&name=large')]",astro,"🎉 Saturday is here, and so is the perfect time to kick back, relax, and indulge in the ultimate gaming experience! 🌟 Whether you're a seasoned gamer or just starting your journey, #AstroGaming has got you covered with the latest games, amazing deals, and community support. Don't miss out on the fun! Join us and let's #PlayTogether! #GamerLife"
4904,2022-11-23 10:45:35,0,IndependentNGR,"[Photo(previewUrl='https://pbs.twimg.com/media/FiPis3cagAA0BzQ?format=jpg&name=small', fullUrl='https://pbs.twimg.com/media/FiPis3cagAA0BzQ?format=jpg&name=large')]",independent,"Happy Wednesday, IndependentNGR followers! 🚀 Here's a quick update from our team. Stay tuned for more exciting news coming your way! 🌟 #independentngr #mondaymotivation #stayintheknow"
8094,2022-07-20 12:01:26,6,Emerson_News,"[Photo(previewUrl='https://pbs.twimg.com/media/FYG7vNDWIAAWViw?format=jpg&name=small', fullUrl='https://pbs.twimg.com/media/FYG7vNDWIAAWViw?format=jpg&name=large')]",emerson,**Emerson News** 🌟 Wednesday kicks off with a fresh update! Stay tuned for the latest news and insights. Remember to follow us on **#EmersonNews** and **#StayInTheLoop** for all the latest! #Wednesday #News #StayInTouch
6844,2021-02-11 09:35:00,1520,primevideosport,"[Video(thumbnailUrl='https://pbs.twimg.com/media/Et4IHwSXAAQTsg9.jpg', variants=[VideoVariant(contentType='video/mp4', url='https://video.twimg.com/amplify_video/1359523062409003016/vid/320x400/ojFrnWmFj5w_AW7J.mp4?tag=13', bitrate=632000), VideoVariant(contentType='video/mp4', url='https://video.twimg.com/amplify_video/1359523062409003016/vid/360x450/geSkLGB2BCN7ZfVz.mp4?tag=13', bitrate=832000), VideoVariant(contentType='application/x-mpegURL', url='https://video.twimg.com/amplify_video/1359523062409003016/pl/LXVdpyKbs9c0Jkrb.m3u8?tag=13', bitrate=None), VideoVariant(contentType='video/mp4', url='https://video.twimg.com/amplify_video/1359523062409003016/vid/720x900/HfK-1BAolrN1H6C1.mp4?tag=13', bitrate=2176000)], duration=23.933, views=83049)]",amazon,Hey Prime Video Sport fans! 🏃💨 #PrimeVideo #PrimeTime 📺🚀 #SportsLovers #StayPrime #WatchWithUs #EngageWithUs 🛰️ #PrimeVideosport #PrimeNow #PrimeDelivery #PrimeHub #PrimeClub #PrimeTV #PrimeMusic #PrimeFashion #PrimeGaming #PrimeShopping #PrimeEntertainment #PrimeTravel #PrimeHealth #PrimeFitness #PrimeEducation #PrimeWorkout #PrimeLearning #PrimeCooking #
2166,2021-07-22 15:14:26,0,AAAhoosier,"[Video(thumbnailUrl='https://pbs.twimg.com/ext_tw_video_thumb/1418227841884372994/pu/img/f2Hc7t4nDklF_asg.jpg', variants=[VideoVariant(contentType='application/x-mpegURL', url='https://video.twimg.com/ext_tw_video/1418227841884372994/pu/pl/OViDwGHsh3QeHdpo.m3u8?tag=12&container=fmp4', bitrate=None), VideoVariant(contentType='video/mp4', url='https://video.twimg.com/ext_tw_video/1418227841884372994/pu/vid/480x270/cJnmkA4E6rx5rmkR.mp4?tag=12', bitrate=256000), VideoVariant(contentType='video/mp4', url='https://video.twimg.com/ext_tw_video/1418227841884372994/pu/vid/640x360/1o81-KF6yjV73B2u.mp4?tag=12', bitrate=832000), VideoVariant(contentType='video/mp4', url='https://video.twimg.com/ext_tw_video/1418227841884372994/pu/vid/1280x720/ijx57SvGRZrHksEf.mp4?tag=12', bitrate=2176000)], duration=36.57, views=7)]",aaa,"🎉Hey Hoosiers! Ready to kick off the weekend with some #HoosierHustle? 🏃💨 Whether you're heading to the gym, hitting the trails, or just relaxing at home, we've got you covered with all the best deals and discounts this week. Don't miss out on your chance to save! #StayFit #GoHoosie"
1863,2022-04-29 13:48:45,136,METROFMSA,"[Video(thumbnailUrl='https://pbs.twimg.com/ext_tw_video_thumb/1520036967035158529/pu/img/II7T80cZTYLCz8N-.jpg', variants=[VideoVariant(contentType='video/mp4', url='https://video.twimg.com/ext_tw_video/1520036967035158529/pu/vid/480x270/-27fAb0icwe1qxpE.mp4?tag=12', bitrate=256000), VideoVariant(contentType='video/mp4', url='https://video.twimg.com/ext_tw_video/1520036967035158529/pu/vid/640x360/r-Qfw-hYR77IlcHh.mp4?tag=12', bitrate=832000), VideoVariant(contentType='video/mp4', url='https://video.twimg.com/ext_tw_video/1520036967035158529/pu/vid/1280x720/3a4zqNGwAcQ8oK3M.mp4?tag=12', bitrate=2176000), VideoVariant(contentType='application/x-mpegURL', url='https://video.twimg.com/ext_tw_video/1520036967035158529/pu/pl/_duxYWfrUYS0FYI9.m3u8?tag=12&container=fmp4', bitrate=None)], duration=140.0, views=2880)]",sabc,"🎉 Friday is here, and so is the perfect time to catch up with friends and family! 🌍✨ #METROFM #SABC #SocialMedia #ConnectWithFriends #StayInTouch"
7851,2022-06-23 18:03:58,2,ToyotaCenter,"[Photo(previewUrl='https://pbs.twimg.com/media/FV9LyjNWQAM8MjN?format=jpg&name=small', fullUrl='https://pbs.twimg.com/media/FV9LyjNWQAM8MjN?format=jpg&name=large')]",toyota,"🎉 Thursday night is here, and so is the perfect time to kick back, relax, and unwind with a Toyota! 🚗💨 Whether you're at home, at the park, or on the go, Toyota has the perfect ride for every occasion. #ToyotaCenter #DriveWithUs"
9124,2021-02-02 00:40:02,10,ToyotaSoCal,"[Photo(previewUrl='https://pbs.twimg.com/media/EtLoZFPXUAAM3EO?format=jpg&name=small', fullUrl='https://pbs.twimg.com/media/EtLoZFPXUAAM3EO?format=jpg&name=large')]",toyota,"🎉 Ready for the ultimate adventure? Introducing the all-new Toyota Camry! 🚗✨ Whether you're hitting the road or exploring the city, this car is the perfect companion. Dive into the future of driving today! #ToyotaCamry #AdventureTime #DriveTheFuture"
2341,2021-07-12 17:30:36,176,PatMcAfeeShow,"[Video(thumbnailUrl='https://pbs.twimg.com/amplify_video_thumb/1414637611348631557/img/WRZ5bpckeB2421mr.jpg', variants=[VideoVariant(contentType='video/mp4', url='https://video.twimg.com/amplify_video/1414637611348631557/vid/480x270/llkhndV1kOiVUkjS.mp4?tag=14', bitrate=288000), VideoVariant(contentType='video/mp4', url='https://video.twimg.com/amplify_video/1414637611348631557/vid/640x360/DLdQ7J7Cu-alhTjp.mp4?tag=14', bitrate=832000), VideoVariant(contentType='video/mp4', url='https://video.twimg.com/amplify_video/1414637611348631557/vid/1280x720/H2Vi6VJHXpqoBkfx.mp4?tag=14', bitrate=2176000), VideoVariant(contentType='application/x-mpegURL', url='https://video.twimg.com/amplify_video/1414637611348631557/pl/dmOZaTXL6lIA3nY9.m3u8?tag=14', bitrate=None)], duration=109.8, views=28749)]",mcafee,"Hey everyone! It's time for another exciting episode of McAfee Show! 🚀 Tune in to learn more about staying safe online. Don't forget to like, share, and subscribe for more tips and tricks! #StaySafe #MCAFEEShow #TechTips #Cybersecurity #StayInformed"
5528,2022-09-06 19:30:21,2,UnitedRentals,"[Photo(previewUrl='https://pbs.twimg.com/media/Fb_uzD3XEAEXyT4?format=jpg&name=small', fullUrl='https://pbs.twimg.com/media/Fb_uzD3XEAEXyT4?format=jpg&name=large')]",united rentals,"🎉 Tuesday night is here, and so is the perfect spot to unwind! 🛩️✨ Whether you're looking for a cozy home away from home or a place to work from home, United Rentals has got you covered! #UnitedRents #HomeAway #WorkFromHome"
6744,2021-08-13 20:44:54,3710,tyleroakley,"[Photo(previewUrl='https://pbs.twimg.com/media/E8stUrFUUAEtOBt?format=jpg&name=small', fullUrl='https://pbs.twimg.com/media/E8stUrFUUAEtOBt?format=jpg&name=large')]",oakley,🎉 Friday night at Oakley HQ! 🚀 Ready to unleash the ultimate in performance and style. #Oakley #FridayNight #TechSleuths
4004,2021-10-20 05:19:23,1745,airtelbank,"[Video(thumbnailUrl='https://pbs.twimg.com/ext_tw_video_thumb/1450692827831095303/pu/img/_cBAe3S7baRA6UJ7.jpg', variants=[VideoVariant(contentType='application/x-mpegURL', url='https://video.twimg.com/ext_tw_video/1450692827831095303/pu/pl/X8dg2BPkYxcRhdoZ.m3u8?tag=12&container=fmp4', bitrate=None), VideoVariant(contentType='video/mp4', url='https://video.twimg.com/ext_tw_video/1450692827831095303/pu/vid/540x540/dIDt0PKuokaR1gxe.mp4?tag=12', bitrate=832000), VideoVariant(contentType='video/mp4', url='https://video.twimg.com/ext_tw_video/1450692827831095303/pu/vid/720x720/lI65bp0zMly7D_w1.mp4?tag=12', bitrate=1280000), VideoVariant(contentType='video/mp4', url='https://video.twimg.com/ext_tw_video/1450692827831095303/pu/vid/320x320/Tj9JZW6-_CGCj7kP.mp4?tag=12', bitrate=432000)], duration=18.4, views=8238)]",airtel,"**Tweet:** 📡✨ **Happy Wednesday, everyone! 🎉** #AirtelBank #ConnectWithUs #StayTuned #TechLovers #InnovateNow #StayConnected #TechIsTheFuture #StayInTheLoop #TechSavvy #TechGuru #TechGenius #TechWhiz #TechNerd #TechEnthusiast #TechFanatic #TechGeek #TechYoutuber #TechBlogger #TechWriter #Tech"
1124,2022-11-17 09:17:03,2,ROGNordic,"[Photo(previewUrl='https://pbs.twimg.com/media/FhwU0GjXwAEpkFH?format=jpg&name=small', fullUrl='https://pbs.twimg.com/media/FhwU0GjXwAEpkFH?format=jpg&name=large')]",asus,"🎉 Thursday mornings are made even more special with ASUS! 📱✨ Whether you're working from home or heading to the office, ASUS laptops are the perfect choice for productivity and performance. Dive into the world of innovation with ASUS today! #ASUS #Productivity #TechLovers"
8710,2022-01-28 06:30:00,315,IndiaFreeFire,"[Photo(previewUrl='https://pbs.twimg.com/media/FKKfal3UcAAwJCe?format=jpg&name=small', fullUrl='https://pbs.twimg.com/media/FKKfal3UcAAwJCe?format=jpg&name=large')]",free,"🎉 Friday is here, and so is the chance to be free! 🚀 #FreeIndia #FreeFire #WorkFromAnywhere #RemoteWork #FlexJobs #StayFree #WorkLifeBalance #IndieLife #SelfEmployed #DigitalNomad #FreelanceLife #WorkRemotely #RemoteOffice #RemoteJob #RemoteCareer #WorkAtHome #RemoteFirst #WorkAnywhere #SelfSufficient #DigitalSavvy #TechGuru #InnovateNow #"
4050,2021-10-27 05:30:00,9,ICICIBank,"[Photo(previewUrl='https://pbs.twimg.com/media/FCpfnfjUYAUMIbQ?format=jpg&name=small', fullUrl='https://pbs.twimg.com/media/FCpfnfjUYAUMIbQ?format=jpg&name=large')]",icici bank,"Happy Wednesday, everyone! 🌟 Check out how #ICICI Bank is making banking easier and more convenient with their latest innovations. #BankingSimplified #FinancialInnovation 🛰️💼 #TechSavvy #MoneyMatters #ConnectWithICICI"
7641,2021-03-12 22:29:34,75,TheFreeTradeInn,"[Photo(previewUrl='https://pbs.twimg.com/media/EwUAiT3XIAQXTU1?format=jpg&name=small', fullUrl='https://pbs.twimg.com/media/EwUAiT3XIAQXTU1?format=jpg&name=large')]",free,"🎉 Friday night at The Free Trade Inn! 🌍 Whether you're a local or just visiting, we've got you covered with delicious food, great drinks, and a cozy atmosphere. Don't miss out on the best night of the week! 🍽️🍻 #FreeTrade #FridayNight #EatDrinkLocal"
766,2021-01-19 08:38:10,125,PNBMetlife1,"[Photo(previewUrl='https://pbs.twimg.com/media/EsFPjyuUcAAZ6kx?format=jpg&name=small', fullUrl='https://pbs.twimg.com/media/EsFPjyuUcAAZ6kx?format=jpg&name=large')]",metlife,"👋Hey MetLife family! Ready to tackle the week? Let's make it a #MetLifeDay! 🚀 Whether you're planning your next adventure or just looking for a little extra peace of mind, we've got you covered. Stay tuned for all the latest on how we're making a difference in your life. #StayMetLife. 🌟 #InsureYourFuture"
2345,2022-09-03 23:55:09,936,w_terrence,"[Photo(previewUrl='https://pbs.twimg.com/media/FbxOoy2XEAINpKP?format=jpg&name=small', fullUrl='https://pbs.twimg.com/media/FbxOoy2XEAINpKP?format=jpg&name=large')]",williams,🎉 Saturday night is here! 🎉 #Williams #SocialMediaMagic #StayTuned #ConnectWithUs #EngageWithW_Terrence #StayInTheLoop #SaturdayNightFeels #LikeATraveler #ExploreTheWorld #TravelingIsTheBest #AdventureIsTheWay #FollowYourPassion #FollowTheStars #DreamsComeTrue #DreamBig #DreamSmall #DreamAnywhere #DreamEveryDay #DreamTonight #DreamTomorrow #DreamForever #Dream
4072,2022-11-07 10:00:35,106,PADI,"[Photo(previewUrl='https://pbs.twimg.com/media/Fg8-9TVXwAIzn2i?format=jpg&name=small', fullUrl='https://pbs.twimg.com/media/Fg8-9TVXwAIzn2i?format=jpg&name=large'), Photo(previewUrl='https://pbs.twimg.com/media/Fg8-9cAXoAUOgrH?format=jpg&name=small', fullUrl='https://pbs.twimg.com/media/Fg8-9cAXoAUOgrH?format=jpg&name=large'), Photo(previewUrl='https://pbs.twimg.com/media/Fg8-9j0XoAEpWFk?format=jpg&name=small', fullUrl='https://pbs.twimg.com/media/Fg8-9j0XoAEpWFk?format=jpg&name=large')]",padi,"🌟 Dive into the world of **PADI** with us this Monday! 🌟 Whether you're a seasoned diver or just starting your underwater adventure, PADI is here to help you achieve your diving goals. #PADI #ScubaDiving #DiveLife"
7217,2021-08-23 21:30:16,4,SmallBizLady,"[Photo(previewUrl='https://pbs.twimg.com/media/E9gXsmKWUAQOEX6?format=jpg&name=small', fullUrl='https://pbs.twimg.com/media/E9gXsmKWUAQOEX6?format=jpg&name=large')]",emerson,Monday night at SmallBizLady! #SmallBiz #SmallBusiness #MondayMotivation #EmpowerWomen #SmallIsBeautiful #WorkFromHome #SelfEmployed #DigitalNomad #FlexJobs #RemoteWork #StartYourDay #MotivateYourself #StayPositive #SmallButVibrant #Innovate #ConnectWithLikeMinds #BeYourBestSelf #EmbraceChange #DreamBig #BelieveInYou #Success #SuccessStory #InspireOthers #Community #
4217,2022-04-06 15:06:08,1645,united,"[Photo(previewUrl='https://pbs.twimg.com/media/FPq3EbxWUAImgG8?format=jpg&name=small', fullUrl='https://pbs.twimg.com/media/FPq3EbxWUAImgG8?format=jpg&name=large'), Photo(previewUrl='https://pbs.twimg.com/media/FPq3EyEXIAEdnGh?format=jpg&name=small', fullUrl='https://pbs.twimg.com/media/FPq3EyEXIAEdnGh?format=jpg&name=large'), Photo(previewUrl='https://pbs.twimg.com/media/FPq3FDYX0AEpuWt?format=jpg&name=small', fullUrl='https://pbs.twimg.com/media/FPq3FDYX0AEpuWt?format=jpg&name=large'), Photo(previewUrl='https://pbs.twimg.com/media/FPq3FP_XEAgSW1K?format=jpg&name=small', fullUrl='https://pbs.twimg.com/media/FPq3FP_XEAgSW1K?format=jpg&name=large')]",united airlines,"🚀✈️ Ready for a new adventure? 🚀✈️ Whether you're in the sky or on the ground, @United is here to make your travel dreams come true. #UnitedAirways #TravelWithUs 🛩️✈️ #ExploreTheWorld"
7953,2021-07-09 02:00:00,2,TimHortonsPH,"[Photo(previewUrl='https://pbs.twimg.com/media/E5wVBRhVUAMOQTq?format=png&name=small', fullUrl='https://pbs.twimg.com/media/E5wVBRhVUAMOQTq?format=png&name=large')]",tim hortons,"🎉 Friday is here, and so is the perfect time to kick back, relax, and indulge in the goodness of Tim Hortons! Whether you're craving a classic cup of coffee or a hearty meal, we've got you covered with our delicious menu and friendly service. Don't miss out on the fun! 🍷☕ #TimHorTonsPH #FridayIsHere #IndulgeInGoodness"
5971,2022-02-16 15:30:23,3,ToyotaCanada,"[Video(thumbnailUrl='https://pbs.twimg.com/ext_tw_video_thumb/1493970937162706948/pu/img/Q_DwFzGC1Ms-kZkO.jpg', variants=[VideoVariant(contentType='video/mp4', url='https://video.twimg.com/ext_tw_video/1493970937162706948/pu/vid/480x270/EXvcg1UJfyopi4rn.mp4?tag=12', bitrate=256000), VideoVariant(contentType='application/x-mpegURL', url='https://video.twimg.com/ext_tw_video/1493970937162706948/pu/pl/0L5T_E0PDiagVS3o.m3u8?tag=12&container=fmp4', bitrate=None), VideoVariant(contentType='video/mp4', url='https://video.twimg.com/ext_tw_video/1493970937162706948/pu/vid/1280x720/0rlr8Ha47TnzbrpA.mp4?tag=12', bitrate=2176000), VideoVariant(contentType='video/mp4', url='https://video.twimg.com/ext_tw_video/1493970937162706948/pu/vid/640x360/mpxfiIjq2yj3YslY.mp4?tag=12', bitrate=832000)], duration=15.056, views=157)]",toyota,"🚀 Wednesdays are the perfect time to play and explore! 🚗💨 Whether you're looking for a fun day at the park or a thrilling adventure, Toyota has the perfect vehicle for you! #ToyotaCanada #DriveWithUs #ExploreEveryDay"
3351,2021-03-15 23:12:00,2440,NatGeo,"[Video(thumbnailUrl='https://pbs.twimg.com/amplify_video_thumb/831265379255189510/img/FquWf832MP-sPEoz.jpg', variants=[VideoVariant(contentType='video/mp4', url='https://video.twimg.com/amplify_video/831265379255189510/vid/240x240/YH5nUXJvPoTN2TpS.mp4', bitrate=320000), VideoVariant(contentType='video/mp4', url='https://video.twimg.com/amplify_video/831265379255189510/vid/720x720/Sl1ETARbdngp1VnZ.mp4', bitrate=1280000), VideoVariant(contentType='video/mp4', url='https://video.twimg.com/amplify_video/831265379255189510/vid/480x480/LtH9TbQnUuD7stTa.mp4', bitrate=832000), VideoVariant(contentType='application/x-mpegURL', url='https://video.twimg.com/amplify_video/831265379255189510/pl/b8XulKa1sDCLpM2n.m3u8', bitrate=None)], duration=45.279, views=118947)]",national geographic,🌍 Discover the wonders of the world in just 60 seconds with NatGeo! #NationalGeographic #ExploreTheWorld
4696,2021-03-26 16:01:18,1341,NokiaMobile,"[Photo(previewUrl='https://pbs.twimg.com/media/ExatzXXXIAMBPup?format=jpg&name=small', fullUrl='https://pbs.twimg.com/media/ExatzXXXIAMBPup?format=jpg&name=large')]",nokia,"🎉 Friday is here, and so is the perfect time to recharge with a Nokia experience! 📱✨ Whether you're on the go or at home, Nokia is always there to make your day brighter. #Nokia #FridayFunday #TechLife"
3400,2021-10-18 19:00:03,296,MonsterEnergy,"[Video(thumbnailUrl='https://pbs.twimg.com/amplify_video_thumb/1450145492080398344/img/7KmJDxPGQcDx_jom.jpg', variants=[VideoVariant(contentType='video/mp4', url='https://video.twimg.com/amplify_video/1450145492080398344/vid/480x600/czEr2v5SlfR4dfag.mp4?tag=14', bitrate=950000), VideoVariant(contentType='video/mp4', url='https://video.twimg.com/amplify_video/1450145492080398344/vid/720x900/Q4RzqBWPJUja23DB.mp4?tag=14', bitrate=2176000), VideoVariant(contentType='video/mp4', url='https://video.twimg.com/amplify_video/1450145492080398344/vid/320x400/qaNN7ZetKL___eRg.mp4?tag=14', bitrate=632000), VideoVariant(contentType='application/x-mpegURL', url='https://video.twimg.com/amplify_video/1450145492080398344/pl/BQ2ROdh0nL0nReZy.m3u8?tag=14', bitrate=None)], duration=60.0, views=8374)]",monster,👋Hey Monster fans! Ready to fuel up for the day? Get ready with Monster Energy! 🚀 #MonsterEnergy #FuelUpForTheDay #WakeUpAndPowerUp
4082,2021-06-04 19:00:05,1,lanebryant,"[Photo(previewUrl='https://pbs.twimg.com/media/E3D2IuNWEAAe8sy?format=jpg&name=small', fullUrl='https://pbs.twimg.com/media/E3D2IuNWEAAe8sy?format=jpg&name=large')]",lane bryant,🎉 Friday night vibes at Lane Bryant! 🌟 Shop our latest collection and get ready for the weekend. #LaneBryant #FridayNight #ShopNow
9150,2021-09-12 07:48:06,121,TourofBritain,"[Photo(previewUrl='https://pbs.twimg.com/media/E_Ea7DcXIAYa6je?format=jpg&name=small', fullUrl='https://pbs.twimg.com/media/E_Ea7DcXIAYa6je?format=jpg&name=large')]",bell,"🌞 Sunday morning vibes at @ToureofBritain! 🌟 Whether you're exploring ancient castles or discovering hidden gems, we've got the perfect tour for you. Join us and let's explore the best of Britain together! 🏖️✨ #Explore #Travel #BritishDestinations"
1225,2021-01-14 17:01:39,91,GaryGannonTD,"[Video(thumbnailUrl='https://pbs.twimg.com/ext_tw_video_thumb/1349763556984713220/pu/img/QzUL_OyZ2UnMEwT-.jpg', variants=[VideoVariant(contentType='video/mp4', url='https://video.twimg.com/ext_tw_video/1349763556984713220/pu/vid/320x564/WCQ2-GNVmGLOGzDa.mp4?tag=12', bitrate=632000), VideoVariant(contentType='application/x-mpegURL', url='https://video.twimg.com/ext_tw_video/1349763556984713220/pu/pl/sPc-copIf69EgHoC.m3u8?tag=12', bitrate=None), VideoVariant(contentType='video/mp4', url='https://video.twimg.com/ext_tw_video/1349763556984713220/pu/vid/480x848/NIG5fAdxKKpSQahf.mp4?tag=12', bitrate=950000)], duration=119.157, views=2972)]",td,Hey folks! 🌟 Just a quick update from the #TD team. Looking forward to another exciting day ahead. Stay tuned for more #TDmagic! #StayTuned #ThursdayNight #TDfamily #WorkFromHome #RemoteWork #StayHome #StaySafe #StayStrong #StayPositive #StayHealthy #StayConnected #StayInformed #StayInspired #StayMotivated #StayCreative #StayCurious #StayAdventurous #StayAthletic #StayFit #Stay
6293,2022-05-18 15:57:08,2040,tacobell,"[Photo(previewUrl='https://pbs.twimg.com/media/FTDU_sHVIAANrQQ?format=jpg&name=small', fullUrl='https://pbs.twimg.com/media/FTDU_sHVIAANrQQ?format=jpg&name=large')]",bell,🎉 **Taco Bell Wednesday Specials** 🎉 #TacoBell #WednesdaySpecials #EatTaco #TacosAreTheBest #FoodieLife #ElevateYourTacoGame
3123,2022-11-13 11:57:47,1349,mtnug,"[Photo(previewUrl='https://pbs.twimg.com/media/FhcTGwmX0AYd4Kp?format=jpg&name=small', fullUrl='https://pbs.twimg.com/media/FhcTGwmX0AYd4Kp?format=jpg&name=large')]",mtn,"🌞 Sunday morning vibes at #MtnUG! 🌞 Whether you're catching up with friends or getting ready for the day ahead, we've got you covered. Stay connected, stay energized! 💪 #StayConnected #StayEnergized"
511,2022-01-22 04:00:05,110,ASTROGaming,"[Photo(previewUrl='https://pbs.twimg.com/media/FJrY-4lXIAIq-7h?format=jpg&name=small', fullUrl='https://pbs.twimg.com/media/FJrY-4lXIAIq-7h?format=jpg&name=large')]",astro,"🎉Hey AstroGaming, it's Saturday, time for some gaming fun! 🎮 Whether you're streaming, gaming, or just chilling, we're all in this together! #AstroGaming #GamingCommunity #SaturdayNight #StayHomeStaySafe"
5795,2022-10-05 19:27:29,2233,PatMcAfeeShow,"[Video(thumbnailUrl='https://pbs.twimg.com/amplify_video_thumb/1577741871555969024/img/zj_LY_zP0t1BBsu3.jpg', variants=[VideoVariant(contentType='application/x-mpegURL', url='https://video.twimg.com/amplify_video/1577741871555969024/pl/IM6dB4nxQGQZfMbg.m3u8?tag=14&container=fmp4', bitrate=None), VideoVariant(contentType='video/mp4', url='https://video.twimg.com/amplify_video/1577741871555969024/vid/1280x720/TYiDHLrrGeoGE0Wo.mp4?tag=14', bitrate=2176000), VideoVariant(contentType='video/mp4', url='https://video.twimg.com/amplify_video/1577741871555969024/vid/640x360/oTwQZPOL2BFHprhh.mp4?tag=14', bitrate=832000), VideoVariant(contentType='video/mp4', url='https://video.twimg.com/amplify_video/1577741871555969024/vid/480x270/T3OWsCc7XPWXpD59.mp4?tag=14', bitrate=288000)], duration=225.734, views=182669)]",mcafee,"🚨Stay safe and secure with McAfee! 🔒 Whether you're at home, on the go, or in the office, McAfee has got you covered. Don't let cyber threats take you by surprise. #CyberSecurity #StaySafe #McAfeeyouneed"
8182,2021-10-15 14:00:16,7,PepsiCo,"[Video(thumbnailUrl='https://pbs.twimg.com/ext_tw_video_thumb/1449012224983539712/pu/img/icSeNi5YQavBIvhx.jpg', variants=[VideoVariant(contentType='application/x-mpegURL', url='https://video.twimg.com/ext_tw_video/1449012224983539712/pu/pl/a4S9F6Ai66y1K5jk.m3u8?tag=12&container=fmp4', bitrate=None), VideoVariant(contentType='video/mp4', url='https://video.twimg.com/ext_tw_video/1449012224983539712/pu/vid/540x540/rTCWkey6qAZv4M9y.mp4?tag=12', bitrate=832000), VideoVariant(contentType='video/mp4', url='https://video.twimg.com/ext_tw_video/1449012224983539712/pu/vid/720x720/na1nCsqBkHm0HZMn.mp4?tag=12', bitrate=1280000), VideoVariant(contentType='video/mp4', url='https://video.twimg.com/ext_tw_video/1449012224983539712/pu/vid/320x320/ZV64CCQX-z5oA-b6.mp4?tag=12', bitrate=432000)], duration=7.082, views=279)]",pepsico,"🎉 Friday is here, and so is the perfect time to #FuelYourDay with Pepsi! 🥂 Whether you're hitting the gym, catching up with friends, or just relaxing at home, Pepsi is your go-to choice for a refreshing, delicious, and energizing drink. So, let's raise a glass and enjoy the best moments of the day together! 🚀 #PepiLife"
9418,2022-04-12 14:27:27,90,OfficialDMRC,"[Photo(previewUrl='https://pbs.twimg.com/media/FQJnvXEXsAEuDW5?format=jpg&name=small', fullUrl='https://pbs.twimg.com/media/FQJnvXEXsAEuDW5?format=jpg&name=large'), Photo(previewUrl='https://pbs.twimg.com/media/FQJnvXCXoAw1Eqg?format=jpg&name=small', fullUrl='https://pbs.twimg.com/media/FQJnvXCXoAw1Eqg?format=jpg&name=large')]",metro,"🎉 #DMRC2023, kick off your day with us! 🚀 Whether you're a seasoned driver or just starting your journey, we've got you covered. Join us on the road to success! #DriveWithDMRC #DMRCLeague #GoDMRC"
97,2022-03-09 21:04:55,284,MetroUK,"[Photo(previewUrl='https://pbs.twimg.com/media/FNb8oLRXIAA4HJZ?format=jpg&name=small', fullUrl='https://pbs.twimg.com/media/FNb8oLRXIAA4HJZ?format=jpg&name=large'), Photo(previewUrl='https://pbs.twimg.com/media/FNb8oMsXEAU34F5?format=jpg&name=small', fullUrl='https://pbs.twimg.com/media/FNb8oMsXEAU34F5?format=jpg&name=large')]",metro,🎉 Wednesday night is here! 🌚 #StayTuned #MetroUK #NightLife #StayInTouch #ConnectWithMetro #EnjoyTheCity #DanceTheNightAway #StayActive #StayCreative #StayHungry #StayCurious #StaySane #StayHealthy #StaySmart #StayTrue #StayOriginal #StayUnique #StaySpecial #StayInspired #StayMotivated #StayConfident #StayDetermined #StayDecisive #StayAmbitious #Stay
6682,2021-02-14 09:47:24,55,CBCCanada,"[Photo(previewUrl='https://pbs.twimg.com/media/EuLYwbLWgAQEUwR?format=jpg&name=small', fullUrl='https://pbs.twimg.com/media/EuLYwbLWgAQEUwR?format=jpg&name=large')]",cbc,"🎉CBC Canada brings you the latest news and insights on Sunday, 9 AM! Tune in and stay informed! #CBC #CBCCanada #CBCNews #StayInformed"
1513,2022-09-30 14:13:16,1705,redbullracing,"[Video(thumbnailUrl='https://pbs.twimg.com/media/Fd6KyYqWQAAkcSF.jpg', variants=[VideoVariant(contentType='application/x-mpegURL', url='https://video.twimg.com/amplify_video/1575849344158277632/pl/VuX8UVoQ_F2hNC97.m3u8?tag=14&container=fmp4', bitrate=None), VideoVariant(contentType='video/mp4', url='https://video.twimg.com/amplify_video/1575849344158277632/vid/1280x720/LC1-a7oPhPEs_xKN.mp4?tag=14', bitrate=2176000), VideoVariant(contentType='video/mp4', url='https://video.twimg.com/amplify_video/1575849344158277632/vid/640x360/glrzcqsedl3R-y07.mp4?tag=14', bitrate=832000), VideoVariant(contentType='video/mp4', url='https://video.twimg.com/amplify_video/1575849344158277632/vid/480x270/DxbwrbQzU-kdAtxc.mp4?tag=14', bitrate=288000)], duration=10.0, views=43479)]",oracle,🎉 Friday at Red Bull Racing! 🚀 #RedBullRacing #F1 #Formula1 #Motorsport #Engineering #Speed #Innovation #Motivation #Teamwork #Racing 🚗💨 #Sportsmanship #Challenge #ChallengeAccepted #Motivate #Inspire #DreamsComeTrue #Success #Achievement #Team #Family #Together #TogetherRaces #TogetherAchieves #TogetherSucceeds #TogetherMoves #TogetherGains #TogetherWins #
8792,2021-09-11 20:18:17,276,ScooterMagruder,"[Photo(previewUrl='https://pbs.twimg.com/media/E_B9benWUAYSyyQ?format=jpg&name=small', fullUrl='https://pbs.twimg.com/media/E_B9benWUAYSyyQ?format=jpg&name=large')]",cameron,Hey Scooter! 🚗💨 Happy Saturday night! 🌙✨ Can't wait to see what you're up to tonight. Share your adventures in the comments below! #SaturdayNight #Traveling #AdventureTime
120,2022-11-16 23:11:01,0,AAAOklahoma,"[Photo(previewUrl='https://pbs.twimg.com/media/FhuKL4NXkAI00ic?format=jpg&name=small', fullUrl='https://pbs.twimg.com/media/FhuKL4NXkAI00ic?format=jpg&name=large')]",aaa,"🎉 Wednesday night is here, and so is the perfect time to kick back, relax, and enjoy the Oklahoma sunshine! 🌞 Whether you're at home, at the park, or just chilling at your favorite spot, let's make the most of this beautiful day. #Oklahoma #WednesdayNight #StayAtHome #EnjoyTheDay"
7792,2022-03-01 01:50:33,1964,CNN,"[Video(thumbnailUrl='https://pbs.twimg.com/media/FMunjy9XMAUi7hB.jpg', variants=[VideoVariant(contentType='application/x-mpegURL', url='https://video.twimg.com/amplify_video/1498475537332944901/pl/UFcOPLHrCQ5XiC4X.m3u8?tag=14&container=fmp4&v=8e9', bitrate=None), VideoVariant(contentType='video/mp4', url='https://video.twimg.com/amplify_video/1498475537332944901/vid/480x270/DCu0yoQaY6LWlMRQ.mp4?tag=14', bitrate=288000), VideoVariant(contentType='video/mp4', url='https://video.twimg.com/amplify_video/1498475537332944901/vid/640x360/zsxCu1we9VUfNqZU.mp4?tag=14', bitrate=832000), VideoVariant(contentType='video/mp4', url='https://video.twimg.com/amplify_video/1498475537332944901/vid/1280x720/PQ97XZixfQOoq-KR.mp4?tag=14', bitrate=2176000)], duration=318.252, views=167912)]",cnn,🎉Stay tuned for the latest news and insights from @CNN! 🌍 #CNN #BreakingNews #StayInformed
6518,2021-03-11 12:12:35,2622,CNN,"[Photo(previewUrl='https://pbs.twimg.com/media/EwMpu2XWgAQNnsP?format=jpg&name=small', fullUrl='https://pbs.twimg.com/media/EwMpu2XWgAQNnsP?format=jpg&name=large')]",cnn,🎉Stay tuned for the latest news and insights from @CNN this Thursday at noon! #CNN #BreakingNews #StayInformed
34,2021-01-21 17:00:10,424,PUMAHoops,"[Photo(previewUrl='https://pbs.twimg.com/media/EsRVpk-W8AML24S?format=jpg&name=small', fullUrl='https://pbs.twimg.com/media/EsRVpk-W8AML24S?format=jpg&name=large')]",puma,🎉 #PUMA #HoopSwing 🏃‍♂️🏃‍♀️ Let's get moving! 💪 #FitnessFriday #Workout #StayFit #PumpItUp #GetActive #TrackYourFitness #StayHealthy #StayMotivated #FitnessGoals #PumaHoops #TrackMyFitness #KeepSwinging #StayStrong #StayInShape #StayCreative #StayConnected #StayActive #StayDedicated #StayAthletic #Stay
7888,2022-08-12 06:15:02,1000,SamsungPakistan,"[Photo(previewUrl='https://pbs.twimg.com/media/FZ8JBbUXgAI25G8?format=jpg&name=small', fullUrl='https://pbs.twimg.com/media/FZ8JBbUXgAI25G8?format=jpg&name=large')]",samsung,"🎉 Friday is here, and so is the perfect time to kick back and relax with Samsung! 📺✨ #SamsungPakistan #FridayNight #TechLovers #Innovate #Connectivity #SmartLife"
6831,2022-10-15 09:30:17,112,cathmartingreen,"[Photo(previewUrl='https://pbs.twimg.com/media/FfGbdb9XkAApnfx?format=jpg&name=small', fullUrl='https://pbs.twimg.com/media/FfGbdb9XkAApnfx?format=jpg&name=large')]",td,"Happy Saturday, everyone! 🌞 Let's kick off the day with a #CathMartingreen twist! What's on your weekend agenda? Share your plans with us in the comments below! #StayActive #FitnessGoals #ConnectWithLikeMinds"
5422,2022-10-11 16:41:37,1,IndependentNGR,"[Photo(previewUrl='https://pbs.twimg.com/media/FezX0yUagAA5uo8?format=jpg&name=small', fullUrl='https://pbs.twimg.com/media/FezX0yUagAA5uo8?format=jpg&name=large')]",independent,"Happy Tuesday, everyone! 🌟 Check out our latest post on independent thinking and the power of unique perspectives. #Innovate #Unique #Empower #TuesdayMotivation"
1069,2022-02-19 01:46:55,8210,PatMcAfeeShow,"[Photo(previewUrl='https://pbs.twimg.com/media/FL7HAr6UYAApl8g?format=jpg&name=small', fullUrl='https://pbs.twimg.com/media/FL7HAr6UYAApl8g?format=jpg&name=large')]",mcafee,🚨Stay safe and secure with McAfee! 🚨 #Cybersecurity #ProtectYourFamily #StaySafe #TechSafety #McafeeShow #SecurityIsTheNewNormal
1348,2022-07-08 10:13:13,9759,David_Cameron,"[Photo(previewUrl='https://pbs.twimg.com/media/FXIvuTaWQAIiCLy?format=jpg&name=small', fullUrl='https://pbs.twimg.com/media/FXIvuTaWQAIiCLy?format=jpg&name=large')]",cameron,"Friday is here, and with it comes the perfect opportunity to shine! 🌟 #DavidCameron #FridayIsHere #EngageWithUs #SocialMediaMagic #FollowTheTrend #ConnectWithCameron"
4748,2021-04-18 04:00:00,2,TimHortonsPH,"[Photo(previewUrl='https://pbs.twimg.com/media/EzFlHz8UUAQDT-M?format=png&name=small', fullUrl='https://pbs.twimg.com/media/EzFlHz8UUAQDT-M?format=png&name=large')]",tim hortons,"🎉Happy Sunday, everyone! Time to kick back, relax, and enjoy a Tim Hortons treat. 🍕☕ #SundayAfternoon #TimHorizons #EnjoyTheBreakfastOfCherishedMoments"
6006,2022-01-08 00:51:34,331,SethWEmerson,"[Video(thumbnailUrl='https://pbs.twimg.com/ext_tw_video_thumb/1479616683224571910/pu/img/vYQqUKYZLLL_zgdM.jpg', variants=[VideoVariant(contentType='video/mp4', url='https://video.twimg.com/ext_tw_video/1479616683224571910/pu/vid/640x360/piSQYcCvdv6x6oim.mp4?tag=12', bitrate=832000), VideoVariant(contentType='video/mp4', url='https://video.twimg.com/ext_tw_video/1479616683224571910/pu/vid/480x270/cnvZ-obFQdgcsYe7.mp4?tag=12', bitrate=256000), VideoVariant(contentType='application/x-mpegURL', url='https://video.twimg.com/ext_tw_video/1479616683224571910/pu/pl/Znj2TGRoNojyVPxP.m3u8?tag=12&container=fmp4', bitrate=None), VideoVariant(contentType='video/mp4', url='https://video.twimg.com/ext_tw_video/1479616683224571910/pu/vid/1280x720/sa96Y1VWjx5c2hxS.mp4?tag=12', bitrate=2176000)], duration=22.386, views=12337)]",emerson,"Happy Saturday, everyone! 🌴✨ Let's kick off the weekend with a fun challenge: #EmersonChallenge. Share a photo or video of your favorite Saturday activity. Let's #StayActive and #StaySocial! #WorkFromHome #RemoteWork #StayHealthy #FitnessGoals #Motivation #MotivateMe #MotivationalMonday #StayPositive #PositiveVibes #PositiveMindset #PositiveEnergy #PositiveLife #PositiveFuture #PositivePresent #PositivePast #Positive"
6040,2021-12-13 11:30:50,66,FootySuperTips,"[Photo(previewUrl='https://pbs.twimg.com/media/FGfAYPxXMAwFFX5?format=jpg&name=small', fullUrl='https://pbs.twimg.com/media/FGfAYPxXMAwFFX5?format=jpg&name=large'), Photo(previewUrl='https://pbs.twimg.com/media/FGfAc5mX0AA-InS?format=jpg&name=small', fullUrl='https://pbs.twimg.com/media/FGfAc5mX0AA-InS?format=jpg&name=large')]",free,"🎉 Monday Morning Motivation! Ready to kickstart your week with #FootySuccess? 🏠💪 Whether you're playing, watching, or just dreaming about your next game, remember, ""The best way to win is to play every day."" #TeamWork #NeverGiveUp 🏃🏃‍♂️#FootyTips #MondayMotivation"
3818,2021-10-05 13:00:09,305,SamsungIndia,"[Video(thumbnailUrl='https://pbs.twimg.com/media/FA7_TO0XsAMWAhv.jpg', variants=[VideoVariant(contentType='video/mp4', url='https://video.twimg.com/amplify_video/1445373208186732562/vid/320x320/DkWugedeoaWnLc4D.mp4?tag=14', bitrate=432000), VideoVariant(contentType='video/mp4', url='https://video.twimg.com/amplify_video/1445373208186732562/vid/540x540/5gU1DUsLfQojk1ZA.mp4?tag=14', bitrate=832000), VideoVariant(contentType='video/mp4', url='https://video.twimg.com/amplify_video/1445373208186732562/vid/720x720/dzus6smQ8gDAsnnl.mp4?tag=14', bitrate=1280000), VideoVariant(contentType='application/x-mpegURL', url='https://video.twimg.com/amplify_video/1445373208186732562/pl/sdUGVBXKSYlnGGcP.m3u8?tag=14', bitrate=None)], duration=13.055, views=3464)]",samsung,🎉Stay ahead of the competition with Samsung's latest innovations! 🚀 #SamsungIndia #TechTalks #InnovateNow
8447,2021-08-13 00:18:21,339,CBCOlympics,"[Video(thumbnailUrl='https://pbs.twimg.com/amplify_video_thumb/1425974309978247172/img/s5pRMB0-HOEztQUG.jpg', variants=[VideoVariant(contentType='video/mp4', url='https://video.twimg.com/amplify_video/1425974309978247172/vid/640x360/2zhyv6GvoIQ_Ucdq.mp4?tag=14', bitrate=832000), VideoVariant(contentType='video/mp4', url='https://video.twimg.com/amplify_video/1425974309978247172/vid/480x270/OM0-R14nKP0thgdr.mp4?tag=14', bitrate=288000), VideoVariant(contentType='video/mp4', url='https://video.twimg.com/amplify_video/1425974309978247172/vid/1280x720/oiLIDEZF3pF_5KUG.mp4?tag=14', bitrate=2176000), VideoVariant(contentType='application/x-mpegURL', url='https://video.twimg.com/amplify_video/1425974309978247172/pl/xD2Jh-e0_BAAvi-w.m3u8?tag=14', bitrate=None)], duration=14.815, views=7057)]",cbc,🎉Stay tuned for the biggest event of the year! 🏃🏃🏃 #OlympicGames 2023 is just around the corner. Get ready to witness the best athletes from around the world come together to compete and inspire us all. Don't miss out on the action! 🌟 #CBCSports
5270,2022-03-15 20:33:39,52,EuroLeague,"[Video(thumbnailUrl='https://pbs.twimg.com/media/FN6vChVXoAAVDGC.jpg', variants=[VideoVariant(contentType='video/mp4', url='https://video.twimg.com/amplify_video/1503831377036423175/vid/480x270/A9zYqohqb_z4dpBU.mp4?tag=14', bitrate=288000), VideoVariant(contentType='video/mp4', url='https://video.twimg.com/amplify_video/1503831377036423175/vid/1280x720/PmHjGW8i_ztMs_h9.mp4?tag=14', bitrate=2176000), VideoVariant(contentType='application/x-mpegURL', url='https://video.twimg.com/amplify_video/1503831377036423175/pl/57QofUui-KWmFdSj.m3u8?tag=14&container=fmp4', bitrate=None), VideoVariant(contentType='video/mp4', url='https://video.twimg.com/amplify_video/1503831377036423175/vid/640x360/8ASDNpXdTGiOc5RF.mp4?tag=14', bitrate=832000)], duration=139.68, views=4166)]",turkish airlines,"✈️ #TravelWithTurkishAirlines 🇹🇷 Whether you're in the heart of Europe or beyond, let us take you on an unforgettable journey with us. 🌍✨ #FlyTurkish Airlines #EuroLeague #Travel2023 #ExploreTheWorld"
6898,2022-03-08 15:00:22,195,Amtrak,"[Photo(previewUrl='https://pbs.twimg.com/media/FNVfpkcXsA0YcKV?format=jpg&name=small', fullUrl='https://pbs.twimg.com/media/FNVfpkcXsA0YcKV?format=jpg&name=large')]",amtrak,"🎉✨ Get ready for the weekend with Amtrak! 🚆✈️ Whether you're heading to the beach, the mountains, or just relaxing at home, we've got you covered. #Amtrak #TravelWithUs"
5310,2021-11-08 13:00:10,5,PfizerOncMed,"[Photo(previewUrl='https://pbs.twimg.com/media/FDrFWx4WQAcy4eQ?format=jpg&name=small', fullUrl='https://pbs.twimg.com/media/FDrFWx4WQAcy4eQ?format=jpg&name=large')]",pfizer,🚀Stay ahead of the curve with Pfizer Oncology! 🌟 Our latest breakthroughs in cancer treatment are here to make a difference in your fight against the disease. #CancerWarrior #StayAheadOfTheCurve #Oncology #Breakthroughs #StayHealthy #StayStrong
32,2022-11-02 22:55:05,8,WalmartWorld,"[Video(thumbnailUrl='https://pbs.twimg.com/amplify_video_thumb/1587941206683795462/img/Tydpi4ktqCayQZKL.jpg', variants=[VideoVariant(contentType='application/x-mpegURL', url='https://video.twimg.com/amplify_video/1587941206683795462/pl/s74GMIPy7l3LOJpk.m3u8?tag=14&container=fmp4&v=29c', bitrate=None), VideoVariant(contentType='video/mp4', url='https://video.twimg.com/amplify_video/1587941206683795462/vid/640x360/GS5ao5eqvZQ0_2nd.mp4?tag=14', bitrate=832000), VideoVariant(contentType='video/mp4', url='https://video.twimg.com/amplify_video/1587941206683795462/vid/480x270/bYc0ArTo0iZUB_2b.mp4?tag=14', bitrate=288000), VideoVariant(contentType='video/mp4', url='https://video.twimg.com/amplify_video/1587941206683795462/vid/1280x720/RlHAdO--_bJ60xUa.mp4?tag=14', bitrate=2176000)], duration=89.933, views=287)]",walmart,"🎉 Wednesdays are the perfect time to shop with Walmart! 🛍️ Whether you're looking for the latest deals or just want to stock up on essentials, Walmart has got you covered. #ShopWithWalmart #WalmartWednesday"
5675,2022-01-07 18:56:03,2241,nojumper,"[Photo(previewUrl='https://pbs.twimg.com/media/FIhWM2NVEAM8xiZ?format=jpg&name=small', fullUrl='https://pbs.twimg.com/media/FIhWM2NVEAM8xiZ?format=jpg&name=large'), Photo(previewUrl='https://pbs.twimg.com/media/FIhWM2NUYAIeZp-?format=jpg&name=small', fullUrl='https://pbs.twimg.com/media/FIhWM2NUYAIeZp-?format=jpg&name=large'), Photo(previewUrl='https://pbs.twimg.com/media/FIhWM2QVIAMD3_L?format=jpg&name=small', fullUrl='https://pbs.twimg.com/media/FIhWM2QVIAMD3_L?format=jpg&name=large'), Photo(previewUrl='https://pbs.twimg.com/media/FIhWM2MVQAEEDuf?format=jpg&name=small', fullUrl='https://pbs.twimg.com/media/FIhWM2MVQAEEDuf?format=jpg&name=large')]",no,"🎉 Friday night is here! 🌙 Let's jump into the weekend vibes with #NoJumper! 🏃💨 Whether you're hitting the gym, chilling at home, or exploring new places, stay active and have fun! #FitnessGoals #StayActive #NoLimits #FridayNight #ExcitedForTheWeekend"
4387,2022-02-15 20:01:37,6,Emerson_News,"[Photo(previewUrl='https://pbs.twimg.com/media/FLqbN5WX0AcxMhl?format=jpg&name=small', fullUrl='https://pbs.twimg.com/media/FLqbN5WX0AcxMhl?format=jpg&name=large')]",emerson,🎉 Tuesday night is here! Stay tuned for Emerson_News' latest news and insights. Don't miss out on our exclusive content! 🚀 #EmersonNews #TuesdayNight #StayInTheLoop
30,2022-08-18 15:29:31,2982,AMDRyzen,"[Photo(previewUrl='https://pbs.twimg.com/media/FadBeOAXkAc3Pub?format=jpg&name=small', fullUrl='https://pbs.twimg.com/media/FadBeOAXkAc3Pub?format=jpg&name=large')]",amd,🎉 AMD Ryzen: Ready to take on the day with lightning-fast performance and incredible efficiency. Dive into the future of computing with us! #AMD #Ryzen #TechTalk #FutureOfComputing
4203,2022-09-11 11:29:20,399,LouisStaples,"[Photo(previewUrl='https://pbs.twimg.com/media/FcXwo4AXkAI7EAC?format=jpg&name=small', fullUrl='https://pbs.twimg.com/media/FcXwo4AXkAI7EAC?format=jpg&name=large')]",staples,🌞 Sunday morning vibes at Staples! 🛒 #StapleLife #SundayMorning #StayHome #StaySafe #ShopStapled
7508,2021-09-21 11:03:48,44,AmericanExpress,"[Photo(previewUrl='https://pbs.twimg.com/media/E_zeabwVEAkHhht?format=jpg&name=small', fullUrl='https://pbs.twimg.com/media/E_zeabwVEAkHhht?format=jpg&name=large')]",american express,"Happy Tuesday, everyone! #AmericanExpress is here to help you make the most of your day. Whether you're on the go or at home, we've got you covered with our latest offers and services. #Travel #Finance #ConnectWithUs"
736,2023-01-20 09:53:14,522,EmersonBarrett,"[Video(thumbnailUrl='https://pbs.twimg.com/ext_tw_video_thumb/1616373224094195712/pu/img/GlLbeeHMQzuwjbub.jpg', variants=[VideoVariant(contentType='video/mp4', url='https://video.twimg.com/ext_tw_video/1616373224094195712/pu/vid/320x568/u_s6Wgl5_aP1b7vw.mp4?tag=12', bitrate=632000), VideoVariant(contentType='video/mp4', url='https://video.twimg.com/ext_tw_video/1616373224094195712/pu/vid/720x1280/YlnNQaXdBB7U7W8h.mp4?tag=12', bitrate=2176000), VideoVariant(contentType='video/mp4', url='https://video.twimg.com/ext_tw_video/1616373224094195712/pu/vid/480x852/hxTwXyi1i_L1dsWY.mp4?tag=12', bitrate=950000), VideoVariant(contentType='application/x-mpegURL', url='https://video.twimg.com/ext_tw_video/1616373224094195712/pu/pl/DqkW_Ges1Ep_-QzE.m3u8?tag=12&container=fmp4', bitrate=None)], duration=6.735, views=1808)]",emerson,"🎉 Friday is here, and so is the perfect time to unwind! Let's kick off the weekend with a refreshing drink and some good vibes. 🥂🍹 #FridayFunday #DrinkUp #SocialMediaMarketing #StayTuned"
2068,2022-06-30 05:52:33,1,IndependentNGR,"[Photo(previewUrl='https://pbs.twimg.com/media/FWeng5gUsAAgf4e?format=jpg&name=small', fullUrl='https://pbs.twimg.com/media/FWeng5gUsAAgf4e?format=jpg&name=large')]",independent,"🎉 Thursday is here, and so is a fresh batch of opportunities! 🌟 Whether you're looking to explore new markets, boost your reach, or simply stay ahead of the curve, let's chat about how we can revolutionize your social media strategy. #GrowTogether #SocialMediaSavvy #InnovateNow"
107,2022-01-24 17:29:47,47,VMSportIE,"[Video(thumbnailUrl='https://pbs.twimg.com/media/FJ4kVK9XIAondOs.jpg', variants=[VideoVariant(contentType='video/mp4', url='https://video.twimg.com/amplify_video/1485664566616985604/vid/480x270/LaEVUUqGIdEcMu_6.mp4?tag=14', bitrate=288000), VideoVariant(contentType='video/mp4', url='https://video.twimg.com/amplify_video/1485664566616985604/vid/1280x720/HZBlAg0No6dYUJeJ.mp4?tag=14', bitrate=2176000), VideoVariant(contentType='video/mp4', url='https://video.twimg.com/amplify_video/1485664566616985604/vid/640x360/7OKwRAQgnFsMLMW0.mp4?tag=14', bitrate=832000), VideoVariant(contentType='application/x-mpegURL', url='https://video.twimg.com/amplify_video/1485664566616985604/pl/ANor4k9lB0ueu-KI.m3u8?tag=14&container=fmp4', bitrate=None)], duration=79.12, views=8070)]",virgin media,"👋 Hey everyone! Ready to kickstart your Monday with a bang? 🌟 Tune in to Virgin Media at 7 PM today! 📺 Whether you're streaming your favorite shows or playing your favorite games, we've got you covered. Don't miss out on the best viewing experience. #VirginMedia #OnDemand #StreamingSatisfaction"
9645,2022-03-25 19:53:37,15,ToyotaCenter,"[Photo(previewUrl='https://pbs.twimg.com/media/FOuFzWqWUAAgqu5?format=jpg&name=small', fullUrl='https://pbs.twimg.com/media/FOuFzWqWUAAgqu5?format=jpg&name=large')]",toyota,"🎉 Friday night is here, and so is the perfect time to kick back, relax, and unwind with a Toyota! 🚗💨 #ToyotaCenter #FridayNight #RelaxingTime #DriveSafe #StaySafe"
8895,2022-10-13 14:29:41,18364,FCBarcelona,"[Photo(previewUrl='https://pbs.twimg.com/media/Fe9MznEWAAAoPws?format=jpg&name=small', fullUrl='https://pbs.twimg.com/media/Fe9MznEWAAAoPws?format=jpg&name=large'), Photo(previewUrl='https://pbs.twimg.com/media/Fe9MzlrWIAAex3n?format=jpg&name=small', fullUrl='https://pbs.twimg.com/media/Fe9MzlrWIAAex3n?format=jpg&name=large'), Photo(previewUrl='https://pbs.twimg.com/media/Fe9MzpTWQAMZbMY?format=jpg&name=small', fullUrl='https://pbs.twimg.com/media/Fe9MzpTWQAMZbMY?format=jpg&name=large'), Photo(previewUrl='https://pbs.twimg.com/media/Fe9MzmhWYAEf_av?format=jpg&name=small', fullUrl='https://pbs.twimg.com/media/Fe9MzmhWYAEf_av?format=jpg&name=large')]",fc barcelona,🚀 #FCBarça 🇸🇪 Just another Thursday in the beautiful city of #Barcelona! 🌟 #Espanyol 🇪🇸 #SerieA 🇧🇷 #Ligue1 🇩🇪 #LaLiga 🇮🇹 #UEFAChampionsLeague 🇺🇸 #WorldCup 🇫🇷 #CopaDelCopa 🇦🇷 #ElClásico 🇷🇺 #LaSexta �
8021,2021-01-01 23:20:45,72,stadiumastro,"[Gif(thumbnailUrl='https://pbs.twimg.com/tweet_video_thumb/Eqrs9HUUYAA1TUE.jpg', variants=[VideoVariant(contentType='video/mp4', url='https://video.twimg.com/tweet_video/Eqrs9HUUYAA1TUE.mp4', bitrate=0)])]",astro,🎉 Friday night vibes at #StadiumAstro! 🏛️✨ Tune in to our live stream and catch the best of the night. Don't miss out on the action! #StayTuned #AstroFanatics
2233,2021-12-14 14:00:20,59,siemensindustry,"[Video(thumbnailUrl='https://pbs.twimg.com/media/FGksXXYX0AgA60b.jpg', variants=[VideoVariant(contentType='video/mp4', url='https://video.twimg.com/amplify_video/1470755471778799616/vid/480x270/qavMxbulOXpxzYaW.mp4?tag=14', bitrate=288000), VideoVariant(contentType='video/mp4', url='https://video.twimg.com/amplify_video/1470755471778799616/vid/1280x720/dDmZU4bmT0LgPowL.mp4?tag=14', bitrate=2176000), VideoVariant(contentType='video/mp4', url='https://video.twimg.com/amplify_video/1470755471778799616/vid/640x360/_rst6sb6VMhjQHF_.mp4?tag=14', bitrate=832000), VideoVariant(contentType='application/x-mpegURL', url='https://video.twimg.com/amplify_video/1470755471778799616/pl/_s7Pkj1f1gpIXVZF.m3u8?tag=14&container=fmp4', bitrate=None)], duration=30.28, views=280972)]",siemens,🌟Stay ahead of the curve with Siemens Industry's latest innovations! 🚀 #Innovation #TechSavvy #SiemensIndustry #StayInformed
994,2022-07-11 17:30:59,1,ToyotaCenter,"[Video(thumbnailUrl='https://pbs.twimg.com/ext_tw_video_thumb/1546546900551307266/pu/img/AZxzmG8KMV-Ts6Gq.jpg', variants=[VideoVariant(contentType='video/mp4', url='https://video.twimg.com/ext_tw_video/1546546900551307266/pu/vid/720x1280/7mBu6zUr3WohiwTG.mp4?tag=12', bitrate=2176000), VideoVariant(contentType='video/mp4', url='https://video.twimg.com/ext_tw_video/1546546900551307266/pu/vid/320x568/rp_wPnGffxFQs-yb.mp4?tag=12', bitrate=632000), VideoVariant(contentType='video/mp4', url='https://video.twimg.com/ext_tw_video/1546546900551307266/pu/vid/480x852/Jt1ceJDCOsUBMfGg.mp4?tag=12', bitrate=950000), VideoVariant(contentType='application/x-mpegURL', url='https://video.twimg.com/ext_tw_video/1546546900551307266/pu/pl/KhoBvEWWoTFe8bEZ.m3u8?tag=12&container=fmp4', bitrate=None)], duration=28.266, views=394)]",toyota,"🎉 Monday Morning Motivation! Ready to kickstart your day with a smile? 🌟 At Toyota Center, we're all about making the world a better place, one car at a time. #ToyotaCenter #MotivateMonday"
9413,2022-09-01 15:40:00,32,ASUSIndia,"[Video(thumbnailUrl='https://pbs.twimg.com/ext_tw_video_thumb/1565361394395914241/pu/img/2ACio_Zy6AQCFQ9M.jpg', variants=[VideoVariant(contentType='video/mp4', url='https://video.twimg.com/ext_tw_video/1565361394395914241/pu/vid/320x320/Kp8Qyb9yKTeCYYnW.mp4?tag=12', bitrate=432000), VideoVariant(contentType='application/x-mpegURL', url='https://video.twimg.com/ext_tw_video/1565361394395914241/pu/pl/Zmjx4eHO0HCqJgA0.m3u8?tag=12&container=fmp4', bitrate=None), VideoVariant(contentType='video/mp4', url='https://video.twimg.com/ext_tw_video/1565361394395914241/pu/vid/540x540/8AuTiBLr8LVEMfRY.mp4?tag=12', bitrate=832000), VideoVariant(contentType='video/mp4', url='https://video.twimg.com/ext_tw_video/1565361394395914241/pu/vid/720x720/hlBKTdLwrJolUB8Y.mp4?tag=12', bitrate=1280000)], duration=8.007, views=525)]",asus,🎉Stay ahead of the curve with ASUS! 🚀 Upgrade your tech with our latest innovations. #TechRevolution #ASUSTechnology #Innovate #Connectivity #SmartHome #TechLovers #TechGeeks #TechGuru #TechEnthusiast #TechFanatic #TechNerd #TechWhiz #TechGenius #TechMaster #TechPro #TechSavvy #TechTrendsetter #TechLeader #TechMaverick #Tech
7059,2021-01-29 18:00:00,890,AmazonStudios,"[Video(thumbnailUrl='https://pbs.twimg.com/media/Es5yK0dW8AQZ8pR.jpg', variants=[VideoVariant(contentType='video/mp4', url='https://video.twimg.com/amplify_video/1354934800520536074/vid/480x270/e0biNeKGXJCAHfD8.mp4?tag=14', bitrate=288000), VideoVariant(contentType='application/x-mpegURL', url='https://video.twimg.com/amplify_video/1354934800520536074/pl/C8zEMMeejf5WCStP.m3u8?tag=14', bitrate=None), VideoVariant(contentType='video/mp4', url='https://video.twimg.com/amplify_video/1354934800520536074/vid/640x360/dnVotxDeaGqE5nct.mp4?tag=14', bitrate=832000), VideoVariant(contentType='video/mp4', url='https://video.twimg.com/amplify_video/1354934800520536074/vid/1280x720/GitdKbhB7_ElkfLH.mp4?tag=14', bitrate=2176000)], duration=238.78, views=101513)]",amazon,"🎉 Friday night is here, and so is the magic of Amazon Studios! Dive into the best of the best with us this weekend. 📺✨ #Amazon #FridayNight #NetflixAnd chill #Streaming #Movies #TVShows #Entertainment #StayHome #StaySafe"
6790,2021-04-28 09:37:14,116,OfficialDMRC,"[Photo(previewUrl='https://pbs.twimg.com/media/E0DSe-qVUAc4Xy4?format=jpg&name=small', fullUrl='https://pbs.twimg.com/media/E0DSe-qVUAc4Xy4?format=jpg&name=large')]",metro,**Official DMRC** 🚴️💨 #DMRC 🏃🏃‍♂️ #RideDMRC #DMRCTeam 🚗💨 #MotorCycle 🚶‍♀️ #Motorsports 🚀💨 #RidingLife #DMRLife 🚙💨 #CyclingLife #MotorcycleLovers 🚲💨 #BikeLovers #DMRBike 🚤💨 #BMX 🚬💨 #Off
361,2022-05-26 18:42:58,85,SFTHQ,"[Photo(previewUrl='https://pbs.twimg.com/media/FTtIMRKXsAoWxVr?format=jpg&name=small', fullUrl='https://pbs.twimg.com/media/FTtIMRKXsAoWxVr?format=jpg&name=large')]",free,"🎉 Thursday night at SFTHQ! 🚀 Join us for a night of innovation, creativity, and camaraderie. Don't miss out on the fun! #SFTHQRise #TechLovers #InnovateTogether #ConnectWithLikeMinds"
305,2022-01-10 14:30:00,537,bayer04_en,"[Photo(previewUrl='https://pbs.twimg.com/media/FIu2ucNX0AUn0LT?format=jpg&name=small', fullUrl='https://pbs.twimg.com/media/FIu2ucNX0AUn0LT?format=jpg&name=large')]",bayer,"🎉 Monday Morning Motivation! Ready to take on the day? Let's make it count with #Bayer. Stay focused, stay strong, and remember, every day is a new opportunity to grow and succeed. Let's #BeTheChange. #WorkHardPlayHard #MondayMotivation #StayHealthy #StaySane #StayFit #StayStrong #StayCreative #StayDetermined #StayPositive #StayConfident #StayInspired #StayMotivated #StayProductive #Stay"
2628,2022-12-05 00:15:36,7635,KyivIndependent,"[Video(thumbnailUrl='https://pbs.twimg.com/ext_tw_video_thumb/1599557920852680705/pu/img/YvkNU6zh8w7z35CQ.jpg', variants=[VideoVariant(contentType='video/mp4', url='https://video.twimg.com/ext_tw_video/1599557920852680705/pu/vid/480x270/v74u3EuHgg4rh9zX.mp4?tag=12', bitrate=256000), VideoVariant(contentType='application/x-mpegURL', url='https://video.twimg.com/ext_tw_video/1599557920852680705/pu/pl/Q8RcKUKN9HUyLflV.m3u8?tag=12&container=fmp4', bitrate=None)], duration=91.183, views=200336)]",independent,"🚀 #MondayMotivation #StayInKyiv #KyivIndependence 🇺🇦✨ Whether you're a local or a visitor, Kyiv is your home away from home. Let's make this week extraordinary together! #Travel #ExploreKyiv 🌟 #KyivanLife #KyvianDreams 🌆 #Kyivist #Traveler #Traveling #TravelTips #TravelGoals #TravelAdventures #TravelBlogs #TravelPhotography #TravelJournal #"
8966,2021-06-22 16:32:37,66,CBCNS,"[Photo(previewUrl='https://pbs.twimg.com/media/E4gBABcXIAMAOp9?format=jpg&name=small', fullUrl='https://pbs.twimg.com/media/E4gBABcXIAMAOp9?format=jpg&name=large')]",cbc,🎉Stay tuned for the latest news and insights from across Canada with CBC News! 🚀 #CBCNS #CBCCanada #CBCNews #StayInformed
4514,2022-07-10 02:00:00,76,astroonline,"[Video(thumbnailUrl='https://pbs.twimg.com/ext_tw_video_thumb/1545328156181413889/pu/img/sx0kqUga-WRJZuh-.jpg', variants=[VideoVariant(contentType='video/mp4', url='https://video.twimg.com/ext_tw_video/1545328156181413889/pu/vid/320x320/d4LmI6ZxIo8rAnX1.mp4?tag=12', bitrate=432000), VideoVariant(contentType='application/x-mpegURL', url='https://video.twimg.com/ext_tw_video/1545328156181413889/pu/pl/rV6B8oLaprfnj7NA.m3u8?tag=12&container=fmp4', bitrate=None), VideoVariant(contentType='video/mp4', url='https://video.twimg.com/ext_tw_video/1545328156181413889/pu/vid/720x720/e2PWm7r5uPU_ZtL3.mp4?tag=12', bitrate=1280000), VideoVariant(contentType='video/mp4', url='https://video.twimg.com/ext_tw_video/1545328156181413889/pu/vid/540x540/XZ1DerRuxGFbUYFR.mp4?tag=12', bitrate=832000)], duration=23.405, views=9933)]",astro,🎉 Sunday Specials at Astro Online! 🌟 Get 20% off your first order and enjoy free shipping on all orders over $50. Don't miss out on the best deals of the day! #AstroOnline #SundaySpecials #ShopNow
5911,2021-11-10 23:36:46,0,EmersonLotzia,"[Photo(previewUrl='https://pbs.twimg.com/media/FD3qP3TWUAI_m73?format=jpg&name=small', fullUrl='https://pbs.twimg.com/media/FD3qP3TWUAI_m73?format=jpg&name=large')]",emerson,🎉 Wednesday night is here! 🌙✨ Let's dive into the weekend with #Emerson's latest adventures. Stay tuned for more surprises! 🚀 #StayTuned #FollowEmerson #SocialMediaLife #WednesdayNight #AdventureTime #ConnectWithEmerson
8314,2021-03-14 23:55:05,19,TimHortons,"[Photo(previewUrl='https://pbs.twimg.com/media/EwejINjWUAAOtKc?format=jpg&name=small', fullUrl='https://pbs.twimg.com/media/EwejINjWUAAOtKc?format=jpg&name=large')]",tim hortons,"🎉 Sunday night at Tim Hortons! 🍕✨ Whether you're craving a classic cup of coffee or a hearty cheeseburger, we've got you covered. #TimHorton's #SundayNight #CoffeeAndCheese"
3101,2021-09-21 19:52:39,979,PrimatureRwanda,"[Photo(previewUrl='https://pbs.twimg.com/media/E_1XZPaVgAUeWgP?format=jpg&name=small', fullUrl='https://pbs.twimg.com/media/E_1XZPaVgAUeWgP?format=jpg&name=large'), Photo(previewUrl='https://pbs.twimg.com/media/E_1XajvVcAwuUek?format=jpg&name=small', fullUrl='https://pbs.twimg.com/media/E_1XajvVcAwuUek?format=jpg&name=large'), Photo(previewUrl='https://pbs.twimg.com/media/E_1Xb8wVkA4Uhmd?format=jpg&name=small', fullUrl='https://pbs.twimg.com/media/E_1Xb8wVkA4Uhmd?format=jpg&name=large'), Photo(previewUrl='https://pbs.twimg.com/media/E_1XdMaVEAkMZmi?format=jpg&name=small', fullUrl='https://pbs.twimg.com/media/E_1XdMaVEAkMZmi?format=jpg&name=large')]",pm,🎉 Tuesday night at 9 PM! #StayTuned for #Primature's latest #TechRevolution. Don't miss out on the #Innovation that's shaking up the #TechScene! #TechLovers #TechGeeks #TechSavvy #TechNerd #TechGuru #TechWhiz #TechGenius #TechMaster #TechMaven #TechPro #TechStar #TechLegend #TechIcon #TechQueen #TechGod #TechHero #Tech
5704,2021-11-10 00:57:56,4748,PatMcAfeeShow,"[Gif(thumbnailUrl='https://pbs.twimg.com/tweet_video_thumb/FDyzO0vXoAM0CTC.jpg', variants=[VideoVariant(contentType='video/mp4', url='https://video.twimg.com/tweet_video/FDyzO0vXoAM0CTC.mp4', bitrate=0)])]",mcafee,🚨Stay safe and secure with McAfee! 🚨 #Cybersecurity #ProtectYourDigitalLife #StayInControl #StaySafe #TechSavvy #McafeeShow #SecurityIsTheNewNormal
3899,2022-05-23 15:21:22,5457,redbullracing,"[Photo(previewUrl='https://pbs.twimg.com/media/FTc9ANLX0Acy_ou?format=jpg&name=small', fullUrl='https://pbs.twimg.com/media/FTc9ANLX0Acy_ou?format=jpg&name=large'), Photo(previewUrl='https://pbs.twimg.com/media/FTc9BoCWYAIFfWN?format=jpg&name=small', fullUrl='https://pbs.twimg.com/media/FTc9BoCWYAIFfWN?format=jpg&name=large'), Photo(previewUrl='https://pbs.twimg.com/media/FTc9C01XwAEYxeZ?format=jpg&name=small', fullUrl='https://pbs.twimg.com/media/FTc9C01XwAEYxeZ?format=jpg&name=large'), Photo(previewUrl='https://pbs.twimg.com/media/FTc9DzcWUAIvkxN?format=jpg&name=small', fullUrl='https://pbs.twimg.com/media/FTc9DzcWUAIvkxN?format=jpg&name=large')]",red bull,🎉Wake up to the adrenaline of Red Bull Racing! Ready to take on the day? #RedBullRacing #MondayMotivation #AdrenalineBoost #GetUpAndGo #RiseAndShine
5441,2022-11-15 13:56:26,31,ASUSIndia,"[Photo(previewUrl='https://pbs.twimg.com/media/FhnBoS9aUAQRFAE?format=jpg&name=small', fullUrl='https://pbs.twimg.com/media/FhnBoS9aUAQRFAE?format=jpg&name=large')]",asus,🎉Stay ahead of the curve with ASUS! 🚀 Upgrade your tech with our latest innovations. #TechRevolution #ASUSTechnology #UpgradeYourLife
7931,2021-01-20 16:56:21,120,IWV,"[Gif(thumbnailUrl='https://pbs.twimg.com/tweet_video_thumb/EsMK_J9XIAIuIRy.jpg', variants=[VideoVariant(contentType='video/mp4', url='https://video.twimg.com/tweet_video/EsMK_J9XIAIuIRy.mp4', bitrate=0)])]",independent,🎉 Wednesdays are the best days of the week! 🌍✨ #IWV #WednesdayMotivation #StayPositive #WorkLifeBalance #MotivationMonday
622,2021-10-18 16:40:14,123,motorolaindia,"[Photo(previewUrl='https://pbs.twimg.com/media/FB_uWAHUcAke7xa?format=jpg&name=small', fullUrl='https://pbs.twimg.com/media/FB_uWAHUcAke7xa?format=jpg&name=large')]",motorola,"👋 Hey everyone! Ready to kickstart your Monday? 🚀 At Motorola, we're all about pushing the boundaries of what's possible. Whether you're on the go or at home, we've got you covered with our latest innovations. #Motorola #MondayMotivation #TechSavvy #InnovateNow"
7236,2021-11-14 07:55:18,2251,nojumper,"[Photo(previewUrl='https://pbs.twimg.com/media/FEI5H-KVEAcBCgM?format=jpg&name=small', fullUrl='https://pbs.twimg.com/media/FEI5H-KVEAcBCgM?format=jpg&name=large')]",no,"🎉 Sunday morning vibes! Ready to jumpstart your day with #NoJumper? 🏃💨 Whether you're hitting the gym, catching up with friends, or just lounging at home, let's get moving together! #StayActive #FitnessGoals #SundayMornings #Workout #HealthyLifestyle #MotivationMonday #StayFit #FitnessJunkie #MotivateMe #GetFit #HealthyHabits"
2499,2021-11-15 13:30:00,7,ASUS_ROG_IN,"[Photo(previewUrl='https://pbs.twimg.com/media/FEO9I2sUUAI9OGs?format=jpg&name=small', fullUrl='https://pbs.twimg.com/media/FEO9I2sUUAI9OGs?format=jpg&name=large')]",asus,🎉 Monday Morning Motivation! Ready to take on the day? ASUS ROG is here to boost your performance with our latest gaming gear. #ASUSROG #MondayMotivation #GamingGear #TechGuru
714,2022-10-23 11:33:08,0,IndependentNGR,"[Photo(previewUrl='https://pbs.twimg.com/media/FfwETGVacAE5uRU?format=jpg&name=small', fullUrl='https://pbs.twimg.com/media/FfwETGVacAE5uRU?format=jpg&name=large')]",independent,"Happy Sunday, everyone! 🌞 Whether you're catching up with friends, relaxing at home, or heading out for the day, remember to #BeIndependent. Let's make the most of this beautiful day together! #IndependentLife #SundayRoutine #StayCreative"
8404,2021-11-17 11:55:00,66,EuroLeague,"[Video(thumbnailUrl='https://pbs.twimg.com/media/FEWNL78WUAQchff.jpg', variants=[VideoVariant(contentType='video/mp4', url='https://video.twimg.com/amplify_video/1460728536734466051/vid/320x320/fOl9aBaJ8OWBE-tl.mp4?tag=14', bitrate=432000), VideoVariant(contentType='video/mp4', url='https://video.twimg.com/amplify_video/1460728536734466051/vid/720x720/ChTF3uOBuDNenpNO.mp4?tag=14', bitrate=1280000), VideoVariant(contentType='application/x-mpegURL', url='https://video.twimg.com/amplify_video/1460728536734466051/pl/snbRAZWGTVg2jqJs.m3u8?tag=14&container=fmp4', bitrate=None), VideoVariant(contentType='video/mp4', url='https://video.twimg.com/amplify_video/1460728536734466051/vid/540x540/0o8rg8jdfeuMYhbi.mp4?tag=14', bitrate=832000)], duration=102.697, views=4046)]",turkish airlines,"🚀 Ready to soar with @TurkishAirlines? 🚀 Whether you're in the heart of Europe or beyond, we've got you covered. 🌍✈️ Book your flight now and let's take off together! #TravelWithTurkish Airlines #EuroLeague #FlyTurkish #ExploreTheWorld"
2856,2021-01-20 21:17:21,6171,CNN,"[Video(thumbnailUrl='https://pbs.twimg.com/amplify_video_thumb/1352001002543616001/img/RtZHT5NOo3fo7YAF.jpg', variants=[VideoVariant(contentType='video/mp4', url='https://video.twimg.com/amplify_video/1352001002543616001/vid/640x360/5J8j1RflwrnBmc11.mp4?tag=13', bitrate=832000), VideoVariant(contentType='application/x-mpegURL', url='https://video.twimg.com/amplify_video/1352001002543616001/pl/xM1hHsUuyyu78ADw.m3u8?tag=13', bitrate=None), VideoVariant(contentType='video/mp4', url='https://video.twimg.com/amplify_video/1352001002543616001/vid/480x270/WoU9edqPbFPsl03B.mp4?tag=13', bitrate=288000), VideoVariant(contentType='video/mp4', url='https://video.twimg.com/amplify_video/1352001002543616001/vid/1280x720/7KUfgZb0w_79U7PG.mp4?tag=13', bitrate=2176000)], duration=85.65, views=160514)]",cnn,🎉Stay tuned for the latest news and breaking stories from all over the world. #CNN #BreakingNews #StayInformed
4270,2022-03-01 19:00:06,23,BlackBerry,"[Photo(previewUrl='https://pbs.twimg.com/media/FMyTZiTWYAc8NzS?format=png&name=small', fullUrl='https://pbs.twimg.com/media/FMyTZiTWYAc8NzS?format=png&name=large')]",blackberry,"🎉Stay ahead of the curve with BlackBerry! 🚀 Whether you're working from home, on the go, or in the office, BlackBerry is here to help you stay connected and productive. #BlackBerry #StayConnected #WorkAnywhere"
2909,2021-02-26 13:00:08,0,AAAOklahoma,"[Photo(previewUrl='https://pbs.twimg.com/media/EvJ38cCXMAASjel?format=jpg&name=small', fullUrl='https://pbs.twimg.com/media/EvJ38cCXMAASjel?format=jpg&name=large')]",aaa,"🎉 Friday is here, and so is the perfect time to kick back, relax, and enjoy the best of Oklahoma! 🌄✨ Whether you're in Oklahoma City, Tulsa, or anywhere in between, there's always something to see and do. #OklahomaLovesYou #FridayIsHere"
8081,2021-06-02 03:25:09,0,ciscoapac,"[Video(thumbnailUrl='https://pbs.twimg.com/amplify_video_thumb/1399930030780817408/img/ZBT11QfjgUa9HVjR.jpg', variants=[VideoVariant(contentType='video/mp4', url='https://video.twimg.com/amplify_video/1399930030780817408/vid/720x720/3pHPO2WBhYg29wSr.mp4?tag=14', bitrate=1280000), VideoVariant(contentType='video/mp4', url='https://video.twimg.com/amplify_video/1399930030780817408/vid/540x540/JDc4mPXuV7vMh2nP.mp4?tag=14', bitrate=832000), VideoVariant(contentType='video/mp4', url='https://video.twimg.com/amplify_video/1399930030780817408/vid/320x320/BXcquK5xEEJ6l38m.mp4?tag=14', bitrate=432000), VideoVariant(contentType='application/x-mpegURL', url='https://video.twimg.com/amplify_video/1399930030780817408/pl/-WQGYJUQUe_wHStp.m3u8?tag=14', bitrate=None)], duration=10.0, views=19)]",cisco,🚀Stay ahead of the game with Cisco's latest innovations! 🚀 #CiscoAPAC #TechSavvy #InnovateNow #StayConnected
4517,2021-06-15 07:59:01,246,Robwilliams71,"[Photo(previewUrl='https://pbs.twimg.com/media/E36IUMHXEAMmukG?format=jpg&name=small', fullUrl='https://pbs.twimg.com/media/E36IUMHXEAMmukG?format=jpg&name=large')]",williams,"**Tweet:** 🌟 Tuesday is here, and so is a new chapter in my journey. Let's make this week count! #MondayMotivation #StayPositive #RobWilliams71"
1262,2021-03-15 17:42:57,6,AMCtvUK,"[Photo(previewUrl='https://pbs.twimg.com/media/Ewibr99WUAEUkJF?format=jpg&name=small', fullUrl='https://pbs.twimg.com/media/Ewibr99WUAEUkJF?format=jpg&name=large')]",amc,Monday night at AMC is the perfect time to unwind with a great movie! 📺🍿 #MovieNight #StayTuned AMCtvUK #1700pm #FilmFestivals
3161,2021-07-20 16:38:02,132,BornFreeFDN,"[Photo(previewUrl='https://pbs.twimg.com/media/E6wOwOaXMAMio70?format=jpg&name=small', fullUrl='https://pbs.twimg.com/media/E6wOwOaXMAMio70?format=jpg&name=large')]",free,"Hey friends! 🌟 Today's a great day to be #BornFree! 🚀 Whether you're in the office, at home, or on the go, let's make the most of our time together. Remember, every moment is an opportunity to #LiveFree. Let's make it count! 💪 #SocialMedia #FreeTime #EngageWithFriends #LiveLifeToTheFullest"
971,2021-08-14 09:39:49,217,IndependentSage,"[Video(thumbnailUrl='https://pbs.twimg.com/ext_tw_video_thumb/1426477599723769857/pu/img/dxknmBpXrIId5C1t.jpg', variants=[VideoVariant(contentType='application/x-mpegURL', url='https://video.twimg.com/ext_tw_video/1426477599723769857/pu/pl/MwL78eJTJxKUn7-S.m3u8?tag=12&container=fmp4', bitrate=None), VideoVariant(contentType='video/mp4', url='https://video.twimg.com/ext_tw_video/1426477599723769857/pu/vid/640x360/DZhH6ThotlF8QNyD.mp4?tag=12', bitrate=832000), VideoVariant(contentType='video/mp4', url='https://video.twimg.com/ext_tw_video/1426477599723769857/pu/vid/1280x720/UnE5cnjY0NKuAX3c.mp4?tag=12', bitrate=2176000), VideoVariant(contentType='video/mp4', url='https://video.twimg.com/ext_tw_video/1426477599723769857/pu/vid/480x270/zztFEPimil-UZ8JN.mp4?tag=12', bitrate=256000)], duration=128.24, views=7746)]",independent,"🎉 Saturday Morning Bliss! 🌟 Whether you're a morning person or a night owl, this is the perfect time to kickstart your day with a cup of coffee and some good ol' IndependentSage vibes. #Independent #Sage #MorningRoutine #StartYourDayRight"
3913,2021-02-21 14:54:30,17218,FCBarcelona,"[Photo(previewUrl='https://pbs.twimg.com/media/EuwiGgAXAAQs_Yh?format=jpg&name=small', fullUrl='https://pbs.twimg.com/media/EuwiGgAXAAQs_Yh?format=jpg&name=large')]",fc barcelona,🎉 Sunday at FCBarcelona 🇸🇪! 🏃🏃🏃 Let's #DreamTeam together! 🚀 #FCB 🌟 #Barça 🏠 #Football #TeamSpirit #SupportFCB #Matchday1721 📈 #Goals #GoalsForTheGlobe 🌍 #BarcelonaDreams #BarcaDreams 🏴󠁧󠁢󠁥󠁮󠁬󠁯�
5199,2023-01-18 12:41:07,0,IndependentNGR,"[Photo(previewUrl='https://pbs.twimg.com/media/FmwWLBRaYAQ6wbP?format=jpg&name=small', fullUrl='https://pbs.twimg.com/media/FmwWLBRaYAQ6wbP?format=jpg&name=large')]",independent,"Happy Wednesday, everyone! 🌟 Check out our latest post on independent thinking and the power of unique perspectives. #Innovate #Independent #WednesdayMotivation #ThinkDifferently #UniqueApproach #InspireChange"
8847,2022-02-17 21:00:01,66,HoloLens,"[Photo(previewUrl='https://pbs.twimg.com/media/FL07xCkWQAw-FqH?format=jpg&name=small', fullUrl='https://pbs.twimg.com/media/FL07xCkWQAw-FqH?format=jpg&name=large')]",microsoft,🚨Stay ahead of the game with Microsoft HoloLens! Experience a new level of collaboration and creativity in real-time. #Innovation #TechRevolution #StayHoloAware
260,2021-11-28 00:31:06,119,CBCOlympics,"[Video(thumbnailUrl='https://pbs.twimg.com/amplify_video_thumb/1464753059192459268/img/eSSrAHe7vQfC7JAO.jpg', variants=[VideoVariant(contentType='application/x-mpegURL', url='https://video.twimg.com/amplify_video/1464753059192459268/pl/8PdrYlDIPWPlWhX4.m3u8?tag=14&container=fmp4', bitrate=None), VideoVariant(contentType='video/mp4', url='https://video.twimg.com/amplify_video/1464753059192459268/vid/1280x720/0gP1yNTiWgJpvHx2.mp4?tag=14', bitrate=2176000), VideoVariant(contentType='video/mp4', url='https://video.twimg.com/amplify_video/1464753059192459268/vid/480x270/Vklf1JXIlAM2FKhq.mp4?tag=14', bitrate=288000), VideoVariant(contentType='video/mp4', url='https://video.twimg.com/amplify_video/1464753059192459268/vid/640x360/ahlhc-xTpk2czyVN.mp4?tag=14', bitrate=832000)], duration=63.941, views=19057)]",cbc,🌟CBC Olympics 🏃‍♂️🏃‍♀️ Get ready for the ultimate weekend adventure! Tune in at 12:30 PM EST to witness the best athletes from around the world compete. Don't miss out on the excitement! #CBCSports #OlympicGames #StayHomeStaySafe
3791,2021-08-18 08:52:24,157,thefrontbar7,"[Photo(previewUrl='https://pbs.twimg.com/media/E9D6RlUVIAUbFmL?format=jpg&name=small', fullUrl='https://pbs.twimg.com/media/E9D6RlUVIAUbFmL?format=jpg&name=large')]",bar,"🎉 Wednesdays at the Front Bar! 🌟 Join us for a night of delicious cocktails, live music, and a fun atmosphere. Don't miss out on the best night of the week! #FrontBar7 #WednesdayNight #LiveMusic #DineDrinkDive"
9203,2021-02-07 11:00:32,282,wwf_uk,"[Photo(previewUrl='https://pbs.twimg.com/media/EtnmW-ZXEAA6qU9?format=jpg&name=small', fullUrl='https://pbs.twimg.com/media/EtnmW-ZXEAA6qU9?format=jpg&name=large')]",wwf,🌞 Sunday morning vibes! 🌞 #WWF_uk #NatureLovesUs #SaveTheWildlife #ProtectThePlanet #BeTheChange #GoGreen #SustainableLiving #LoveTheWild #NatureIsBeautiful #ProtectOurPlanet #GoForGood #GreenLiving #EcoFriendly #StayWild #BeWild #WildlifeLovers #SaveAnimals #SaveNature #SaveLife #SaveEarth #SaveOurWorld #SaveBiodiversity #SaveForests #Save
488,2021-12-04 14:12:55,3934,redbullracing,"[Photo(previewUrl='https://pbs.twimg.com/media/FFxOtKBWYAsgt9F?format=jpg&name=small', fullUrl='https://pbs.twimg.com/media/FFxOtKBWYAsgt9F?format=jpg&name=large')]",oracle,🎉 #RedBullRacing 🚀 #SaturdayAfternoon 🌞 #Motorsport #SpeedLovers 🚗💨 #RacingNews 🏃🏃🏃 #TeamRedbull 🚴‍♂️🏃‍♀️ #F1 #Formula1 #RedbullRacingTeam 🏠🏁 #TrackDay 🛹💨 #SportingLife 🌟 #Motivation 💪💪 #Rallying 🚨🚨 #R
7908,2021-12-17 14:51:48,160,PNCchampionship,"[Video(thumbnailUrl='https://pbs.twimg.com/ext_tw_video_thumb/1471855587860303878/pu/img/wuxVSdWNDCgkK9cY.jpg', variants=[VideoVariant(contentType='video/mp4', url='https://video.twimg.com/ext_tw_video/1471855587860303878/pu/vid/540x540/q4Z1VE0CHX_Zw1j6.mp4?tag=12', bitrate=832000), VideoVariant(contentType='video/mp4', url='https://video.twimg.com/ext_tw_video/1471855587860303878/pu/vid/320x320/Lwzs5HZU9A0qng5c.mp4?tag=12', bitrate=432000), VideoVariant(contentType='video/mp4', url='https://video.twimg.com/ext_tw_video/1471855587860303878/pu/vid/720x720/ltTz-c3rGljowxxU.mp4?tag=12', bitrate=1280000), VideoVariant(contentType='application/x-mpegURL', url='https://video.twimg.com/ext_tw_video/1471855587860303878/pu/pl/p1QL90f342pFWvpP.m3u8?tag=12&container=fmp4', bitrate=None)], duration=6.677, views=15233)]",pnc,"🎉 Friday is here, and so is the PNC Championship! 🏃🏃💨 #PNCChampionship #FridayFestivals #SportsLovers #StayHomeStaySafe 🏄🏃🏃 #WinWithPNC 🚀🚀 #TeamPNC #SupportLocal #ConnectWithUs #StayHealthy #StayActive #ProudToBeACheerleader 🌟🌟🌟 #CommunityFirst #TogetherWeCan #StrongerTogether #StaySafeAtHome #P"
519,2022-08-08 13:23:53,391,eric_d_williams,"[Photo(previewUrl='https://pbs.twimg.com/media/FZpE0GlVUAE_IlT?format=jpg&name=small', fullUrl='https://pbs.twimg.com/media/FZpE0GlVUAE_IlT?format=jpg&name=large')]",williams,"Monday's here, and so is a fresh chance to shine! 🌟 Whether you're looking to boost your online presence or just want to spread some positivity, let's make the most of this new day together! #MondayMotivation #SocialMediaMarketing #StayPositive #EricDWilliams"
8343,2022-08-10 02:00:34,2,EMR_Automation,"[Photo(previewUrl='https://pbs.twimg.com/media/FZw7miRXkAEBEBO?format=jpg&name=small', fullUrl='https://pbs.twimg.com/media/FZw7miRXkAEBEBO?format=jpg&name=large')]",emerson,"🎉 Wednesday is here, and it's time to automate the way you work! 🚀 #EmersonAutomation #TechSavvy #ProductivityBoost #StayConnected #WorkEffortlessly #InnovateNow"
312,2022-07-26 15:20:26,875,IBMResearch,"[Photo(previewUrl='https://pbs.twimg.com/media/FYmi09gXoAQV3Vt?format=jpg&name=small', fullUrl='https://pbs.twimg.com/media/FYmi09gXoAQV3Vt?format=jpg&name=large')]",ibm,🌟Stay ahead of the curve with IBM Research! 🚀 Discover the future of technology today. #Innovation #IBMResearch #TechTalk #FutureOfThings
3232,2021-04-22 23:00:01,1,lanebryant,"[Photo(previewUrl='https://pbs.twimg.com/media/EznQsPbXIAMfNLD?format=jpg&name=small', fullUrl='https://pbs.twimg.com/media/EznQsPbXIAMfNLD?format=jpg&name=large')]",lane bryant,🎉 Thursday night at Lane Bryant! 🌟 Shop our latest collection and get 20% off your first purchase. #LaneBryant #ThursdayNight #ShopNow
7933,2022-08-07 09:00:00,792,monsterhunter,"[Video(thumbnailUrl='https://pbs.twimg.com/ext_tw_video_thumb/1556202287063769090/pu/img/gMLmhUk2LR1fuluV.jpg', variants=[VideoVariant(contentType='video/mp4', url='https://video.twimg.com/ext_tw_video/1556202287063769090/pu/vid/1280x720/NAPy7ukItRwFxzxt.mp4?tag=12', bitrate=2176000), VideoVariant(contentType='video/mp4', url='https://video.twimg.com/ext_tw_video/1556202287063769090/pu/vid/480x270/P0bsneyEIeCI9Htx.mp4?tag=12', bitrate=256000), VideoVariant(contentType='video/mp4', url='https://video.twimg.com/ext_tw_video/1556202287063769090/pu/vid/640x360/n4LlWdRCPADiATaL.mp4?tag=12', bitrate=832000), VideoVariant(contentType='application/x-mpegURL', url='https://video.twimg.com/ext_tw_video/1556202287063769090/pu/pl/FbDIMCrt_oTT1olv.m3u8?tag=12&container=fmp4', bitrate=None)], duration=18.251, views=24674)]",monster,🚨Monster Hunter Time! 🌞 Join us for the ultimate weekend adventure at @monsterhuntersaturday. Don't miss out on the fun! #MonsterHunters #AdventureTime #SundayNight #StayTuned
7458,2021-07-17 16:41:16,41,ericpalicki,"[Gif(thumbnailUrl='https://pbs.twimg.com/tweet_video_thumb/E6gyuS9VgAEAVD5.jpg', variants=[VideoVariant(contentType='video/mp4', url='https://video.twimg.com/tweet_video/E6gyuS9VgAEAVD5.mp4', bitrate=0)])]",aa,Hey folks! 🌟 It's time to unwind and relax on Saturday. Let's kick off the day with a refreshing drink and some delicious food. Remember to stay hydrated and have a great time! 🍹🍹🍹 #aa #saturday #relaxing #foodie #drinks #healthy #enjoyinglife
9784,2022-09-12 16:13:23,192,PatMcAfeeShow,"[Photo(previewUrl='https://pbs.twimg.com/media/Fcd7Ks0aMAADUy0?format=jpg&name=small', fullUrl='https://pbs.twimg.com/media/Fcd7Ks0aMAADUy0?format=jpg&name=large')]",mcafee,👋 Hey everyone! It's time to #StaySafe with McAfee. Let's protect ourselves and our loved ones from cyber threats. Don't miss out on the latest updates and tips to keep your digital world secure. #TechSafety #CyberSecurity #StayInformed
5184,2022-01-08 14:17:01,0,AAASouthJersey,"[Photo(previewUrl='https://pbs.twimg.com/media/FIlf7nHXsAENjwg?format=jpg&name=small', fullUrl='https://pbs.twimg.com/media/FIlf7nHXsAENjwg?format=jpg&name=large')]",aaa,"🎉 Saturday in South Jersey! 🏖️ Whether you're at the beach, enjoying a picnic, or hitting the trails, #AAASouthernJersey is here to make your day extra special. #SouthJersey #FunInTheSun 🌞 #Travel #Explore #Vacation #SouthEastCoast #BBQ #OutdoorLife #TravelTips #TravelGoals #Traveler #Traveling #TravelAdventures #TravelBlog #TravelPhotography #TravelJournal #"
8077,2022-07-16 15:31:15,106,cbcgem,"[Photo(previewUrl='https://pbs.twimg.com/media/FXzFZbgVEAEqHW8?format=jpg&name=small', fullUrl='https://pbs.twimg.com/media/FXzFZbgVEAEqHW8?format=jpg&name=large')]",cbc,🎉Stay tuned for the latest news and insights from @CBCGem! Join us at 6pm for a special event. #CBCGem #CBCNews #StayInformed
6502,2022-10-20 09:53:01,111,MichelinGuideUK,"[Video(thumbnailUrl='https://pbs.twimg.com/ext_tw_video_thumb/1583032700386041856/pu/img/TAEFiDn5PjNuVGs6.jpg', variants=[VideoVariant(contentType='video/mp4', url='https://video.twimg.com/ext_tw_video/1583032700386041856/pu/vid/480x270/fxMbBbpCljqjHWLH.mp4?tag=12', bitrate=256000), VideoVariant(contentType='video/mp4', url='https://video.twimg.com/ext_tw_video/1583032700386041856/pu/vid/640x360/GBrGIsTMjsZhEB4U.mp4?tag=12', bitrate=832000), VideoVariant(contentType='application/x-mpegURL', url='https://video.twimg.com/ext_tw_video/1583032700386041856/pu/pl/N3xkue7OHgtuK0L3.m3u8?tag=12&container=fmp4', bitrate=None), VideoVariant(contentType='video/mp4', url='https://video.twimg.com/ext_tw_video/1583032700386041856/pu/vid/1280x720/eHGfw4AMDqAf6IY8.mp4?tag=12', bitrate=2176000)], duration=136.233, views=9976)]",michelin,Hey Michelin fans! 🌟 Just got back from a thrilling culinary adventure in Paris! #MichelinStars #DiningInParis #FoodLovers #TravelGoals #EpicureanExperiences #ParisianDelights #TasteTheWorld
6791,2023-02-02 02:19:41,151,JJWilliamsWON,"[Photo(previewUrl='https://pbs.twimg.com/media/Fn7XxVgXEAAvRUb?format=png&name=small', fullUrl='https://pbs.twimg.com/media/Fn7XxVgXEAAvRUb?format=png&name=large')]",williams,"🎉 Thursday is here, and so is the perfect opportunity to shine! 🌟 Whether you're looking to boost your reach or just want to share a fun fact, let's make this Thursday extra special together! #ThursdayIsHere #SocialMediaMagic #EngageWithJJWilliams #StayInTheLoop"
7773,2022-11-21 05:33:35,0,IndependentNGR,"[Photo(previewUrl='https://pbs.twimg.com/media/FiEIHD3aUAAhflb?format=jpg&name=small', fullUrl='https://pbs.twimg.com/media/FiEIHD3aUAAhflb?format=jpg&name=large')]",independent,🎉 Monday Morning Motivation! Ready to kickstart your week with a fresh start? Let's make it a great one! #MondayMotivation #StartYourDayRight
2738,2022-03-19 08:52:23,1738,PaytmTickets,"[Video(thumbnailUrl='https://pbs.twimg.com/ext_tw_video_thumb/1505104857849802755/pu/img/XAJBhA0ZRXkXVxdT.jpg', variants=[VideoVariant(contentType='video/mp4', url='https://video.twimg.com/ext_tw_video/1505104857849802755/pu/vid/480x480/rBK07WTfyHqfvIbU.mp4?tag=12', bitrate=832000), VideoVariant(contentType='video/mp4', url='https://video.twimg.com/ext_tw_video/1505104857849802755/pu/vid/320x320/cChfNmS_zBcQCVT8.mp4?tag=12', bitrate=432000), VideoVariant(contentType='application/x-mpegURL', url='https://video.twimg.com/ext_tw_video/1505104857849802755/pu/pl/yF7dYKtMpqL7LFA3.m3u8?tag=12&container=fmp4', bitrate=None)], duration=12.515, views=23776)]",paytm,"🎉 Saturday morning, kickstart your day with Paytm! 🛍️ #Paytm #StartYourDayWithPaytm 🌟 #TechLife #TechSavvy #TechGuru #TechLover #TechEnthusiast #TechFanatic #TechGeek #TechNerd #TechYoutuber #TechBlogger #TechWriter #TechDesigner #TechDeveloper #TechProgrammer #TechEngineer #TechIntern #TechStudent #TechProfessional #Tech"
7842,2022-11-03 15:01:33,0,IndependentNGR,"[Photo(previewUrl='https://pbs.twimg.com/media/FgpdfQGaYAEKi4l?format=jpg&name=small', fullUrl='https://pbs.twimg.com/media/FgpdfQGaYAEKi4l?format=jpg&name=large')]",independent,"🎉 Thursday is here, and so is the chance to shine! 🌟 Whether you're looking to boost your online presence or just want to share a fun fact, let's make this Thursday extra special together! #ThursdayIsHere #SocialMediaMagic #StayPositive #ConnectWithLikeMinds"
6262,2021-12-19 14:48:23,2,MitsubishiHVAC,"[Video(thumbnailUrl='https://pbs.twimg.com/media/FG-nUGyXwAM75i7.jpg', variants=[VideoVariant(contentType='video/mp4', url='https://video.twimg.com/amplify_video/1472579484230590471/vid/480x270/dpfaXHmShlbRHvZX.mp4?tag=14', bitrate=288000), VideoVariant(contentType='video/mp4', url='https://video.twimg.com/amplify_video/1472579484230590471/vid/640x360/JWvDRhrTAwaTY4Xr.mp4?tag=14', bitrate=832000), VideoVariant(contentType='application/x-mpegURL', url='https://video.twimg.com/amplify_video/1472579484230590471/pl/_t0mPsCCg9cGXjU9.m3u8?tag=14&container=fmp4', bitrate=None), VideoVariant(contentType='video/mp4', url='https://video.twimg.com/amplify_video/1472579484230590471/vid/1280x720/b9vQf83rvo_Mv7_U.mp4?tag=14', bitrate=2176000)], duration=227.52, views=136)]",trane,"🌞 Happy Sunday, Trane family! 🌞 Whether you're chilling at home or out and about, stay cozy and comfortable with our latest innovations. #Trane #HVAC #SundayRoutine #StayComfortable"
8206,2021-07-19 19:16:04,87,BerryCathal,"[Photo(previewUrl='https://pbs.twimg.com/media/E6rpMpHXIAo_okC?format=jpg&name=small', fullUrl='https://pbs.twimg.com/media/E6rpMpHXIAo_okC?format=jpg&name=large'), Photo(previewUrl='https://pbs.twimg.com/media/E6rpMoMXIAEue2a?format=jpg&name=small', fullUrl='https://pbs.twimg.com/media/E6rpMoMXIAEue2a?format=jpg&name=large')]",td,"Happy Monday, everyone! 🌞 Let's kick off our day with a #MondayMotivation! Ready to tackle the rest of the week? Let's do it! 💪 #StartYourDayStrong #MondayGoals #WorkFromHome #StayPositive #MotivationMonday"
1248,2021-11-16 12:45:21,16,EuroLeague,"[Video(thumbnailUrl='https://pbs.twimg.com/media/FEUOqlhWUAEZOEC.jpg', variants=[VideoVariant(contentType='application/x-mpegURL', url='https://video.twimg.com/amplify_video/1460588629911351304/pl/DlNxY2CM4_xnd74_.m3u8?tag=14&container=fmp4', bitrate=None), VideoVariant(contentType='video/mp4', url='https://video.twimg.com/amplify_video/1460588629911351304/vid/540x540/zzGFi-Xpv4MvTiCz.mp4?tag=14', bitrate=832000), VideoVariant(contentType='video/mp4', url='https://video.twimg.com/amplify_video/1460588629911351304/vid/720x720/lz6R9LWX1biJrwSd.mp4?tag=14', bitrate=1280000), VideoVariant(contentType='video/mp4', url='https://video.twimg.com/amplify_video/1460588629911351304/vid/320x320/OLjh8C3Xg-DpW6zv.mp4?tag=14', bitrate=432000)], duration=222.056, views=3705)]",turkish airlines,"✈️ #TravelWithTurkishAirlines 🇹🇷 Whether you're in the heart of Europe or exploring new destinations, let us take you on an unforgettable journey with us. 🌍✨ #FlyTurkish Airlines #EuroLeague #ExploreTheWorld"
9336,2021-07-13 04:00:07,31,BlackBerry,"[Photo(previewUrl='https://pbs.twimg.com/media/E6JeJgKXIAIDyYx?format=jpg&name=small', fullUrl='https://pbs.twimg.com/media/E6JeJgKXIAIDyYx?format=jpg&name=large')]",blackberry,"🎉Stay ahead of the curve with BlackBerry! 🚀 Whether you're working from home, on the go, or in the office, BlackBerry is here to help you stay connected and productive. #BlackBerry #StayConnected #WorkAnywhere"
4195,2021-11-19 16:23:04,3,McAfee_Home,"[Photo(previewUrl='https://pbs.twimg.com/media/FEkdSt0XwAkvCiT?format=jpg&name=small', fullUrl='https://pbs.twimg.com/media/FEkdSt0XwAkvCiT?format=jpg&name=large')]",mcafee,"🚨Stay safe and secure with McAfee! 🚨 Whether you're at home or on the go, McAfee is your trusted partner in protecting your digital life. Don't let cyber threats get in the way of your Friday! #StaySafe #CyberSecurity #McAfeefriday"
8001,2022-11-07 05:00:05,2882,ASTRO_Staff,"[Photo(previewUrl='https://pbs.twimg.com/media/Fg75ol0UUAA17HD?format=jpg&name=small', fullUrl='https://pbs.twimg.com/media/Fg75ol0UUAA17HD?format=jpg&name=large')]",astro,🚀 **Monday Morning Motivation**: Ready to take on the week? Let's make it awesome! 💪 #AstroStaff #MondayMotivation #GetMotivated #StartTheDayRight
7378,2021-09-15 15:11:50,5043,DemonSlayerUSA,"[Photo(previewUrl='https://pbs.twimg.com/media/E_VcbbXWUAAwjod?format=jpg&name=small', fullUrl='https://pbs.twimg.com/media/E_VcbbXWUAAwjod?format=jpg&name=large')]",no,"🎉Hey everyone! Ready to kickstart your week with Demon Slayer's unique blend of action, adventure, and heart? 🌟 Join us on Wednesday, March 17th, at 3 PM ET, for a special event! Don't miss out on the chance to be a part of something truly special. #DemonicSlayer #ActionAdventure #StayTuned #JoinUs #WednesdayMarch17 #3PMET #Like4Likes #EngageWithUs #D"
3435,2021-06-14 01:32:36,70,cbcnewsbc,"[Photo(previewUrl='https://pbs.twimg.com/media/E3zlhtfVUAEOcN8?format=jpg&name=small', fullUrl='https://pbs.twimg.com/media/E3zlhtfVUAEOcN8?format=jpg&name=large')]",cbc,"👋 Good morning, Canada! Ready to dive into the day with #CBCNewsbc's latest news and insights. Tune in or follow us on Twitter to stay ahead of the curve. #StayInformed #MondayMotivation #CBC #CBCnews #CBCtv #CBCradio #CBCsports #CBCpolitics #CBCscience #CBCtechnology #CBCtravel #CBChealth #CBCeducation #CBCarts #CBCmusic #CBCfilm #CBCliterature #CBChistory #CBCsociety #CBC"
5382,2021-11-18 10:12:10,213,RebeccaTVnews,"[Photo(previewUrl='https://pbs.twimg.com/media/FEd-zePWQAAjHAe?format=jpg&name=small', fullUrl='https://pbs.twimg.com/media/FEd-zePWQAAjHAe?format=jpg&name=large')]",williams,"🎉 Thursday is here, and so is the perfect time to catch up with Rebecca TV News! 📺✨ Tune in to learn the latest in entertainment and stay ahead of the curve. Don't miss out on the #Rebeccatvnews revolution! #StayInformed #EntertainmentNews"
959,2021-06-17 06:04:11,112,barandbench,"[Photo(previewUrl='https://pbs.twimg.com/media/E4EBGb5VUAQUmXE?format=png&name=small', fullUrl='https://pbs.twimg.com/media/E4EBGb5VUAQUmXE?format=png&name=large')]",bar,🎉 Thursday night at @BarAndBench! 🍺🍻 Tune in for our special Thursday night event. Don't miss out on the fun! #ThursdayNight #BenchAndBar #StayTuned
417,2022-03-07 00:55:06,6,ChantalOnAir,"[Photo(previewUrl='https://pbs.twimg.com/media/FNNUmLbXwAQBZl6?format=jpg&name=small', fullUrl='https://pbs.twimg.com/media/FNNUmLbXwAQBZl6?format=jpg&name=large')]",desjardins,🎉 Monday Morning Motivation! Ready to kickstart your week with a fresh start? Let's make it happen! #StartYourDayStrong #MondayMotivation #DesJardins
5742,2021-05-06 12:30:08,45,ASTROGamingJP,"[Photo(previewUrl='https://pbs.twimg.com/media/E0tGxnfXEAcnQR9?format=jpg&name=small', fullUrl='https://pbs.twimg.com/media/E0tGxnfXEAcnQR9?format=jpg&name=large')]",astro,"🎉 Thursday is here, and so is the #ASTROgamingJP adventure! Ready to dive into the world of gaming? Let's play, chat, and have fun together! 🎮💬 #AstroGaming #GamerLife #ConnectWithASTRO"
6728,2021-10-20 17:29:51,44,ArlanWasHere,"[Photo(previewUrl='https://pbs.twimg.com/media/FCKM4ZAVEAMs5mp?format=jpg&name=small', fullUrl='https://pbs.twimg.com/media/FCKM4ZAVEAMs5mp?format=jpg&name=large')]",free,"🎉Hey friends! Today's Wednesday, and what better way to kick off the day than with a dose of free vibes? Let's make the most of the day, shall we? #FreeVibes #WednesdayWisdom"
4382,2022-11-17 12:04:32,59,EuroLeague,"[Photo(previewUrl='https://pbs.twimg.com/media/Fhw6oaTWAAIsUGT?format=jpg&name=small', fullUrl='https://pbs.twimg.com/media/Fhw6oaTWAAIsUGT?format=jpg&name=large')]",turkish airlines,"🚀 Discover the magic of flight with @TurkishAirlines! 🚀 Whether you're in the heart of Europe or beyond, we're here to make your journey unforgettable. Dive into the world with us! #TravelWithTurkish Airlines #ExploreTheWorld"
5197,2022-09-05 16:51:04,0,IndependentNGR,"[Photo(previewUrl='https://pbs.twimg.com/media/Fb6AwRkaMAAnBn7?format=jpg&name=small', fullUrl='https://pbs.twimg.com/media/Fb6AwRkaMAAnBn7?format=jpg&name=large')]",independent,🎉 Monday Morning Motivation! Ready to kickstart your week with a fresh start? Let's make it a great day! 🌟 #MondayMotivation #StartYourDayRight #IndependentNGN 📈 #PositiveVibes #MotivationMonday
1113,2021-03-11 08:20:01,4,OpelSA,"[Photo(previewUrl='https://pbs.twimg.com/media/EwL0f-3XYAEi8uL?format=jpg&name=small', fullUrl='https://pbs.twimg.com/media/EwL0f-3XYAEi8uL?format=jpg&name=large')]",opel,"Hey OpelSA fans! 🚗💨 Let's gear up for the weekend with our latest model, the all-new Insignia! Stay tuned for more updates and don't miss out on our special offers. #OpelSASaturday #Insignia2023 #DriveWithOpel #StayConnected"
2689,2022-09-12 10:01:34,599,CameronDLWalker,"[Photo(previewUrl='https://pbs.twimg.com/media/Fccl-kDXgAI4js1?format=jpg&name=small', fullUrl='https://pbs.twimg.com/media/Fccl-kDXgAI4js1?format=jpg&name=large')]",cameron,"Hey Cameron, it's Monday morning! Can't wait to kickstart the week with #MondayMotivation. What's your #MondayRoutine like? Let's #StayMotivated together! 🌟✨ #FitnessGoals #MotivationMonday #StartTheDayRight"
6473,2021-05-07 03:53:13,406,Tesla_Asia,"[Photo(previewUrl='https://pbs.twimg.com/media/E0waCpfWUAEH6KJ?format=jpg&name=small', fullUrl='https://pbs.twimg.com/media/E0waCpfWUAEH6KJ?format=jpg&name=large'), Photo(previewUrl='https://pbs.twimg.com/media/E0waCpjWUAEvIzP?format=jpg&name=small', fullUrl='https://pbs.twimg.com/media/E0waCpjWUAEvIzP?format=jpg&name=large'), Photo(previewUrl='https://pbs.twimg.com/media/E0waCqsWYAIHeiy?format=jpg&name=small', fullUrl='https://pbs.twimg.com/media/E0waCqsWYAIHeiy?format=jpg&name=large')]",tesla,"🎉 Friday is here, and so is the perfect time to explore the future of transportation with Tesla! 🚗💨 #TeslaAsia #FutureOfTransportation #Innovate #DriveSustainable #ConnectWithTesla"
8820,2021-11-05 16:40:14,71,CBCOlympics,"[Video(thumbnailUrl='https://pbs.twimg.com/amplify_video_thumb/1456661650203762696/img/_ZxwKzKwQbEUH0LC.jpg', variants=[VideoVariant(contentType='video/mp4', url='https://video.twimg.com/amplify_video/1456661650203762696/vid/480x270/_AQoMHM7cCPcsnrB.mp4?tag=14', bitrate=288000), VideoVariant(contentType='video/mp4', url='https://video.twimg.com/amplify_video/1456661650203762696/vid/640x360/5ge89idUuMAveVuz.mp4?tag=14', bitrate=832000), VideoVariant(contentType='video/mp4', url='https://video.twimg.com/amplify_video/1456661650203762696/vid/1280x720/gwUTHplrUTPBQ7JT.mp4?tag=14', bitrate=2176000), VideoVariant(contentType='application/x-mpegURL', url='https://video.twimg.com/amplify_video/1456661650203762696/pl/t5h-89BK6gXKWUAp.m3u8?tag=14&container=fmp4', bitrate=None)], duration=14.622, views=2487)]",cbc,"🎉Stay tuned for the best of the best! 🏃🏃‍♀️🏃♂️ Join us at the @OlympicGames on Friday, May 23rd at 4:30 PM ET. #CBCSports #Olympia2021 #StayHomeStaySafe"
7808,2022-02-01 19:31:32,56,KingCountyMetro,"[Photo(previewUrl='https://pbs.twimg.com/media/FKiE_50VIAEk51n?format=jpg&name=small', fullUrl='https://pbs.twimg.com/media/FKiE_50VIAEk51n?format=jpg&name=large')]",metro,🚨Stay connected with us on Tuesday night at 9 PM! Join us for a special virtual event. Don't miss out on this opportunity to learn something new and connect with like-minded individuals. #StayConnected #VirtualEvent #LearnAndConnect #Metro #TuesdayNight #StayTuned
3411,2021-02-07 03:46:22,18580,PatMcAfeeShow,"[Gif(thumbnailUrl='https://pbs.twimg.com/tweet_video_thumb/EtmC_RFWQAIQJ1F.jpg', variants=[VideoVariant(contentType='video/mp4', url='https://video.twimg.com/tweet_video/EtmC_RFWQAIQJ1F.mp4', bitrate=0)])]",mcafee,🚨Stay safe and secure with McAfee! 🚨 #Cybersecurity #ProtectYourFamily #StaySafe #McAfeeyouneed #TechSavvy #SecurityIsTheNewNormal #StayInControl
81,2022-10-17 02:45:38,163,CaseyTheVA,"[Video(thumbnailUrl='https://pbs.twimg.com/ext_tw_video_thumb/1581838403607199744/pu/img/JzKkdOmh9BezP1CI.jpg', variants=[VideoVariant(contentType='video/mp4', url='https://video.twimg.com/ext_tw_video/1581838403607199744/pu/vid/480x270/4KWWYHhv7-iKRTyh.mp4?tag=12', bitrate=256000), VideoVariant(contentType='application/x-mpegURL', url='https://video.twimg.com/ext_tw_video/1581838403607199744/pu/pl/ttoMEFHR3N7SjDnO.m3u8?tag=12', bitrate=None), VideoVariant(contentType='video/mp4', url='https://video.twimg.com/ext_tw_video/1581838403607199744/pu/vid/640x360/krBIGA8R_QDWtprw.mp4?tag=12', bitrate=832000), VideoVariant(contentType='video/mp4', url='https://video.twimg.com/ext_tw_video/1581838403607199744/pu/vid/1280x720/9nolHWm6NdO9ZR5W.mp4?tag=12', bitrate=2176000)], duration=44.528, views=3300)]",arc,"👋Hey Monday warriors! Ready to kickstart your week with a fresh start? 🌟 Whether you're in the office or at home, let's make the most of this new day! #MondayMotivation #StartYourDayStrong #ArcTheVA"
4614,2021-08-07 02:37:16,65,CBCOlympics,"[Photo(previewUrl='https://pbs.twimg.com/media/E8J63OXVEAEGN_r?format=jpg&name=small', fullUrl='https://pbs.twimg.com/media/E8J63OXVEAEGN_r?format=jpg&name=large')]",cbc,🎉Stay tuned for the best moments of the day at CBC! 🏃🏃💨 #CBCSports #StayHomeStaySafe 🚨🚨 #CBC #OlympicGames #StayAtHome #StayActive #StayConnected #StayHealthy #StayStrong #StayInformed #StaySafe #StayFit #StayTogether #StayUnited #StayCBC #StayBC #StayCanada #StayAthletic #StayCreative #StayInspired #StayEducated #StayEntertained #Stay
1374,2022-03-03 21:37:49,45,MNPDNashville,"[Photo(previewUrl='https://pbs.twimg.com/media/FM9KjD-XwAYsK8r?format=jpg&name=small', fullUrl='https://pbs.twimg.com/media/FM9KjD-XwAYsK8r?format=jpg&name=large'), Photo(previewUrl='https://pbs.twimg.com/media/FM9KlDsWUAQBhDV?format=jpg&name=small', fullUrl='https://pbs.twimg.com/media/FM9KlDsWUAQBhDV?format=jpg&name=large')]",metro,"🎉 Thursday night in Nashville! 🌟 Whether you're a music lover, a foodie, or just looking for a night out, Nashville is the place to be! 🎵🍴 #NASHVILLE #ThursdayNight #MusicLovers #FoodieFestivals #StayTunedForMore"
1510,2021-06-19 19:01:04,264,CBellRacing,"[Photo(previewUrl='https://pbs.twimg.com/media/E4RGNFIXMAIVPCw?format=jpg&name=small', fullUrl='https://pbs.twimg.com/media/E4RGNFIXMAIVPCw?format=jpg&name=large')]",bell,"🎉 Saturday night at @BellRacing! 🚀 Whether you're a seasoned pro or just starting your journey, join us for the ultimate weekend adventure. Don't miss out on the action! 🏃‍♂️🏃‍♀️ #BellRace #SaturdayNight #RacingLovers"
6443,2021-01-21 17:00:03,77,IBMData,"[Photo(previewUrl='https://pbs.twimg.com/media/EsRVn_lXUAYFsVG?format=png&name=small', fullUrl='https://pbs.twimg.com/media/EsRVn_lXUAYFsVG?format=png&name=large')]",ibm,"🎉 Thursday is here, and so is the #IBMData revolution! 🚀 Dive into the future of data with us. Let's make sense of the world around us. #IBM #DataScience #TechTalk #Innovate #ConnectWithUs"
3071,2022-08-09 18:43:04,1,IndependentNGR,"[Photo(previewUrl='https://pbs.twimg.com/media/FZvXdycUUAE7jn2?format=jpg&name=small', fullUrl='https://pbs.twimg.com/media/FZvXdycUUAE7jn2?format=jpg&name=large')]",independent,"Happy Tuesday, everyone! 🌟 Get ready for the day with #IndepDay! Whether you're in the office or out and about, let's #BeIndependent and make the most of the day ahead. Stay tuned for more #IndependentTips to help you navigate through the week. #IndependentLife #IndependentGoals #IndependentSuccess #IndependentCommunity #IndependentStyle #IndependentThoughts #IndependentAction #IndependentMindset #IndependentSpirit #IndependentEnergy #IndependentVibes #IndependentDreams"
3016,2022-03-24 16:30:05,3,SmallBizLady,"[Photo(previewUrl='https://pbs.twimg.com/media/FOoNoVBXEBIviZ0?format=jpg&name=small', fullUrl='https://pbs.twimg.com/media/FOoNoVBXEBIviZ0?format=jpg&name=large')]",emerson,🎉 Thursday at SmallBizLady HQ! 🚀 Ready to tackle the day with fresh ideas and innovative solutions for small businesses. Let's make a difference together! 🌟 #SmallBiz #SmallBusiness #Empowerment #Innovate #ConnectWithUs
4823,2021-09-21 16:59:55,10746,redbullracing,"[Video(thumbnailUrl='https://pbs.twimg.com/media/E_0umTXVcAUAyTd.jpg', variants=[VideoVariant(contentType='video/mp4', url='https://video.twimg.com/amplify_video/1440356659163893767/vid/640x360/V_0xcQopDXQDqA2P.mp4?tag=14', bitrate=832000), VideoVariant(contentType='application/x-mpegURL', url='https://video.twimg.com/amplify_video/1440356659163893767/pl/KTfeSNx5EA8A-WNN.m3u8?tag=14', bitrate=None), VideoVariant(contentType='video/mp4', url='https://video.twimg.com/amplify_video/1440356659163893767/vid/1280x720/bvKjAXv5AfOEyQYw.mp4?tag=14', bitrate=2176000), VideoVariant(contentType='video/mp4', url='https://video.twimg.com/amplify_video/1440356659163893767/vid/480x270/rXRoht4ECH8VbsDn.mp4?tag=14', bitrate=288000)], duration=50.28, views=166080)]",red bull,"🎉 #RedBullRacing is ready to take on the world! 🌍💨 Whether you're chasing your dreams or just looking for a boost, Red Bull is here to give you that extra push. Let's go! 🏃💨 #MotivationMonday #RiseAndShine"
7822,2021-03-15 01:25:44,80,Independent,"[Photo(previewUrl='https://pbs.twimg.com/media/Ewe8CYEXEAE7v2N?format=png&name=small', fullUrl='https://pbs.twimg.com/media/Ewe8CYEXEAE7v2N?format=png&name=large')]",independent,"Happy Monday, @Independent! Let's kickstart the week with a fresh start! 🌟 #MondayMotivation #StartYourDayStrong #IndependentBrand"
93,2021-02-27 14:41:01,977,CNNPolitics,"[Photo(previewUrl='https://pbs.twimg.com/media/EvPYoHLXEAMVKBY?format=png&name=small', fullUrl='https://pbs.twimg.com/media/EvPYoHLXEAMVKBY?format=png&name=large')]",cnn,🎉Stay tuned for the latest news from @CNN! 🌍 #CNNPolitics #BreakingNews #StayInformed
9421,2021-01-26 04:43:18,232,camjordan94,"[Gif(thumbnailUrl='https://pbs.twimg.com/tweet_video_thumb/Esoc8EOXUAE__wv.jpg', variants=[VideoVariant(contentType='video/mp4', url='https://video.twimg.com/tweet_video/Esoc8EOXUAE__wv.mp4', bitrate=0)])]",cameron,"**Tweet:**
Hey Cam Jordan! 🏃💨 Ready to take on the day? Let's make it count! 💪 #FitnessGoals #TuesdayMotivation #CamJordan94"
6600,2021-08-06 18:33:00,10976,redbullracing,"[Photo(previewUrl='https://pbs.twimg.com/media/E8HOlaYWEAYPv6g?format=jpg&name=small', fullUrl='https://pbs.twimg.com/media/E8HOlaYWEAYPv6g?format=jpg&name=large')]",oracle,🎉 Friday night at Red Bull Racing! 🚀 #RedBullRacing #F1 #Formula1 #Motorsport #Engineering #Speed #Innovation #Motivation #Racing 🚗💨 #Teamwork #Success #DreamsComeTrue #Motivate #Inspire #Rally 🏃💨 #Fitness #Health #Wellness #Motivational #Inspiration #Rise #Achieve #Success 🌟💪 #Motivating #Inspiring #
4443,2021-05-07 15:54:00,0,AAASouthJersey,"[Photo(previewUrl='https://pbs.twimg.com/media/E0y_B_6X0AcJ8o_?format=jpg&name=small', fullUrl='https://pbs.twimg.com/media/E0y_B_6X0AcJ8o_?format=jpg&name=large')]",aaa,"🎉 Friday is here, and so is the perfect time to kick back, relax, and enjoy the Jersey Shore! 🏖️🌊 Whether you're a local or a visitor, there's always something to see and do in South Jersey. Don't miss out on the fun! #SouthJersey #FridayIsHere #EnjoyTheJerseyLife"
7602,2021-04-01 17:17:03,90,PatMcAfeeShow,"[Video(thumbnailUrl='https://pbs.twimg.com/amplify_video_thumb/1377670575171198977/img/oXJ5Tthq-snmcxCA.jpg', variants=[VideoVariant(contentType='video/mp4', url='https://video.twimg.com/amplify_video/1377670575171198977/vid/1280x720/Ky25YLop2yad4UmA.mp4?tag=14', bitrate=2176000), VideoVariant(contentType='video/mp4', url='https://video.twimg.com/amplify_video/1377670575171198977/vid/480x270/mkf3aB42KhMBSmG6.mp4?tag=14', bitrate=288000), VideoVariant(contentType='video/mp4', url='https://video.twimg.com/amplify_video/1377670575171198977/vid/640x360/TUO-gq9pX3DKIVSg.mp4?tag=14', bitrate=832000), VideoVariant(contentType='application/x-mpegURL', url='https://video.twimg.com/amplify_video/1377670575171198977/pl/lDeOsRFSPdGV8I3p.m3u8?tag=14', bitrate=None)], duration=133.267, views=21219)]",mcafee,🚨Stay safe and secure with McAfee! 🚨 #Cybersecurity #ProtectYourFamily #StaySafe #McAfeeyouneed #TechSavvy #SecurityFirst #StayInControl
3835,2022-08-19 17:17:02,0,armnewsteam,"[Photo(previewUrl='https://pbs.twimg.com/media/Faijq3YXgAE19KM?format=png&name=small', fullUrl='https://pbs.twimg.com/media/Faijq3YXgAE19KM?format=png&name=large')]",arm,"🎉 Friday is here, and so is the #ArmNewTech! 🚀 Dive into the future of tech with us. Stay tuned for our latest updates and innovations. #TechLovers #Innovation #StayAhead"
9702,2021-08-01 10:42:46,189,CBCOlympics,"[Video(thumbnailUrl='https://pbs.twimg.com/media/E7swguVWQAM9kBE.jpg', variants=[VideoVariant(contentType='video/mp4', url='https://video.twimg.com/amplify_video/1421783418665324556/vid/480x270/TObAFYxgPGI08Z24.mp4?tag=14', bitrate=288000), VideoVariant(contentType='video/mp4', url='https://video.twimg.com/amplify_video/1421783418665324556/vid/1280x720/YT0rWxU6l5Bgov-S.mp4?tag=14', bitrate=2176000), VideoVariant(contentType='video/mp4', url='https://video.twimg.com/amplify_video/1421783418665324556/vid/640x360/SC48miZ09WCxCrqP.mp4?tag=14', bitrate=832000), VideoVariant(contentType='application/x-mpegURL', url='https://video.twimg.com/amplify_video/1421783418665324556/pl/LXaANr5szUE23zdl.m3u8?tag=14', bitrate=None)], duration=25.993, views=15682)]",cbc,🎉Stay tuned for the best moments of the day! 🏃🏃💨 #CBCSports #OlympicGames #StayHomeStaySafe #StayBC 🌟💪 #CBC #SportsLovers #Canada #CanadaLovesSports #StayActive #StayFit #StayHealthy #StayStrong #StayTogether #StayConnected #StayInformed #StayEducated #StayInspired #StayMotivated #StayCreative #StayDetermined #StayAdventurous #StayCurious #
4322,2021-12-16 22:05:45,177,what_eats_owls,"[Photo(previewUrl='https://pbs.twimg.com/media/FGwuEBDVQAU5avo?format=jpg&name=small', fullUrl='https://pbs.twimg.com/media/FGwuEBDVQAU5avo?format=jpg&name=large')]",home depot,"🎉 Thursday night at @HomeDepot, where innovation meets craftsmanship. #BuildYourDreamHome #DIY #Innovate #Craftsmanship #HomeAppliances #HomeDecor #HomeGarden #HomeKitchen #HomeBasement #HomeBathroom #HomeOffice #HomeLiving #HomeEntertainment #HomeSports #HomeFitness #HomeLearning #HomeTravel #HomeCooking #HomeCleaning #HomeMaintenance #HomeDecoration #HomeOrganization #HomeDesign #HomeSustainability #Home"
3394,2021-08-05 17:00:19,77,AMCTheatres,"[Photo(previewUrl='https://pbs.twimg.com/media/E8CtSe1XoAMvE31?format=jpg&name=small', fullUrl='https://pbs.twimg.com/media/E8CtSe1XoAMvE31?format=jpg&name=large')]",amc,🎉Stay tuned for the ultimate cinematic experience at AMC Theatres! Don't miss out on the latest blockbuster releases. Get ready for a night filled with excitement and entertainment. #AMCTheatres #MovieNight #StayTuned
4752,2021-10-21 15:38:13,444,bayer04_en,"[Photo(previewUrl='https://pbs.twimg.com/media/FCO86mpWQAMYxhy?format=jpg&name=small', fullUrl='https://pbs.twimg.com/media/FCO86mpWQAMYxhy?format=jpg&name=large')]",bayer,🎉Stay hydrated and energized with Bayer! 🚀 #Bayer #StayHealthy #StayActive #DrinkWater #StaySane #StayFit #StayStrong #StayBored #StayTired #StayHungry #StayThirsty #StayBusy #StayLazy #StayCalm #StayAnxious #StayConfident #StayDoubtful #StayPositive #StayNegative #StayCurious #StayInquisitive #StayIgnorant #StaySmart #Stay
7229,2022-05-29 15:33:46,315,WilliamsRacing,"[Photo(previewUrl='https://pbs.twimg.com/media/FT75qULWYAIRZKa?format=jpg&name=small', fullUrl='https://pbs.twimg.com/media/FT75qULWYAIRZKa?format=jpg&name=large')]",williams,"🎉 Sunday at Williams Racing! 🚗💨 Join us for a day filled with adrenaline, speed, and innovation. 🚀 Whether you're a fan, competitor, or just curious, we've got something for everyone. Don't miss out on the action! 🏃💨 #WilliamsRacing #SundayAtWilliams #Adrenaline #Speed #Innovation #Fan #Competitor #Curious #Action #EngageWithUs #FollowUsOnSocialMedia #WilliamsR"
9191,2021-11-03 09:05:06,118,hkfp,"[Photo(previewUrl='https://pbs.twimg.com/media/FDQfnADWQAARLT-?format=jpg&name=small', fullUrl='https://pbs.twimg.com/media/FDQfnADWQAARLT-?format=jpg&name=large')]",free,"Hey friends! 🌟 Today's Wednesday, kick off your week with a #HKFP twist! 🛰️ Whether you're in town or on the go, let's make the most of our time together. Remember, every moment is a chance to connect and create. Let's do it! 💪 #SocialMedia #ConnectWithHKFP"
2361,2022-09-17 21:07:34,0,IndependentNGR,"[Photo(previewUrl='https://pbs.twimg.com/media/Fc4uitHaUAU6860?format=jpg&name=small', fullUrl='https://pbs.twimg.com/media/Fc4uitHaUAU6860?format=jpg&name=large')]",independent,"🎉 Saturday night is here! 🌙✨ Whether you're chilling at home or out on the town, #IndependentNgR has got you covered. Stay tuned for all the latest from your favorite independent artists and brands. #Music #Culture #StayIndependent #FollowYourPassion"
1148,2021-03-19 20:47:29,744,monsterhunter,"[Photo(previewUrl='https://pbs.twimg.com/media/Ew3sHfYVgAErMCC?format=jpg&name=small', fullUrl='https://pbs.twimg.com/media/Ew3sHfYVgAErMCC?format=jpg&name=large')]",monster,"🎉 Friday night is here! 🌙 Monster hunters, get ready to explore the wilds of the night with us! #MonsterHunters #FridayNightIsHere #ExploreTheWilds #StayTuned"
5666,2022-01-12 04:00:01,1,ciscoapac,"[Photo(previewUrl='https://pbs.twimg.com/media/FI35Et2XwAIqSpQ?format=jpg&name=small', fullUrl='https://pbs.twimg.com/media/FI35Et2XwAIqSpQ?format=jpg&name=large')]",cisco,🚀Stay ahead of the game with Cisco's latest innovations! 🚀 #CiscoAPAC #TechSavvy #InnovateNow #StayConnected
8075,2021-07-11 15:36:16,44,Metro_Sport,"[Video(thumbnailUrl='https://pbs.twimg.com/ext_tw_video_thumb/1414243188898947075/pu/img/KJAfctMWB2uVSkpR.jpg', variants=[VideoVariant(contentType='application/x-mpegURL', url='https://video.twimg.com/ext_tw_video/1414243188898947075/pu/pl/UuGqTL8ZFpsCJciy.m3u8?tag=12&container=fmp4', bitrate=None), VideoVariant(contentType='video/mp4', url='https://video.twimg.com/ext_tw_video/1414243188898947075/pu/vid/352x640/DTnygGj9rXYpI3jv.mp4?tag=12', bitrate=950000), VideoVariant(contentType='video/mp4', url='https://video.twimg.com/ext_tw_video/1414243188898947075/pu/vid/320x580/W0_tzmMN7fuSzIcd.mp4?tag=12', bitrate=632000)], duration=32.549, views=88215)]",metro,"🌞 Sunday afternoon at Metro Sport! 🏃‍♂️🏃‍♀️ Let's get fit, stay healthy, and have fun! 💪 #FitnessSunday #StayActive #MetroSport #HealthyLifestyle"
4943,2021-07-14 20:08:07,83,Cisco,"[Video(thumbnailUrl='https://pbs.twimg.com/amplify_video_thumb/1415402725345476611/img/92VZdMnp2mPWcMvw.jpg', variants=[VideoVariant(contentType='video/mp4', url='https://video.twimg.com/amplify_video/1415402725345476611/vid/1024x512/8pU7E8rqFqNaGr1X.mp4?tag=14', bitrate=2176000), VideoVariant(contentType='video/mp4', url='https://video.twimg.com/amplify_video/1415402725345476611/vid/540x270/d7DWnf60_Gdxvwip.mp4?tag=14', bitrate=288000), VideoVariant(contentType='video/mp4', url='https://video.twimg.com/amplify_video/1415402725345476611/vid/720x360/qF09qM3EfcobamnA.mp4?tag=14', bitrate=832000), VideoVariant(contentType='application/x-mpegURL', url='https://video.twimg.com/amplify_video/1415402725345476611/pl/smLKHq9xkuyotO76.m3u8?tag=14', bitrate=None)], duration=8.0, views=3739)]",cisco,🚀Stay ahead of the game with Cisco! 🚀 #Cisco #StayConnected #TechSavvy #InnovateNow
3663,2021-03-03 19:35:49,70,PatMcAfeeShow,"[Video(thumbnailUrl='https://pbs.twimg.com/amplify_video_thumb/1367196622422233089/img/x9UtmKB1hu1jImmF.jpg', variants=[VideoVariant(contentType='video/mp4', url='https://video.twimg.com/amplify_video/1367196622422233089/vid/640x360/Mlcw58DbVoog668i.mp4?tag=13', bitrate=832000), VideoVariant(contentType='video/mp4', url='https://video.twimg.com/amplify_video/1367196622422233089/vid/1280x720/HcGgtmbrrSfHjdn5.mp4?tag=13', bitrate=2176000), VideoVariant(contentType='application/x-mpegURL', url='https://video.twimg.com/amplify_video/1367196622422233089/pl/1-0_k8nIg6xWOw2v.m3u8?tag=13', bitrate=None), VideoVariant(contentType='video/mp4', url='https://video.twimg.com/amplify_video/1367196622422233089/vid/480x270/87kVLQFPDnwkYr61.mp4?tag=13', bitrate=288000)], duration=121.567, views=14761)]",mcafee,🚨Stay safe and secure with McAfee! 🚨 #Cybersecurity #ProtectYourFamily #StaySafe #TechSavvy #McafeeShow #WednesdayNight #SecurityIsTheNewNormal
1563,2022-07-02 07:27:48,12234,redbullracing,"[Photo(previewUrl='https://pbs.twimg.com/media/FWpQcUCWQAAlFXI?format=jpg&name=small', fullUrl='https://pbs.twimg.com/media/FWpQcUCWQAAlFXI?format=jpg&name=large')]",red bull,"🎉 #RedBullRacing is ready to take on the weekend! 🌞 Whether you're chasing the sun or staying cool in the shade, Red Bull is here to keep you energized and ready to go. #Redbull #RiseAndShine #EnergizeTheDay"
4113,2021-10-01 15:29:36,30,BlackBerry,"[Video(thumbnailUrl='https://pbs.twimg.com/media/FAn7JUfWQAI98IY.jpg', variants=[VideoVariant(contentType='application/x-mpegURL', url='https://video.twimg.com/amplify_video/1443961084902350852/pl/BhVsHIFqFiUegWm1.m3u8?tag=14', bitrate=None), VideoVariant(contentType='video/mp4', url='https://video.twimg.com/amplify_video/1443961084902350852/vid/640x360/E9dZ0QzRrPXR62Ff.mp4?tag=14', bitrate=832000), VideoVariant(contentType='video/mp4', url='https://video.twimg.com/amplify_video/1443961084902350852/vid/480x270/63AkoyUTyQzjkOKu.mp4?tag=14', bitrate=288000), VideoVariant(contentType='video/mp4', url='https://video.twimg.com/amplify_video/1443961084902350852/vid/1280x720/NMhaD5HCbBzbRe2B.mp4?tag=14', bitrate=2176000)], duration=257.166, views=1348)]",blackberry,"🎉 Friday is here, and so is the #BlackBerry revolution! Stay connected, stay secure, and stay ahead with the best in mobile technology. #TechSavvy #StayConnected"
9050,2021-01-25 07:34:24,3,Shoprite_NG,"[Video(thumbnailUrl='https://pbs.twimg.com/amplify_video_thumb/1353599152400302080/img/nd5Z_l_nZUNBgKHY.jpg', variants=[VideoVariant(contentType='video/mp4', url='https://video.twimg.com/amplify_video/1353599152400302080/vid/320x320/5oSGml9YzL1mPg2b.mp4?tag=13', bitrate=432000), VideoVariant(contentType='video/mp4', url='https://video.twimg.com/amplify_video/1353599152400302080/vid/720x720/FDVcYl4GZQpF3S-8.mp4?tag=13', bitrate=1280000), VideoVariant(contentType='video/mp4', url='https://video.twimg.com/amplify_video/1353599152400302080/vid/480x480/Kbv7G4HgCtmf4Luz.mp4?tag=13', bitrate=832000), VideoVariant(contentType='application/x-mpegURL', url='https://video.twimg.com/amplify_video/1353599152400302080/pl/ZzG53LzA-x37VfnQ.m3u8?tag=13', bitrate=None)], duration=3.167, views=58)]",shoprite,🎉 Monday Morning Motivation! Ready to kickstart your week with a #Shoprite twist? 🛒 #WorkFromHome #StayHealthy #GetFit #MotivateMe #MondayMotivation #ShopRite #HealthyEating #FitnessGoals #WorkLifeBalance #StaySane #GoodMood #HealthyHabits #EatWell #DrinkWell #StayFit #StayStrong #HealthyLifestyle #HealthyChoices #HealthyLiving #HealthyMe #HealthyFuture #HealthyNow #
9276,2021-01-01 02:45:00,78,cbcnewsbc,"[Video(thumbnailUrl='https://pbs.twimg.com/amplify_video_thumb/1344771196089339904/img/KAwlnWGh2a_fA252.jpg', variants=[VideoVariant(contentType='video/mp4', url='https://video.twimg.com/amplify_video/1344771196089339904/vid/1280x720/B1rlJihmRCzjX0cE.mp4?tag=13', bitrate=2176000), VideoVariant(contentType='video/mp4', url='https://video.twimg.com/amplify_video/1344771196089339904/vid/480x270/IPvk2hGL6y_96Joo.mp4?tag=13', bitrate=288000), VideoVariant(contentType='video/mp4', url='https://video.twimg.com/amplify_video/1344771196089339904/vid/640x360/4_KpDoVtWoXpEeHj.mp4?tag=13', bitrate=832000), VideoVariant(contentType='application/x-mpegURL', url='https://video.twimg.com/amplify_video/1344771196089339904/pl/kUNb8y_mdbnfRyiJ.m3u8?tag=13', bitrate=None)], duration=82.115, views=5087)]",cbc,🎉Stay tuned for the latest news and insights from @CBCNewsbc! 🚀 #CBC #CBCNews #StayInformed
8538,2021-03-09 19:30:27,118,metrolosangeles,"[Photo(previewUrl='https://pbs.twimg.com/media/EwD6xA4XMAog1x1?format=jpg&name=small', fullUrl='https://pbs.twimg.com/media/EwD6xA4XMAog1x1?format=jpg&name=large')]",metro,🚨Stay tuned for #MetroLosAngeles' special Tuesday night event! Don't miss out on the best tunes and vibes. #MusicLovers #StayTuned
795,2022-02-21 23:08:57,375,cam_norrie,"[Photo(previewUrl='https://pbs.twimg.com/media/FMJ_n5JWYAU9-fK?format=jpg&name=small', fullUrl='https://pbs.twimg.com/media/FMJ_n5JWYAU9-fK?format=jpg&name=large')]",cameron,🎉Hey Cam! Ready to kickstart your week with a #MondayMotivation? Let's #StayMotivated together! #CamNorrie #FitnessGoals #MotivationMonday 🏃🏋️‍♀️💪 #HealthyHabits #Workout #StayStrong #FitnessLover #MotivationalMonday 🌟💪 #FitnessChallenge #MotivateMe #StayFit #HealthyLifestyle #FitnessMotivation #Motivated #FitnessCommunity #StayHealthy #FitnessJ
5854,2021-01-30 10:24:31,4997,SamsungNepal,"[Photo(previewUrl='https://pbs.twimg.com/media/Es-RYpVUYAAtFLh?format=jpg&name=small', fullUrl='https://pbs.twimg.com/media/Es-RYpVUYAAtFLh?format=jpg&name=large')]",samsung,🎉Stay ahead of the competition with Samsung's latest innovations! 🚀 #TechTalk #Innovate #Connectivity #SmartHome #StayConnected #TechLife #NepaliTech #Samsung #Innovation #TechGuru #TechLover #TechFan #TechEnthusiast #TechGeek #TechNerd #TechWhiz #TechGenius #TechMaster #TechMaven #TechPro #TechStar #TechSavvy #TechTrendsetter
7619,2021-03-26 20:12:14,73,TheFreeTradeInn,"[Photo(previewUrl='https://pbs.twimg.com/media/ExbnW1nXIAIFpkk?format=jpg&name=small', fullUrl='https://pbs.twimg.com/media/ExbnW1nXIAIFpkk?format=jpg&name=large')]",free,"🎉 Friday night at The Free Trade Inn! 🌍 Whether you're a local or just visiting, we've got you covered with delicious food, great drinks, and a cozy atmosphere. Don't miss out on the best night of the week! 🍽️🍻 #FreeTrade #FridayNight #EatDrinkLocal"
1594,2021-05-23 10:31:06,2246,CNN,"[Video(thumbnailUrl='https://pbs.twimg.com/amplify_video_thumb/1392910754085494788/img/dAWuZCmeNJXitIOf.jpg', variants=[VideoVariant(contentType='video/mp4', url='https://video.twimg.com/amplify_video/1392910754085494788/vid/1280x720/JuMtiQpqjvDeBE1x.mp4?tag=14', bitrate=2176000), VideoVariant(contentType='video/mp4', url='https://video.twimg.com/amplify_video/1392910754085494788/vid/480x270/oquD2RmuRX3JeGWi.mp4?tag=14', bitrate=288000), VideoVariant(contentType='video/mp4', url='https://video.twimg.com/amplify_video/1392910754085494788/vid/640x360/xM_dh04i9lIdbIhn.mp4?tag=14', bitrate=832000), VideoVariant(contentType='application/x-mpegURL', url='https://video.twimg.com/amplify_video/1392910754085494788/pl/1yq7Rk2BG_vGsmTb.m3u8?tag=14', bitrate=None)], duration=62.062, views=1436919)]",cnn,🎉Stay tuned for the latest news and breaking stories at CNN! 🌍 #CNN #BreakingNews #StayInformed
7418,2022-02-09 05:00:19,0,ciscomiddleeast,"[Video(thumbnailUrl='https://pbs.twimg.com/amplify_video_thumb/1491275684412538880/img/RupPPyZvlkS2vlJu.jpg', variants=[VideoVariant(contentType='video/mp4', url='https://video.twimg.com/amplify_video/1491275684412538880/vid/480x270/oY9ALRhTZ26o1MI1.mp4?tag=14', bitrate=288000), VideoVariant(contentType='video/mp4', url='https://video.twimg.com/amplify_video/1491275684412538880/vid/1280x720/p0Qm-at-O5Qd2tF3.mp4?tag=14', bitrate=2176000), VideoVariant(contentType='application/x-mpegURL', url='https://video.twimg.com/amplify_video/1491275684412538880/pl/1ysjaMKkp438TsrE.m3u8?tag=14&container=fmp4', bitrate=None), VideoVariant(contentType='video/mp4', url='https://video.twimg.com/amplify_video/1491275684412538880/vid/640x360/GCnQNqMpm-TfYTk4.mp4?tag=14', bitrate=832000)], duration=34.367, views=19)]",cisco,"🚀Stay ahead of the game with Cisco's latest innovations! 🚀 Whether you're in the office or on the go, Cisco is here to help you connect, secure, and innovate. #Cisco #StayConnected #TechSavvy #InnovateNow"
5267,2022-03-06 05:31:30,243,amazonIN,"[Photo(previewUrl='https://pbs.twimg.com/media/FNJKI52acAMv_zG?format=png&name=small', fullUrl='https://pbs.twimg.com/media/FNJKI52acAMv_zG?format=png&name=large')]",amazon,"🌞 Sunday morning, kick off your day with a smile! 🌞 #AmazonIN #StartYourDayWithSmiles #GoodMorning #Amazon #Sunrise #EngageWithUs #ConnectWithUs"
7147,2022-07-30 05:42:20,200,cameronmoulene,"[Photo(previewUrl='https://pbs.twimg.com/media/FY5E3pkVsAANejk?format=jpg&name=small', fullUrl='https://pbs.twimg.com/media/FY5E3pkVsAANejk?format=jpg&name=large')]",cameron,🎉 Saturday is here! 🌟 What are you planning to do this weekend? Let me know in the comments below! #SaturdayGoals #StayHome #StaySafe #ConnectWithFriends
89,2021-08-16 09:15:03,3,ToyotaSD,"[Photo(previewUrl='https://pbs.twimg.com/media/E85sSkdWYAEps5L?format=png&name=small', fullUrl='https://pbs.twimg.com/media/E85sSkdWYAEps5L?format=png&name=large')]",toyota,"🎉 Monday Morning Motivation! Ready to kickstart your day with a smile? 🌟 At Toyota, we're here to make your ride as exciting as your journey. Let's go! #ToyotaSD #MondayMotivation #DriveWithUs"
8695,2022-02-23 12:00:03,595,SamsungMobile,"[Video(thumbnailUrl='https://pbs.twimg.com/media/FL4E2UNUcAE8cpi.jpg', variants=[VideoVariant(contentType='video/mp4', url='https://video.twimg.com/amplify_video/1494581985422888960/vid/540x540/eZGlviRU9ZrtSojJ.mp4?tag=14', bitrate=832000), VideoVariant(contentType='video/mp4', url='https://video.twimg.com/amplify_video/1494581985422888960/vid/320x320/FgFJT3gz5_vjqjJD.mp4?tag=14', bitrate=432000), VideoVariant(contentType='application/x-mpegURL', url='https://video.twimg.com/amplify_video/1494581985422888960/pl/Tt_9JQLXr2qu4rUL.m3u8?tag=14&container=fmp4', bitrate=None), VideoVariant(contentType='video/mp4', url='https://video.twimg.com/amplify_video/1494581985422888960/vid/720x720/jDPBMRmXSl3xaHSV.mp4?tag=14', bitrate=1280000)], duration=17.267, views=18292)]",samsung,🚀Stay ahead of the competition with Samsung Mobile! 🚀 #SamsungMobile #TechLovers #Innovate #Connectivity #SmartHome #TechGuru #FutureOfTech #TechRevolution #TechSavvy #TechGenius #TechWhiz #TechNerd #TechGeek #TechEnthusiast #TechFanatic #TechMaven #TechPro #TechMaster #TechStar #TechTitan #TechGod #TechLegend #TechHero #Tech
9732,2022-08-16 19:16:02,0,AAASouthJersey,"[Photo(previewUrl='https://pbs.twimg.com/media/FaTiIr4XkAIphx1?format=jpg&name=small', fullUrl='https://pbs.twimg.com/media/FaTiIr4XkAIphx1?format=jpg&name=large')]",aaa,"🎉 Tuesday night is here! 🌟 Join us in the #SouthJersey area for a night of fun, delicious food, and great vibes. Don't miss out on the action! 🚀 #AAASocialMedia #StayTuned #ConnectWithUs #EnjoyTheNight"
9446,2021-05-12 11:59:51,31,EuroLeague,"[Video(thumbnailUrl='https://pbs.twimg.com/media/E1L5WVdXIAYSVNP.jpg', variants=[VideoVariant(contentType='video/mp4', url='https://video.twimg.com/amplify_video/1392441142277464069/vid/320x320/kiGrXVMeg_flI4nm.mp4?tag=14', bitrate=432000), VideoVariant(contentType='application/x-mpegURL', url='https://video.twimg.com/amplify_video/1392441142277464069/pl/4seEoMi78AYJUhh_.m3u8?tag=14', bitrate=None), VideoVariant(contentType='video/mp4', url='https://video.twimg.com/amplify_video/1392441142277464069/vid/540x540/Pua0k0IyIn1kWw_o.mp4?tag=14', bitrate=832000), VideoVariant(contentType='video/mp4', url='https://video.twimg.com/amplify_video/1392441142277464069/vid/720x720/1VKwTlxcGMV97Rm4.mp4?tag=14', bitrate=1280000)], duration=50.68, views=2765)]",turkish airlines,"🌍✈️ #TurkishAirlines is here to make your #WednesdayEvening unforgettable! 🛰️ Whether you're in the heart of Istanbul or exploring the beautiful countryside, we've got you covered with the best in-flight entertainment, delicious food, and friendly service. Book your flight now and join us on a journey of adventure and relaxation. #TravelWithTurkishAirlines #BookNow #ExploreTheWorld"
6754,2021-06-20 15:13:01,0,AAASouthPenn,"[Photo(previewUrl='https://pbs.twimg.com/media/E4VbmgJWQAUmT2G?format=jpg&name=small', fullUrl='https://pbs.twimg.com/media/E4VbmgJWQAUmT2G?format=jpg&name=large')]",aaa,"🌞 Sunday afternoon in South Penn! 🌟 Ready to make the most of the day with #AAA, where we're all about making your life easier and more enjoyable. Let's get creative, stay connected, and make memories together! 🎨✨ #SouthPenn #AAACommunity #SundayAfternoon #StayConnected #MakeMemories"
3502,2021-01-21 17:27:01,0,AAAClubAlliance,"[Photo(previewUrl='https://pbs.twimg.com/media/EsRby8eXMAMMVtK?format=jpg&name=small', fullUrl='https://pbs.twimg.com/media/EsRby8eXMAMMVtK?format=jpg&name=large')]",aaa,🎉 #ThursdayNight #ClubAlliance #StayTuned! Join us at the AAA Club Alliance for an unforgettable night of entertainment and camaraderie. Don't miss out on the best night of the week! #Connect #Community #EnjoyTheNight #StayAtHome #StayActive #StayConnected #StayInTouch #StayHealthy #StaySafe #StayStrong #StayFit #StayHappy #StayMotivated #StayInspired #StayCreative #StayCurious #StayConfident #
2234,2022-11-24 14:40:56,110,METROFMSA,"[Photo(previewUrl='https://pbs.twimg.com/media/FiViJuBXwAAorul?format=jpg&name=small', fullUrl='https://pbs.twimg.com/media/FiViJuBXwAAorul?format=jpg&name=large'), Photo(previewUrl='https://pbs.twimg.com/media/FiViJuFXkAYwiLT?format=jpg&name=small', fullUrl='https://pbs.twimg.com/media/FiViJuFXkAYwiLT?format=jpg&name=large'), Photo(previewUrl='https://pbs.twimg.com/media/FiViJuHXoAAwiOG?format=jpg&name=small', fullUrl='https://pbs.twimg.com/media/FiViJuHXoAAwiOG?format=jpg&name=large'), Photo(previewUrl='https://pbs.twimg.com/media/FiViJupWIAAk8v7?format=jpg&name=small', fullUrl='https://pbs.twimg.com/media/FiViJupWIAAk8v7?format=jpg&name=large')]",sabc,"🎉Stay tuned for the latest news and updates from METROF MSA! 🚀 Join us on Thursday, April 15th, at 2 PM for a special event. Don't miss out on this opportunity to connect with us and learn more about our services. Remember to follow us on Twitter for exclusive content and updates. #METROFM #StayConnected #StayInformed"
2803,2022-01-17 08:30:11,97,renaultgroup,"[Photo(previewUrl='https://pbs.twimg.com/media/FJSm2zrWQAcs3t4?format=jpg&name=small', fullUrl='https://pbs.twimg.com/media/FJSm2zrWQAcs3t4?format=jpg&name=large')]",renault,"Monday morning, kickstart your day with Renault! 🚗💨 #Renault #MondayMotivation #DriveForward #StartYourDayWithRenault"
4424,2022-11-08 11:20:59,112,poetastrologers,"[Gif(thumbnailUrl='https://pbs.twimg.com/tweet_video_thumb/FhCa8pYXEAAx9fW.jpg', variants=[VideoVariant(contentType='video/mp4', url='https://video.twimg.com/tweet_video/FhCa8pYXEAAx9fW.mp4', bitrate=0)])]",astro,"🌟 Tuesday is here, and so is the perfect time to dive into the depths of the cosmos! 🌌✨ #Astrology #TuesdayTales #ExploreTheHeavens #ConnectWithTheStars #PoetAstrologers"
5663,2022-05-19 12:44:57,346,mtnug,"[Photo(previewUrl='https://pbs.twimg.com/media/FTHzG9NWIAEsbVe?format=jpg&name=small', fullUrl='https://pbs.twimg.com/media/FTHzG9NWIAEsbVe?format=jpg&name=large')]",mtn,"🚨Stay connected with #MtnUG on Thursday! 📺✨ Whether you're in the office, at home, or on the go, #StayMtn #StayConnected. Let's make the most of the day together! #TechLovers #TechGeeks #TechEnthusiasts #TechCommunity #TechLife #TechWorld #TechSavvy #TechGuru #TechNerd #TechWhiz #TechGenius #TechMaster #TechPro #Tech"
7170,2021-09-25 20:01:00,351,Verizon,"[Video(thumbnailUrl='https://pbs.twimg.com/media/FAJ_ugTUYAQOKIY.jpg', variants=[VideoVariant(contentType='video/mp4', url='https://video.twimg.com/amplify_video/1441855035139411970/vid/320x320/wmCpf0IszI2aLI4l.mp4?tag=14', bitrate=432000), VideoVariant(contentType='video/mp4', url='https://video.twimg.com/amplify_video/1441855035139411970/vid/720x720/AsdxUAg0ddqbP_52.mp4?tag=14', bitrate=1280000), VideoVariant(contentType='application/x-mpegURL', url='https://video.twimg.com/amplify_video/1441855035139411970/pl/suXSTEVye1cOQpfg.m3u8?tag=14', bitrate=None), VideoVariant(contentType='video/mp4', url='https://video.twimg.com/amplify_video/1441855035139411970/vid/540x540/AUIAHi0herwcJQ5U.mp4?tag=14', bitrate=832000)], duration=6.974, views=1099045)]",verizon,"🎉Stay connected and stay ahead with Verizon! Whether you're at home, at work, or on the go, we've got you covered. #Verizon #StayConnected #TechSavvy"
8337,2022-10-15 04:23:02,463,HeathBell21,"[Photo(previewUrl='https://pbs.twimg.com/media/FfFVIqfXEAAAADz?format=jpg&name=small', fullUrl='https://pbs.twimg.com/media/FfFVIqfXEAAAADz?format=jpg&name=large')]",bell,🚨Stay tuned for the latest in sports and entertainment! 🏟️🏆 #Heathbell21 #Sports #Entertainment #StayTuned #StayInShape #FitnessGoals #Motivation #MotivateMe #StayHealthy #HealthyHabits #StayStrong #StrongerTogether #TeamWorkout #WorkoutOfTheDay #Workouts #Fitness #Motivational #Motivating #Motivated #FitnessLover #FitnessEnthusiast #FitnessCommunity #Fitness
2148,2022-07-29 16:12:36,2957,redbullracing,"[Video(thumbnailUrl='https://pbs.twimg.com/media/FY2LUGcWAAAdmdj.jpg', variants=[VideoVariant(contentType='video/mp4', url='https://video.twimg.com/amplify_video/1553050386331832320/vid/640x360/klyFU6lUA1GOy21w.mp4?tag=14', bitrate=832000), VideoVariant(contentType='application/x-mpegURL', url='https://video.twimg.com/amplify_video/1553050386331832320/pl/cshNa3y-woq0ypOK.m3u8?tag=14&container=fmp4', bitrate=None), VideoVariant(contentType='video/mp4', url='https://video.twimg.com/amplify_video/1553050386331832320/vid/480x270/DP9Ne2osHXzJclIk.mp4?tag=14', bitrate=288000), VideoVariant(contentType='video/mp4', url='https://video.twimg.com/amplify_video/1553050386331832320/vid/1280x720/Wq3hh0Jablbst-gM.mp4?tag=14', bitrate=2176000)], duration=10.0, views=78164)]",oracle,🎉 Friday night at Red Bull Racing! 🚀 #RedBullRacing #F1 #Formula1 #Motorsport #Speed #Performance #Engineering #Innovation #Racing 🚗💨 #Tech #FutureOfSports #Inspiration #DreamsComeTrue #Motivation #Success #Achievement #Teamwork #Unity #Sportsmanship #Adventure #Excitement #Challenge #ChallengeYourself #Motivate #Inspire #Community #SocialMedia #Engage #
7969,2021-07-19 19:07:02,1,armnewsteam,"[Photo(previewUrl='https://pbs.twimg.com/media/E6rnRIJXEAUL-E4?format=png&name=small', fullUrl='https://pbs.twimg.com/media/E6rnRIJXEAUL-E4?format=png&name=large')]",arm,"👋Hey Monday warriors! Ready to kickstart your week with #ArmNewTech? 🚀 Whether it's coding, design, or innovation, we're all about pushing the boundaries of what's possible. Tune in to learn more and join us on this exciting journey! #TechLovers #Coding #Design #Innovation #MondayMotivation"
6551,2021-04-08 08:26:41,11,ICICIBank,"[Photo(previewUrl='https://pbs.twimg.com/media/EycCb72UUAMcX8u?format=jpg&name=small', fullUrl='https://pbs.twimg.com/media/EycCb72UUAMcX8u?format=jpg&name=large')]",icici bank,"Happy Thursday, everyone! 🌟 Check out our latest offer: 10% off on your first purchase with ICICI Bank. Use the code THURSDAY10 at checkout. #ICICI #ThursdayThemed #BankingRewards #MoneySavvy"
7643,2022-12-24 09:08:16,4,PfizerEUPolicy,"[Video(thumbnailUrl='https://pbs.twimg.com/ext_tw_video_thumb/1606577448455475200/pu/img/hopVlji66d7PWmHI.jpg', variants=[VideoVariant(contentType='video/mp4', url='https://video.twimg.com/ext_tw_video/1606577448455475200/pu/vid/540x540/2ak7pG0clwrVOyzh.mp4?tag=12', bitrate=832000), VideoVariant(contentType='application/x-mpegURL', url='https://video.twimg.com/ext_tw_video/1606577448455475200/pu/pl/uiO0AQMfalRSWvly.m3u8?tag=12&container=fmp4', bitrate=None), VideoVariant(contentType='video/mp4', url='https://video.twimg.com/ext_tw_video/1606577448455475200/pu/vid/320x320/V-nRCkzi3l5ILOXh.mp4?tag=12', bitrate=432000), VideoVariant(contentType='video/mp4', url='https://video.twimg.com/ext_tw_video/1606577448455475200/pu/vid/720x720/lij33aYfK99c6Wxa.mp4?tag=12', bitrate=1280000)], duration=15.0, views=69)]",pfizer,"Happy Saturday, everyone! 🌞 Let's #StayHealthy with Pfizer's latest innovations in #Medicine & #HealthTech. Stay tuned for more updates and #PfizersPromise. #HealthierFuture #StayWell #StayConnected. #StayHome #StaySafe #StayStrong. #HealthyLifestyle #HealthyLiving #HealthyFuture #HealthyWorld #HealthyPlanet #HealthyYou #HealthyFamily #HealthyCommunity #HealthyWorkplace #HealthySchool #HealthyHome #HealthyCity #Healthy"
6164,2021-06-07 14:27:24,205,barandbench,"[Photo(previewUrl='https://pbs.twimg.com/media/E3SUaBNVgAcmDKC?format=jpg&name=small', fullUrl='https://pbs.twimg.com/media/E3SUaBNVgAcmDKC?format=jpg&name=large')]",bar,🎉 Monday Morning Motivation! Ready to kickstart your day with #BarAndBench vibes? Let's #StayMotivated and #BeTheChange together! #MondayMotivation #StayFit #HealthyHabits
1495,2022-09-08 17:33:28,4570,cnni,"[Photo(previewUrl='https://pbs.twimg.com/media/FcJnOlYXoAgfxWV?format=jpg&name=small', fullUrl='https://pbs.twimg.com/media/FcJnOlYXoAgfxWV?format=jpg&name=large')]",cnn,🎉Stay tuned for the latest news from around the world! 🌍 #CNNi #BreakingNews #StayInformed
7696,2023-01-16 05:11:01,179,OfficialDMRC,"[Video(thumbnailUrl='https://pbs.twimg.com/ext_tw_video_thumb/1614852635785560069/pu/img/wRKpPVEKsezPqb01.jpg', variants=[VideoVariant(contentType='video/mp4', url='https://video.twimg.com/ext_tw_video/1614852635785560069/pu/vid/636x360/M4ju9_ObhD-cVo9O.mp4?tag=12', bitrate=832000), VideoVariant(contentType='video/mp4', url='https://video.twimg.com/ext_tw_video/1614852635785560069/pu/vid/848x480/0j1sHkxmGckfW7_t.mp4?tag=12', bitrate=2176000), VideoVariant(contentType='video/mp4', url='https://video.twimg.com/ext_tw_video/1614852635785560069/pu/vid/476x270/9oegJHh9_Zr9EyEF.mp4?tag=12', bitrate=256000), VideoVariant(contentType='application/x-mpegURL', url='https://video.twimg.com/ext_tw_video/1614852635785560069/pu/pl/43rgNtHkORa91P0R.m3u8?tag=12&container=fmp4', bitrate=None)], duration=43.843, views=9663)]",metro,Hey DMRC fans! Ready to kick off the week with a bang? 🚀 #DMRC #MondayMotivation #RideDMRC
7094,2022-05-06 21:25:21,5023,georgeeaton,"[Photo(previewUrl='https://pbs.twimg.com/media/FSGtkREXIAIJYQI?format=jpg&name=small', fullUrl='https://pbs.twimg.com/media/FSGtkREXIAIJYQI?format=jpg&name=large')]",eaton,"🎉 Friday night is here! 🌚 #GeorgEaton ✨ Whether you're chilling at home or out with the gang, let's #EatOn 🍳 #SocialMedia #FridayNight #StayTuned #EatonEats"
1409,2022-11-13 18:33:54,837,redbullracing,"[Photo(previewUrl='https://pbs.twimg.com/media/Fhdt_QVXwAQXnev?format=jpg&name=small', fullUrl='https://pbs.twimg.com/media/Fhdt_QVXwAQXnev?format=jpg&name=large')]",oracle,🎉 Sunday night at Red Bull Racing! 🚀 #RedBullRacing #Motorsport #F1 #Formula1 #Speed #Performance #Engineering #Tech #Innovation #RaceDay #SundayNight #RacingIsLife #Motivation #Inspiration #DreamsComeTrue
6691,2021-04-27 16:35:21,7,jessedee,"[Photo(previewUrl='https://pbs.twimg.com/media/Ez_olZWVcAE8muK?format=jpg&name=small', fullUrl='https://pbs.twimg.com/media/Ez_olZWVcAE8muK?format=jpg&name=large'), Photo(previewUrl='https://pbs.twimg.com/media/Ez_olp-VkAABGTv?format=jpg&name=small', fullUrl='https://pbs.twimg.com/media/Ez_olp-VkAABGTv?format=jpg&name=large'), Photo(previewUrl='https://pbs.twimg.com/media/Ez_ol7jVEAAAU2_?format=jpg&name=small', fullUrl='https://pbs.twimg.com/media/Ez_ol7jVEAAAU2_?format=jpg&name=large')]",desjardins,"🎉 Tuesday Twists! 🌟 Join us for a fun-filled day with @DesJardins, where we're all about innovation, community, and making dreams come true. Don't miss out on the action! #TuesdayTwists #Community #Innovation #DreamsComeTrue"
3401,2023-01-20 19:01:06,2,EMR_Automation,"[Photo(previewUrl='https://pbs.twimg.com/media/Fm8AU6PXEA839ks?format=jpg&name=small', fullUrl='https://pbs.twimg.com/media/Fm8AU6PXEA839ks?format=jpg&name=large')]",emerson,"🎉 Friday night is here, and so is the perfect time to automate your tasks with #EMRAutomation! Whether you're working from home or in the office, let us help you streamline your workflow. #EffortlessEfficiency #TechSavvy"
109,2022-07-10 18:28:42,284,wkamaubell,"[Photo(previewUrl='https://pbs.twimg.com/media/FXU0egNUUAAho_F?format=jpg&name=small', fullUrl='https://pbs.twimg.com/media/FXU0egNUUAAho_F?format=jpg&name=large')]",bell,"🎉 Sunday Night Vibes! 🌇 Whether you're chilling at home or out with the gang, let's make the most of the day. #SundayNight #StayHome #StaySafe #Bell #WKAMAUBELL"
5636,2022-04-05 11:30:00,331,amazonIN,"[Photo(previewUrl='https://pbs.twimg.com/media/FPkxpMOVUAMToLI?format=jpg&name=small', fullUrl='https://pbs.twimg.com/media/FPkxpMOVUAMToLI?format=jpg&name=large')]",amazon,"🎉 Tuesday is here, and so is the perfect time to shop with us! 🛍️ Whether you're looking for the latest tech gadgets or cozy home essentials, Amazon IN has got you covered. #ShopWithUs #AmazonIn #TechGadgets #HomeEssentials"
8482,2021-10-17 02:47:40,933,nojumper,"[Photo(previewUrl='https://pbs.twimg.com/media/FB3mMRgVIAM8V5A?format=jpg&name=small', fullUrl='https://pbs.twimg.com/media/FB3mMRgVIAM8V5A?format=jpg&name=large')]",no,"🌞 Sunday afternoons are perfect for #NoJumper adventures! 🏃💨 Whether you're chasing the sun or just lounging at home, there's always something fun to do. #StayActive #FitnessGoals #SundayAfternoon #EndlessPossibilities 🌟💪 #NoLimits #NoExcuses"
6604,2021-04-15 15:05:01,354,CBellRacing,"[Photo(previewUrl='https://pbs.twimg.com/media/EzBg1OQW8AI6EGl?format=jpg&name=small', fullUrl='https://pbs.twimg.com/media/EzBg1OQW8AI6EGl?format=jpg&name=large')]",bell,🚨Stay tuned for the #BellRacing action! 🚨 Join us at 4 PM for a thrilling weekend of racing action. Don't miss out on the action! #RacingLovers #StayTuned #BellRace #GetReadyForTheAction
1091,2021-06-14 13:54:54,349,PUMAHoops,"[Video(thumbnailUrl='https://pbs.twimg.com/ext_tw_video_thumb/1404223621669683206/pu/img/RhFMfwT8Kv70p8HO.jpg', variants=[VideoVariant(contentType='video/mp4', url='https://video.twimg.com/ext_tw_video/1404223621669683206/pu/vid/720x900/3ToCIc83JMrHAMst.mp4?tag=12', bitrate=2176000), VideoVariant(contentType='application/x-mpegURL', url='https://video.twimg.com/ext_tw_video/1404223621669683206/pu/pl/PTzZ2JfkKSd6NK02.m3u8?tag=12&container=fmp4', bitrate=None), VideoVariant(contentType='video/mp4', url='https://video.twimg.com/ext_tw_video/1404223621669683206/pu/vid/480x600/CINxQGjzR59SSC8v.mp4?tag=12', bitrate=950000), VideoVariant(contentType='video/mp4', url='https://video.twimg.com/ext_tw_video/1404223621669683206/pu/vid/320x400/QiGjvarIKt8AoHG_.mp4?tag=12', bitrate=632000)], duration=10.711, views=1257361)]",puma,"Hey PUMA HOOOPS! 🏃💨 Let's kick off the week with a #MondayMotivation! 🌟 Whether you're hitting the gym or just getting ready for the day, #PUMA is your go-to gear for performance and style. Ready to #BeTheChange? Let's make it happen! 💪 #FitnessGoals #StayStrong #PumaHoopsters #MondayMood"
5560,2022-03-07 13:57:27,63,MetroUK,"[Photo(previewUrl='https://pbs.twimg.com/media/FNQHbZ9WUAUtJ2z?format=jpg&name=small', fullUrl='https://pbs.twimg.com/media/FNQHbZ9WUAUtJ2z?format=jpg&name=large')]",metro,"👋 Good morning, everyone! Ready to kickstart your week with #MetroUK! 🚀 Whether you're in the office or on the go, we've got you covered with the latest news, insights, and exclusive offers. Tune in and stay connected! #MondayMotivation #StayInTouch"
9412,2021-12-28 13:30:00,10,ICICIBank,"[Photo(previewUrl='https://pbs.twimg.com/media/FHrqgXEVgAIlqti?format=jpg&name=small', fullUrl='https://pbs.twimg.com/media/FHrqgXEVgAIlqti?format=jpg&name=large')]",icici bank,"Happy Tuesday, everyone! 🌟 Check out our latest offer: 10% off on your first purchase with ICICI Bank. Use the code TUESDAY10 at checkout. Don't miss out on this chance to save! #ICICI #Banking #TuesdayTip #MoneySavvy"
8143,2022-01-21 16:56:11,351,UTCoachSam,"[Video(thumbnailUrl='https://pbs.twimg.com/ext_tw_video_thumb/1484570462919315465/pu/img/dLFo6Imc1mBjEsrw.jpg', variants=[VideoVariant(contentType='video/mp4', url='https://video.twimg.com/ext_tw_video/1484570462919315465/pu/vid/360x270/r9craCm7RRpyfWAt.mp4?tag=12', bitrate=256000), VideoVariant(contentType='video/mp4', url='https://video.twimg.com/ext_tw_video/1484570462919315465/pu/vid/480x360/hIc-zf-d4MFFGWxp.mp4?tag=12', bitrate=832000), VideoVariant(contentType='video/mp4', url='https://video.twimg.com/ext_tw_video/1484570462919315465/pu/vid/640x480/YnY9OJT5nyH0MilE.mp4?tag=12', bitrate=2176000), VideoVariant(contentType='application/x-mpegURL', url='https://video.twimg.com/ext_tw_video/1484570462919315465/pu/pl/QhXNH5DbZ_3RPUoH.m3u8?tag=12&container=fmp4', bitrate=None)], duration=49.1, views=5918)]",williams,"🚨 Friday is here, and so is UT Coach Sam! 🏃🏋️‍♀️🏃‍♂️ Whether you're in the gym or just lounging at home, keep your fitness goals on track with #UTCoachSam. Let's get stronger, faster, and healthier together! 💪💪💪 #FitnessGoals #Motivation #HealthyLifestyle"
8664,2021-02-02 07:43:54,387,qatarairways,"[Photo(previewUrl='https://pbs.twimg.com/media/EtNJKpRWYAANcNI?format=jpg&name=small', fullUrl='https://pbs.twimg.com/media/EtNJKpRWYAANcNI?format=jpg&name=large'), Photo(previewUrl='https://pbs.twimg.com/media/EtNJUvGXYAMhFBX?format=jpg&name=small', fullUrl='https://pbs.twimg.com/media/EtNJUvGXYAMhFBX?format=jpg&name=large')]",qatar airways,🎉✈️ Qatar Airways is here to make your travel dreams come true! Dive into the world of luxury and adventure with us. #TravelWithQatar #QatarAirways #ExploreTheWorld
6596,2021-12-12 14:43:23,100253,redbullracing,"[Photo(previewUrl='https://pbs.twimg.com/media/FGaiY4AWUAAcAvK?format=jpg&name=small', fullUrl='https://pbs.twimg.com/media/FGaiY4AWUAAcAvK?format=jpg&name=large')]",red bull,🎉Get ready for the ultimate adrenaline rush at Red Bull Racing! 🚀 #RedBullRacing #Adrenaline #SundayAfternoon #Motorsport #RacingNews #Redbull #Adventure #SpeedLovers
624,2021-11-22 17:04:06,0,AAASouthJersey,"[Gif(thumbnailUrl='https://pbs.twimg.com/tweet_video_thumb/FE0DbuHXIAEj7mk.jpg', variants=[VideoVariant(contentType='video/mp4', url='https://video.twimg.com/tweet_video/FE0DbuHXIAEj7mk.mp4', bitrate=0)])]",aaa,"🎉 Monday Morning Motivation! Ready to kickstart your week with a smile? 🌟 Whether you're in South Jersey or anywhere else, let's #StayPositive and chase our dreams together! #MondayMotivation #SouthJersey #MotivationMonday #PositiveVibes #StartYourDayRight"
6871,2021-01-13 14:58:04,123,Airtel_Ug,"[Photo(previewUrl='https://pbs.twimg.com/media/Erns_FsXAAA_qmJ?format=jpg&name=small', fullUrl='https://pbs.twimg.com/media/Erns_FsXAAA_qmJ?format=jpg&name=large')]",airtel,"🎉Stay connected, stay in touch with Airtel! 🚀 Whether you're on the go or at home, we've got you covered. #StayConnected #StayInTouch https://t.co/yourTweetLink"
4814,2022-12-23 13:52:55,2005,MovieHooligan,"[Photo(previewUrl='https://pbs.twimg.com/media/FkqtRYkWAAA8bl8?format=jpg&name=small', fullUrl='https://pbs.twimg.com/media/FkqtRYkWAAA8bl8?format=jpg&name=large'), Photo(previewUrl='https://pbs.twimg.com/media/FkqtRZRWIAEN_WV?format=jpg&name=small', fullUrl='https://pbs.twimg.com/media/FkqtRZRWIAEN_WV?format=jpg&name=large')]",bell,"🎉 Friday is here, and so is the perfect time to dive into the world of movies! 🎥🍿 #MovieTime #FridayFestivals #StayTuned #WatchLater"
6553,2022-05-04 16:13:55,224,PatMcAfeeShow,"[Video(thumbnailUrl='https://pbs.twimg.com/amplify_video_thumb/1521885216884805632/img/s0wfALWZhpwhbAPX.jpg', variants=[VideoVariant(contentType='video/mp4', url='https://video.twimg.com/amplify_video/1521885216884805632/vid/1280x720/CqGZMz8CpGttck1Q.mp4?tag=14', bitrate=2176000), VideoVariant(contentType='application/x-mpegURL', url='https://video.twimg.com/amplify_video/1521885216884805632/pl/dIteKXoE5F8A1snn.m3u8?tag=14&container=fmp4', bitrate=None), VideoVariant(contentType='video/mp4', url='https://video.twimg.com/amplify_video/1521885216884805632/vid/640x360/7VaesdkZ_94gWPm4.mp4?tag=14', bitrate=832000), VideoVariant(contentType='video/mp4', url='https://video.twimg.com/amplify_video/1521885216884805632/vid/480x270/p5yZDqd50HhIc2Qm.mp4?tag=14', bitrate=288000)], duration=158.367, views=22103)]",mcafee,🚨Stay safe and secure with McAfee! 🚨 #Cybersecurity #ProtectYourDigitalLife #StayInControl #McAfeeyouneed
7530,2022-05-07 14:00:09,288,Amtrak,"[Photo(previewUrl='https://pbs.twimg.com/media/FSKRQVNWYAM35Xk?format=jpg&name=small', fullUrl='https://pbs.twimg.com/media/FSKRQVNWYAM35Xk?format=jpg&name=large')]",amtrak,"🎉✈️ It's time to hit the road with Amtrak! 🚅 Whether you're heading to the beach, the mountains, or just relaxing at home, we've got you covered. #Amtrak #TravelWithAmtrak"
5796,2022-01-08 11:34:50,15602,redbullracing,"[Photo(previewUrl='https://pbs.twimg.com/media/FIk6sojXoAUruZ0?format=jpg&name=small', fullUrl='https://pbs.twimg.com/media/FIk6sojXoAUruZ0?format=jpg&name=large')]",oracle,🎉 Saturday morning at Red Bull Racing! 🚀 #RedBullRacing #Motorsports #F1 #Formula1 #Speed #Performance #Engineering #Tech #Innovation #Motivation #Inspiration #Teamwork #Success #DreamsComeTrue #RacingIsLife
7437,2021-12-24 23:18:13,78,CBCAlerts,"[Photo(previewUrl='https://pbs.twimg.com/media/FHaL7gVXsAQUOlb?format=jpg&name=small', fullUrl='https://pbs.twimg.com/media/FHaL7gVXsAQUOlb?format=jpg&name=large')]",cbc,🚨Stay tuned for the latest CBC news at 11 PM! Don't miss out on your favorite shows and documentaries. #CBC #StayTuned #NewsAt23
4218,2022-10-29 06:19:39,3,NH7,"[Photo(previewUrl='https://pbs.twimg.com/media/FgN2EdcUcAADO11?format=jpg&name=small', fullUrl='https://pbs.twimg.com/media/FgN2EdcUcAADO11?format=jpg&name=large'), Photo(previewUrl='https://pbs.twimg.com/media/FgN2EdYUUAUjrgo?format=jpg&name=small', fullUrl='https://pbs.twimg.com/media/FgN2EdYUUAUjrgo?format=jpg&name=large'), Photo(previewUrl='https://pbs.twimg.com/media/FgN2EdXUcAAGZey?format=jpg&name=small', fullUrl='https://pbs.twimg.com/media/FgN2EdXUcAAGZey?format=jpg&name=large'), Photo(previewUrl='https://pbs.twimg.com/media/FgN2EdaUAAAT0ip?format=jpg&name=small', fullUrl='https://pbs.twimg.com/media/FgN2EdaUAAAT0ip?format=jpg&name=large')]",bacardi,"Happy Saturday, everyone! 🌞 Let's raise a glass and celebrate with Bacardi. Cheers to good times and great moments. #Bacardi #SaturdayNight #CheersToYou"
5941,2021-01-04 17:06:05,277,MonsterEnergy,"[Video(thumbnailUrl='https://pbs.twimg.com/media/Eq5zRmZVoAYa2HO.jpg', variants=[VideoVariant(contentType='video/mp4', url='https://video.twimg.com/amplify_video/1346139605536423937/vid/360x450/wJbr2O6eDGn6dqnz.mp4?tag=13', bitrate=832000), VideoVariant(contentType='application/x-mpegURL', url='https://video.twimg.com/amplify_video/1346139605536423937/pl/M-AV-YXa_7Zy347w.m3u8?tag=13', bitrate=None), VideoVariant(contentType='video/mp4', url='https://video.twimg.com/amplify_video/1346139605536423937/vid/720x900/AgzkiTtHnsUfuASX.mp4?tag=13', bitrate=2176000), VideoVariant(contentType='video/mp4', url='https://video.twimg.com/amplify_video/1346139605536423937/vid/320x400/jlObY9ShYIq4vi9o.mp4?tag=13', bitrate=632000)], duration=9.167, views=8163)]",monster,👋Hey Monster fans! Ready to fuel up for the day? Get ready with Monster Energy! 🚀 #MonsterEnergy #FuelUpForTheDay #WakeUpAndPowerUp
8501,2022-11-21 16:51:30,2039,nojumper,"[Video(thumbnailUrl='https://pbs.twimg.com/ext_tw_video_thumb/1594735190152052736/pu/img/f3GUNoGd6tDEXWUw.jpg', variants=[VideoVariant(contentType='video/mp4', url='https://video.twimg.com/ext_tw_video/1594735190152052736/pu/vid/320x568/XTAZgh5MTKM7wecu.mp4?tag=12', bitrate=632000), VideoVariant(contentType='video/mp4', url='https://video.twimg.com/ext_tw_video/1594735190152052736/pu/vid/720x1280/a4eJd4ytJnMAtq03.mp4?tag=12', bitrate=2176000), VideoVariant(contentType='application/x-mpegURL', url='https://video.twimg.com/ext_tw_video/1594735190152052736/pu/pl/YBpHNrg2JRSMert9.m3u8?tag=12&container=fmp4', bitrate=None), VideoVariant(contentType='video/mp4', url='https://video.twimg.com/ext_tw_video/1594735190152052736/pu/vid/480x852/O3yFSXkUp6g3m_ez.mp4?tag=12', bitrate=950000)], duration=21.266, views=86725)]",no,Hey everyone! 🚀 #MondayMotivation #NoJumper #FitnessGoals #StayStrong #MotivationMonday #GetFit #Workout #HealthyLifestyle #MotivateMe #Motivated #StayHealthy #StayFit #Exercise #Fitness #MotivationalMonday #HealthyHabits #StayActive #FitnessLover #FitnessJunkie #StayInShape #FitnessCommunity #StaySane #StayToned #StayAthletic #FitnessFanatic #FitnessAddict
6429,2021-02-18 03:00:21,125,TheChampions,"[Video(thumbnailUrl='https://pbs.twimg.com/media/Eueh8W4XIAIPj1R.jpg', variants=[VideoVariant(contentType='video/mp4', url='https://video.twimg.com/amplify_video/1362235416368340993/vid/640x360/XFwOePi-0hednyTT.mp4?tag=13', bitrate=832000), VideoVariant(contentType='video/mp4', url='https://video.twimg.com/amplify_video/1362235416368340993/vid/480x270/lzzyb4LYioz_HDkg.mp4?tag=13', bitrate=288000), VideoVariant(contentType='application/x-mpegURL', url='https://video.twimg.com/amplify_video/1362235416368340993/pl/nnn-Cpl4zxwCOTZY.m3u8?tag=13', bitrate=None), VideoVariant(contentType='video/mp4', url='https://video.twimg.com/amplify_video/1362235416368340993/vid/1280x720/CrNJv0UVFQ-7bKv5.mp4?tag=13', bitrate=2176000)], duration=14.067, views=3037)]",scotiabank,"🎉 Thursday is here, and so is the perfect time to celebrate with #ScotiABank! 🌟 Whether you're in the mood for a treat or just want to unwind, we've got you covered with our latest offers. Don't miss out on the fun! #BankingOnThursday #StayScotiA. #EngageWithUs #FollowTheChamps"
6827,2022-11-10 13:00:07,1,SmallBizLady,"[Photo(previewUrl='https://pbs.twimg.com/media/FhNE01xWAAQETJ4?format=jpg&name=small', fullUrl='https://pbs.twimg.com/media/FhNE01xWAAQETJ4?format=jpg&name=large')]",emerson,🎉 Thursday is here! 🌟 Ready to make your small business shine? Let's connect and grow together! 💪 #SmallBusinessLover #EmpowerYourBiz #ConnectWithUs
4131,2022-03-12 02:44:43,530,cbcsports,"[Video(thumbnailUrl='https://pbs.twimg.com/media/FNndouOXMAUEzmA.jpg', variants=[VideoVariant(contentType='video/mp4', url='https://video.twimg.com/amplify_video/1502475602443522049/vid/480x270/PTNRM8nfr2sKZGEm.mp4?tag=14', bitrate=288000), VideoVariant(contentType='video/mp4', url='https://video.twimg.com/amplify_video/1502475602443522049/vid/640x360/6gqecr7KUEV16TGa.mp4?tag=14', bitrate=832000), VideoVariant(contentType='application/x-mpegURL', url='https://video.twimg.com/amplify_video/1502475602443522049/pl/FuSsx0L2C8zBGNoF.m3u8?tag=14&container=fmp4', bitrate=None), VideoVariant(contentType='video/mp4', url='https://video.twimg.com/amplify_video/1502475602443522049/vid/1280x720/rMt0gTGPH72qwfL4.mp4?tag=14', bitrate=2176000)], duration=54.819, views=14346)]",cbc,🚨Stay tuned for the best of @CBCSports this weekend! 🏃🏃🏃 #CBCSports #CBCtv #SportsLovers #StayHomeStaySafe
7802,2022-06-28 03:48:52,129,JumaaneWilliams,"[Video(thumbnailUrl='https://pbs.twimg.com/ext_tw_video_thumb/1541629646281875458/pu/img/CkVucPOTvve4OgqB.jpg', variants=[VideoVariant(contentType='video/mp4', url='https://video.twimg.com/ext_tw_video/1541629646281875458/pu/vid/720x406/1NbhEtvxS6-a5TB7.mp4?tag=14', bitrate=832000), VideoVariant(contentType='video/mp4', url='https://video.twimg.com/ext_tw_video/1541629646281875458/pu/vid/478x270/EuKxcX-1C49r7wvB.mp4?tag=14', bitrate=256000), VideoVariant(contentType='application/x-mpegURL', url='https://video.twimg.com/ext_tw_video/1541629646281875458/pu/pl/Y6loOA5o6TZjpM9b.m3u8?tag=14&container=fmp4', bitrate=None)], duration=27.769, views=11386)]",williams,"🎉 Tuesday is here, and so is a new chapter in our journey! 🚀 Whether you're in the office or on the go, let's make this day extra special with #WilliamsMagic! 🌟 #Motivate #Inspire #ConnectWithUs"
7754,2022-05-19 16:59:14,105,wmata,"[Photo(previewUrl='https://pbs.twimg.com/media/FTIsDuJagAAqB-0?format=jpg&name=small', fullUrl='https://pbs.twimg.com/media/FTIsDuJagAAqB-0?format=jpg&name=large'), Photo(previewUrl='https://pbs.twimg.com/media/FTIsDuIaAAE_1OE?format=jpg&name=small', fullUrl='https://pbs.twimg.com/media/FTIsDuIaAAE_1OE?format=jpg&name=large')]",metro,🚨Stay connected with us all day long! 🚨 #WMATA #DCMetro #Transportation #StayConnected #DC #WashingtonDC #MetroMatters #TravelTips #Commute #StayInformed #StayHealthy #StaySafe #StayActive #StayCreative #StayInspired #StayMotivated #StayCurious #StayConfident #StayDetermined #StayAdventurous #StayEducated #StayEntertained #StayRelaxing #StayBusy #StayFit
4722,2021-10-03 17:48:22,194,bayer04_en,"[Gif(thumbnailUrl='https://pbs.twimg.com/tweet_video_thumb/FAyuEqsXEAYmO4U.jpg', variants=[VideoVariant(contentType='video/mp4', url='https://video.twimg.com/tweet_video/FAyuEqsXEAYmO4U.mp4', bitrate=0)])]",bayer,🎉 Sunday night at 7 PM! 🌛 #StayTuned with Bayer. 📺 #HealthForLife #StayHealthy #StaySafe #Bayer #StayHome #StayWell #StayStrong #StayConnected #StayInformed #StayActive #StayCreative #StayDedicated #StayInspired #StayMotivated #StayConfident #StayAdventurous #StayCurious #StayCalm #StayRelaxed #StayFit #StayYoung #StayBeautiful #
1651,2021-12-04 20:12:03,0,AAASouthPenn,"[Photo(previewUrl='https://pbs.twimg.com/media/FFyhi8bWQAUCI2Q?format=jpg&name=small', fullUrl='https://pbs.twimg.com/media/FFyhi8bWQAUCI2Q?format=jpg&name=large')]",aaa,"🎉 Saturday night in South Penn! 🌇 Whether you're chilling at home or out with the gang, #AAASouthernPenn is here to make your night extra special. #StayTuned #ConnectWithUs #EnjoyTheNight #SouthPennMagic"
4141,2021-05-07 10:22:00,2126,redbullracing,"[Photo(previewUrl='https://pbs.twimg.com/media/E0xxBb5XIAIpLc-?format=jpg&name=small', fullUrl='https://pbs.twimg.com/media/E0xxBb5XIAIpLc-?format=jpg&name=large'), Photo(previewUrl='https://pbs.twimg.com/media/E0xxCu7WUAIJHlB?format=jpg&name=small', fullUrl='https://pbs.twimg.com/media/E0xxCu7WUAIJHlB?format=jpg&name=large')]",oracle,"🎉 Friday is here, and so is the #RedBullRacing action! 🚀 Whether you're in the pits or on the track, Red Bull Racing is always pushing the boundaries of what's possible. Stay tuned for the latest updates from the world of Formula 1! #Formula1 #RacingNews #Redbull #F1 #Motorsport"
1618,2021-07-25 15:12:20,1110,CBCOlympics,"[Video(thumbnailUrl='https://pbs.twimg.com/amplify_video_thumb/1419313494432878592/img/C0zB16kl_JbsHSi3.jpg', variants=[VideoVariant(contentType='video/mp4', url='https://video.twimg.com/amplify_video/1419313494432878592/vid/640x360/KdXJiBIZYcTZdosp.mp4?tag=14', bitrate=832000), VideoVariant(contentType='video/mp4', url='https://video.twimg.com/amplify_video/1419313494432878592/vid/480x270/ALCfqgXW5NIOLBRA.mp4?tag=14', bitrate=288000), VideoVariant(contentType='application/x-mpegURL', url='https://video.twimg.com/amplify_video/1419313494432878592/pl/nSI8DC-jmX2gd7qv.m3u8?tag=14', bitrate=None), VideoVariant(contentType='video/mp4', url='https://video.twimg.com/amplify_video/1419313494432878592/vid/1280x720/3xUqFY5p33J86oPk.mp4?tag=14', bitrate=2176000)], duration=47.247, views=21719)]",cbc,🎉Stay tuned for the best moments of the day! 🏃🏃‍♀️🏃♂️ Join us on the CBC Olympics channel for live updates and behind-the-scenes action! #CBCO2023 #OlympicGames #StayHomeStaySafe
2030,2022-03-23 21:00:01,88,SFTHQ,"[Photo(previewUrl='https://pbs.twimg.com/media/FOjR6wOWYAEbX8j?format=jpg&name=small', fullUrl='https://pbs.twimg.com/media/FOjR6wOWYAEbX8j?format=jpg&name=large')]",free,"🎉 Wednesday night is here, and so is the perfect opportunity to unwind and connect! Let's #StaySocial and share some laughs, learn new things, or just enjoy each other's company. Don't forget to tag your friends and join the fun! #SocialMedia #ConnectWithFriends #WednesdayNight #StayInTouch"
8518,2022-03-11 05:03:45,3072,amazonmusic,"[Photo(previewUrl='https://pbs.twimg.com/media/FNiz2FOUUAA_aWl?format=jpg&name=small', fullUrl='https://pbs.twimg.com/media/FNiz2FOUUAA_aWl?format=jpg&name=large'), Photo(previewUrl='https://pbs.twimg.com/media/FNiz3WUUcAMOAmg?format=jpg&name=small', fullUrl='https://pbs.twimg.com/media/FNiz3WUUcAMOAmg?format=jpg&name=large')]",amazon,"🎉 Friday is here, and so is the perfect time to kick back, relax, and listen to your favorite tunes with @AmazonMusic! 🎵 #FridayFunday #MusicLovers #AmazonMusic"
4576,2022-01-17 17:42:38,319,PatMcAfeeShow,"[Video(thumbnailUrl='https://pbs.twimg.com/amplify_video_thumb/1483129633449156614/img/NVu0IPRFagbQE8fU.jpg', variants=[VideoVariant(contentType='application/x-mpegURL', url='https://video.twimg.com/amplify_video/1483129633449156614/pl/Ks2iaaJ-bkP9joxV.m3u8?tag=14&container=fmp4', bitrate=None), VideoVariant(contentType='video/mp4', url='https://video.twimg.com/amplify_video/1483129633449156614/vid/480x270/rjPCJNqEZXglx4Sn.mp4?tag=14', bitrate=288000), VideoVariant(contentType='video/mp4', url='https://video.twimg.com/amplify_video/1483129633449156614/vid/640x360/Pah2gJF36FjRVwHr.mp4?tag=14', bitrate=832000), VideoVariant(contentType='video/mp4', url='https://video.twimg.com/amplify_video/1483129633449156614/vid/1280x720/5SmN084QGDHgGgzY.mp4?tag=14', bitrate=2176000)], duration=151.234, views=42074)]",mcafee,Hey everyone! It's time for another exciting episode of McAfee Show! 🚀 Tune in to learn more about staying safe online. Don't miss out on the latest tips and tricks to protect yourself from cyber threats. #StaySafe #MCAFEEShow #CyberSecurity #TechTips #McAfeefanatic #StayInformed
3993,2021-01-10 18:15:00,230,teaxtarot,"[Photo(previewUrl='https://pbs.twimg.com/media/ErY9Sc6XAAAw16k?format=jpg&name=small', fullUrl='https://pbs.twimg.com/media/ErY9Sc6XAAAw16k?format=jpg&name=large')]",astro,"🌟✨ Sunday night at 6 PM! 🌟✨ Ready for a cosmic adventure? 🌌✨ Dive into the mysteries of the universe with @tea_tarot. 🍵✨ Whether you're a lover of astrology or just curious about the cosmos, we've got the cards to help you unravel the universe's secrets. #Astrology #Cosmos #SundayNight #TeaTarot #DivineGuidance"
7377,2022-11-01 22:53:35,108,FreeBeacon,"[Video(thumbnailUrl='https://pbs.twimg.com/ext_tw_video_thumb/1587578339908325376/pu/img/hGB5ReH8RONOgwja.jpg', variants=[VideoVariant(contentType='video/mp4', url='https://video.twimg.com/ext_tw_video/1587578339908325376/pu/vid/720x406/-FfPmg7jJMSrOCm6.mp4?tag=14', bitrate=832000), VideoVariant(contentType='video/mp4', url='https://video.twimg.com/ext_tw_video/1587578339908325376/pu/vid/478x270/FbcSi0VMewEobH5L.mp4?tag=14', bitrate=256000), VideoVariant(contentType='application/x-mpegURL', url='https://video.twimg.com/ext_tw_video/1587578339908325376/pu/pl/b7pLuvnV8qi9EmbX.m3u8?tag=14&container=fmp4', bitrate=None)], duration=64.031, views=2351)]",free,"🎉 Tuesday night is here, and so is the chance to start your week fresh! 🌟 Whether you're looking to boost your online presence or just want to share a fun fact, let's make the most of these moments together! #FreeBacon #SocialMedia #EngageWithUs"
6150,2021-05-14 19:56:11,2799,SpotifyUSA,"[Photo(previewUrl='https://pbs.twimg.com/media/E1X5ldjVEAIf1c6?format=jpg&name=small', fullUrl='https://pbs.twimg.com/media/E1X5ldjVEAIf1c6?format=jpg&name=large')]",spotify,"🎉 Friday night is here, and so is the magic of Spotify! 🎶 Whether you're chilling at home or on the go, we've got the tunes to match your mood. Tune in and let the music take you on a journey! #Spotify #FridayNight #MusicLovers"
4909,2021-04-20 10:06:06,57,FootySuperTips,"[Photo(previewUrl='https://pbs.twimg.com/media/EzaMMlKX0AUhsHP?format=png&name=small', fullUrl='https://pbs.twimg.com/media/EzaMMlKX0AUhsHP?format=png&name=large')]",free,"🚨 **Tuesday Tip** 🚨 - Dive into the world of Footy Super Tips! 🏠 ⚽️ Whether you're a fan or just curious, our expert insights are here to help you understand the game like never before. #Footy #SuperTips #TuesdayTip #GameDay"
5027,2021-09-10 00:00:00,135,TeslaCharging,"[Photo(previewUrl='https://pbs.twimg.com/media/E-3lOfdVUAkCz7r?format=jpg&name=small', fullUrl='https://pbs.twimg.com/media/E-3lOfdVUAkCz7r?format=jpg&name=large'), Photo(previewUrl='https://pbs.twimg.com/media/E-3lOffVUBUJ81F?format=jpg&name=small', fullUrl='https://pbs.twimg.com/media/E-3lOffVUBUJ81F?format=jpg&name=large')]",tesla,"🎉 Friday is here, and so is the perfect opportunity to charge up your day with Tesla! 🚗💨 #ElectricFuture #DriveSustainable #TeslaChargers"
8261,2021-05-19 19:30:18,2364,Dupont9A,"[Photo(previewUrl='https://pbs.twimg.com/media/E1xjnAXWEAAzV6H?format=jpg&name=small', fullUrl='https://pbs.twimg.com/media/E1xjnAXWEAAzV6H?format=jpg&name=large')]",dupont,"Happy Wednesday, everyone! 🌞 Today's #DuPont9A challenge is to share a photo of your favorite #Dupont product in action. Let's #MakeADifference together! 🛠️✨ #EngineeringForGood #Innovate #Inspire #TechTalk #Engineering #Productivity #Design #Innovation #Tech #EngineeringCommunity #EngineeringMentor #EngineeringInspiration #EngineeringChallenge #EngineeringGoals #EngineeringSuccess #EngineeringTeam #EngineeringLeadership #Engineering"
4732,2022-05-23 12:02:13,1224,AmazonMusicUK,"[Video(thumbnailUrl='https://pbs.twimg.com/amplify_video_thumb/1528707821549895686/img/RMWwi_e2qzEnT3dn.jpg', variants=[VideoVariant(contentType='video/mp4', url='https://video.twimg.com/amplify_video/1528707821549895686/vid/720x720/zOqSgIkg0saNaz-c.mp4?tag=14', bitrate=1280000), VideoVariant(contentType='video/mp4', url='https://video.twimg.com/amplify_video/1528707821549895686/vid/320x320/DSt_T_n1S27OPh_N.mp4?tag=14', bitrate=432000), VideoVariant(contentType='video/mp4', url='https://video.twimg.com/amplify_video/1528707821549895686/vid/540x540/CXfvrvMM0ruCiGy3.mp4?tag=14', bitrate=832000), VideoVariant(contentType='application/x-mpegURL', url='https://video.twimg.com/amplify_video/1528707821549895686/pl/TtJSzJaUDb-U_ehx.m3u8?tag=14&container=fmp4', bitrate=None)], duration=14.447, views=17855)]",amazon,"Monday is here, and so is the best way to start your day - with the perfect tunes from Amazon Music UK! 🎶✨ Tune into your favorite songs or discover something new this week. #AmazonMusic #StartYourDayWithTheBest"
7549,2021-01-20 22:57:37,1001,cnni,"[Photo(previewUrl='https://pbs.twimg.com/media/EsNd33lXAAAntjb?format=png&name=small', fullUrl='https://pbs.twimg.com/media/EsNd33lXAAAntjb?format=png&name=large')]",cnn,🎉Stay tuned for the latest news from around the world! 🌍 #CNNi #BreakingNews #StayInformed
8135,2021-06-28 23:00:48,139,hkfp,"[Photo(previewUrl='https://pbs.twimg.com/media/E5ATYp3X0AI7ZfZ?format=jpg&name=small', fullUrl='https://pbs.twimg.com/media/E5ATYp3X0AI7ZfZ?format=jpg&name=large')]",free,👋 Hey everyone! Ready to kickstart your week with HKFP? 🚀 #HKFP #MondayMotivation #StartYourDayRight #GetFit #HealthyLifestyle #Workout #FitnessGoals #MotivationMonday #StayHealthy #HK #Travel #ExploreTheWorld #HKTravel #HKFood #HKCulture #HKBeauty #HKStyle #HKFashion #HKTech #HKStartups #HKJobs #HKEducation #HKHealth #HKSports #HKEntertainment #HK
1607,2022-02-10 13:45:27,1090,CBCOlympics,"[Photo(previewUrl='https://pbs.twimg.com/media/FLPUIYXXMAQO3Vq?format=jpg&name=small', fullUrl='https://pbs.twimg.com/media/FLPUIYXXMAQO3Vq?format=jpg&name=large')]",cbc,"🎉Stay tuned for the best of the best! 🏃🏃‍♀️🏃♂️ Join us in the CBC Olympics as we bring you the best in sports, news, and entertainment. #CBCOly #CBCSports #CBCNews #CBCEntertainment #StayTuned #StayActive #StayInformed #StayConnected #CBCFamily #CBCCommunity #CBCCanada #CBCWorld #CBCGlobal #CBCInnovation #CBCCreativity #CBCDiversity #CBCEquality #"
4774,2022-05-04 14:51:18,1212,BoeingSpace,"[Video(thumbnailUrl='https://pbs.twimg.com/ext_tw_video_thumb/1521865011303522304/pu/img/l5ZGeyx2KK0LIuCa.jpg', variants=[VideoVariant(contentType='video/mp4', url='https://video.twimg.com/ext_tw_video/1521865011303522304/pu/vid/1280x720/QBDAhes86ytVtIid.mp4?tag=12', bitrate=2176000), VideoVariant(contentType='video/mp4', url='https://video.twimg.com/ext_tw_video/1521865011303522304/pu/vid/640x360/Kcjc9GffZMV6SBqt.mp4?tag=12', bitrate=832000), VideoVariant(contentType='application/x-mpegURL', url='https://video.twimg.com/ext_tw_video/1521865011303522304/pu/pl/DPKnGZWDD9hajaS_.m3u8?tag=12&container=fmp4', bitrate=None), VideoVariant(contentType='video/mp4', url='https://video.twimg.com/ext_tw_video/1521865011303522304/pu/vid/480x270/2b6F1IFMU515lTB8.mp4?tag=12', bitrate=256000)], duration=10.535, views=55072)]",boeing,🚀Stay ahead of the curve with Boeing's latest innovations in space exploration! 🚀🚀 #Boeing #SpaceTech #Innovate #ExploreTheUniverse
8110,2022-02-08 22:45:00,59862,FCBarcelona,"[Photo(previewUrl='https://pbs.twimg.com/media/FLGnv3BWYAE-2cF?format=jpg&name=small', fullUrl='https://pbs.twimg.com/media/FLGnv3BWYAE-2cF?format=jpg&name=large')]",fc barcelona,🚨🚨🚨 Tuesday night at FCBarcelona 🇸🇪 🇺🇦 🇦🇷 🇳🇬 🇹🇷 🔥🔥🔥 #FCBarça #Espanyol #Ronaldo #Lewandowski #Messi #CatalanDreams #DreamTeam #BarçaDreams 🚀🚀 #Barcelona #FCB 🌟🌟🌟 #SerieA #LaLiga #UEFA #WorldCup20
6952,2022-05-31 19:30:02,16,WalmartCAGaming,"[Photo(previewUrl='https://pbs.twimg.com/media/FUHC7HaWYAgkIjm?format=png&name=small', fullUrl='https://pbs.twimg.com/media/FUHC7HaWYAgkIjm?format=png&name=large')]",walmart,🎉Stay tuned for the best deals of the week at Walmart! 🛍️ #ShopWithWalmart #Walmart2023 #GetYourGamingGearAtWalmart
6005,2022-05-22 11:32:00,2284,redbullracing,"[Video(thumbnailUrl='https://pbs.twimg.com/amplify_video_thumb/1528334923752423424/img/2-IzDwwPl1TTpGDH.jpg', variants=[VideoVariant(contentType='video/mp4', url='https://video.twimg.com/amplify_video/1528334923752423424/vid/720x900/I5HC04L9hqkemVyM.mp4?tag=14', bitrate=2176000), VideoVariant(contentType='video/mp4', url='https://video.twimg.com/amplify_video/1528334923752423424/vid/320x400/8uMTyd4D37LEp33O.mp4?tag=14', bitrate=632000), VideoVariant(contentType='video/mp4', url='https://video.twimg.com/amplify_video/1528334923752423424/vid/480x600/63JZO-m1tcWQOl1H.mp4?tag=14', bitrate=950000), VideoVariant(contentType='application/x-mpegURL', url='https://video.twimg.com/amplify_video/1528334923752423424/pl/JhHdlQUdItvlto8T.m3u8?tag=14&container=fmp4', bitrate=None)], duration=15.8, views=40368)]",oracle,🎉 Sunday morning at Red Bull Racing! 🚀 #RedBullRacing #SundayMorning #Motorsport #Speed #Innovation #RacingIsLife
7729,2022-02-14 01:25:47,1100,TwitterSports,"[Photo(previewUrl='https://pbs.twimg.com/media/FLhSMRiWQAQzijS?format=jpg&name=small', fullUrl='https://pbs.twimg.com/media/FLhSMRiWQAQzijS?format=jpg&name=large')]",twitter,"🎉 Monday Morning Motivation! Ready to kickstart your week with #TwitterSports? 🏃💪 Whether you're a fan of football, basketball, or any other sport, let's gear up for the week ahead! #TeamGoals #SportsLovers #MondayMotivation"
3542,2021-01-29 19:01:03,1,EMR_Automation,"[Photo(previewUrl='https://pbs.twimg.com/media/Es6-CRBXEAEn5yK?format=jpg&name=small', fullUrl='https://pbs.twimg.com/media/Es6-CRBXEAEn5yK?format=jpg&name=large')]",emerson,"🎉 Friday night is here, and so is the perfect time to automate your tasks with #EMRAutomation! Whether you're working from home or in the office, let us help you streamline your workflow. #EffortlessEfficiency #TechSavvy"
389,2021-03-28 22:06:40,468,funnybrad,"[Photo(previewUrl='https://pbs.twimg.com/media/ExmUu2GVcAEEgtD?format=jpg&name=small', fullUrl='https://pbs.twimg.com/media/ExmUu2GVcAEEgtD?format=jpg&name=large')]",williams,"🎉 Happy Sunday, folks! Time to unwind with a good laugh! #FunnyBrad #SundayNight #LaughterIsTheBest Medicine #StayTunedForMore"
1795,2022-06-17 13:07:57,44,MetroUK,"[Photo(previewUrl='https://pbs.twimg.com/media/FVdObrKX0AEZ5Fv?format=jpg&name=small', fullUrl='https://pbs.twimg.com/media/FVdObrKX0AEZ5Fv?format=jpg&name=large')]",metro,"🎉 Friday is here, and so is the perfect time to kick back, relax, and indulge in the best of what Metro has to offer. Whether it's a delicious meal, a refreshing drink, or a fun night out, Metro UK is your go-to destination for everything you need to make the most of your Friday. #MetroUK #FridayIsHere #EnjoyYourDay"
8732,2022-07-01 13:43:34,0,IndependentNGR,"[Photo(previewUrl='https://pbs.twimg.com/media/FWlc6HGVEAAebzP?format=jpg&name=small', fullUrl='https://pbs.twimg.com/media/FWlc6HGVEAAebzP?format=jpg&name=large')]",independent,"🎉 Friday is here, and so is the chance to shine! 🌟 Whether you're looking to boost your online presence or just want to spread some positivity, let's make the most of the day together! #FridayIsHere #SocialMedia #GrowYourBrand #ConnectWithLikeMinds"
4920,2021-10-08 14:00:02,687,totalwar,"[Photo(previewUrl='https://pbs.twimg.com/media/FBAtWDbVcAk8WOg?format=jpg&name=small', fullUrl='https://pbs.twimg.com/media/FBAtWDbVcAk8WOg?format=jpg&name=large')]",total,"🎉 Friday is here, and so is the perfect time to kick back, relax, and indulge in Total War's ultimate gaming experience! 🌟 #TotalWar #FridayFun #GamingLover"
5538,2022-12-29 09:57:53,1883,KyivIndependent,"[Photo(previewUrl='https://pbs.twimg.com/media/FlIw954XwAAU78T?format=jpg&name=small', fullUrl='https://pbs.twimg.com/media/FlIw954XwAAU78T?format=jpg&name=large')]",independent,**Kyiv Independent** is here to make your day brighter with our unique products and services. #Kyiv #Independent #BrightenUpYourDay #DiscoverKyiv independently. 🌟✨ #SocialMediaMarketing #EngageWithUs #Like4Like #FollowForFollowers
3873,2021-10-23 01:51:47,420,Maister_SSB,"[Video(thumbnailUrl='https://pbs.twimg.com/ext_tw_video_thumb/1451727835077435392/pu/img/1F8FZKSM3AYTuuP8.jpg', variants=[VideoVariant(contentType='application/x-mpegURL', url='https://video.twimg.com/ext_tw_video/1451727835077435392/pu/pl/u2HImcLgPLc7zd7s.m3u8?tag=12&container=fmp4', bitrate=None), VideoVariant(contentType='video/mp4', url='https://video.twimg.com/ext_tw_video/1451727835077435392/pu/vid/480x270/18KE0zwhL5TcXfJO.mp4?tag=12', bitrate=256000), VideoVariant(contentType='video/mp4', url='https://video.twimg.com/ext_tw_video/1451727835077435392/pu/vid/1280x720/-yF1bY8apn5ZJnbO.mp4?tag=12', bitrate=2176000), VideoVariant(contentType='video/mp4', url='https://video.twimg.com/ext_tw_video/1451727835077435392/pu/vid/640x360/fuMHm5qpuhvzDGS0.mp4?tag=12', bitrate=832000)], duration=29.064, views=5666)]",free,"🎉 Saturday is here, and so is your chance to shine! 🌟 Whether you're looking to boost your profile, share a fun fact, or just connect with like-minded souls, we've got the perfect post for you. Let's make this weekend unforgettable together! #SocialMedia #ConnectWithLikeMindedSoul"
8869,2022-09-30 14:00:31,380,Honeywell_Home,"[Photo(previewUrl='https://pbs.twimg.com/media/Fd6JdrnXgAIFvLq?format=jpg&name=small', fullUrl='https://pbs.twimg.com/media/Fd6JdrnXgAIFvLq?format=jpg&name=large')]",honeywell,"🎉 Friday is here, and so is the perfect time to cozy up with Honeywell Home! 🌡️🏠 Whether you're at home or on the go, Honeywell has got you covered with smart home solutions that make your life easier, safer, and more comfortable. Join us in embracing the future of home! #HoneyWell #SmartHome #TechAtHome"
2255,2022-12-25 10:39:06,1,IndependentNGR,"[Photo(previewUrl='https://pbs.twimg.com/media/Fk0UFxnaMAAmh2C?format=jpg&name=small', fullUrl='https://pbs.twimg.com/media/Fk0UFxnaMAAmh2C?format=jpg&name=large')]",independent,"Happy Sunday, everyone! 🌞 Whether you're catching up with friends, relaxing at home, or getting ready for the week ahead, remember to stay independent and true to yourself. #IndependenceDay #StayTrueToYourself #SundayRoutine"
3413,2022-11-23 03:39:32,668,cameronsalerno1,"[Photo(previewUrl='https://pbs.twimg.com/media/FiOBLtLUcAAtcGR?format=jpg&name=small', fullUrl='https://pbs.twimg.com/media/FiOBLtLUcAAtcGR?format=jpg&name=large')]",cameron,"**Tweet:**
Hey Cameron! 🌟 Today's Wednesday, and what better way to kick off the week than with a dose of sunshine and a sprinkle of creativity? Let's make the most of the day, shall we? 🌞✨ #CameronSalerno1 #WednesdayWednesday #Creativity #Sunshine"
5460,2021-06-25 17:44:32,12,PetSmartChariTs,"[Photo(previewUrl='https://pbs.twimg.com/media/E4vuOByXIAAhVc_?format=jpg&name=small', fullUrl='https://pbs.twimg.com/media/E4vuOByXIAAhVc_?format=jpg&name=large')]",petsmart,"🎉 Friday is here, and so is the perfect time to bring your furry friends to PetSmart! 🐱✨ Whether you're looking for the latest toys, treats, or just a fun shopping experience, we've got you covered! #PetSmart #FurBaby #ShopPetSmart"
4956,2021-01-22 14:08:16,66,SAPNews,"[Photo(previewUrl='https://pbs.twimg.com/media/EsV35asXUAIidC3?format=jpg&name=small', fullUrl='https://pbs.twimg.com/media/EsV35asXUAIidC3?format=jpg&name=large')]",sap,"🎉 Friday is here, and so is a fresh batch of news from SAP! 🚀 Whether you're a developer, a business leader, or just a tech enthusiast, stay ahead of the curve with SAP. #SAP #TechNews #StayAhead"
7397,2022-06-12 08:17:03,0,TheAAie,"[Photo(previewUrl='https://pbs.twimg.com/media/FVCb9edWAAAGQau?format=jpg&name=small', fullUrl='https://pbs.twimg.com/media/FVCb9edWAAAGQau?format=jpg&name=large'), Photo(previewUrl='https://pbs.twimg.com/media/FVCb9k_WUAAv7ra?format=jpg&name=small', fullUrl='https://pbs.twimg.com/media/FVCb9k_WUAAv7ra?format=jpg&name=large'), Photo(previewUrl='https://pbs.twimg.com/media/FVCb9s5WYAEERQv?format=jpg&name=small', fullUrl='https://pbs.twimg.com/media/FVCb9s5WYAEERQv?format=jpg&name=large'), Photo(previewUrl='https://pbs.twimg.com/media/FVCb94SWUAAcdyR?format=jpg&name=small', fullUrl='https://pbs.twimg.com/media/FVCb94SWUAAcdyR?format=jpg&name=large')]",aa,🌞 Sunday morning vibes! 🌞 Ready to kickstart the day with #AAie goodness. Let's make the most of these lazy moments. #WorkFromHome #SundayRoutine #StayAtHome #HealthyHabits #SundaysAreForSleep #WakeUpAndDance #FitnessGoals #Motivation #MotivateMe #GetFit #HealthyLifestyle #StayHealthy #StaySunny #SunshineSunday #GoodMorning #GoodLife #GoodEnergy #GoodLuck #
5415,2021-11-18 16:37:59,142,CBCNS,"[Photo(previewUrl='https://pbs.twimg.com/media/FEfXHatXEAYVl73?format=jpg&name=small', fullUrl='https://pbs.twimg.com/media/FEfXHatXEAYVl73?format=jpg&name=large')]",cbc,"🎉Stay tuned for the latest news, insights, and entertainment from across Canada. Join us on Thursday, April 15th, at 4 PM ET! #CBCNS #StayInformed #StayConnected #CBC #CBCNews #CBCEntertainment #CBCInsight #CBCCanada #CBCSports #CBCCulture #CBCTech #CBCScience #CBCHealth #CBCEnvironment #CBCTravel #CBCBusiness #CBCEducation #CBCArts #CBCMusic #CBCFilm #CBCLiterature"
7400,2021-10-19 16:33:19,725,Cam_Cawthorne,"[Photo(previewUrl='https://pbs.twimg.com/media/FCE2WgtWQAcuGx1?format=jpg&name=small', fullUrl='https://pbs.twimg.com/media/FCE2WgtWQAcuGx1?format=jpg&name=large')]",cameron,🎉 **Tuesday Twists**! 🌟 Ready to kickstart your day with a sprinkle of creativity and a dash of fun. Let's make today unforgettable! #TuesdayTwists #Creativity #Fun #EngageWithUs
7415,2022-10-02 02:00:58,116,PADI,"[Photo(previewUrl='https://pbs.twimg.com/media/FeB386vXoAQMdIY?format=jpg&name=small', fullUrl='https://pbs.twimg.com/media/FeB386vXoAQMdIY?format=jpg&name=large')]",padi,🎉 Dive into the crystal clear waters of the world's most trusted diving and snorkeling organization! 🌊✨ #PADI #ScubaDiving #ExploreTheWondersOfTheOceans
9101,2021-02-10 18:30:14,54,HP,"[Photo(previewUrl='https://pbs.twimg.com/media/Et4qDuvXMAIT3ms?format=jpg&name=small', fullUrl='https://pbs.twimg.com/media/Et4qDuvXMAIT3ms?format=jpg&name=large')]",hp,🚀Stay ahead of the curve with HP! 🚀 Our latest innovations are here to revolutionize your tech experience. Dive into the future with us! #HP #TechRevolution #StayAhead #InnovateNow
4852,2022-12-16 05:14:37,159,barandbench,"[Photo(previewUrl='https://pbs.twimg.com/media/FkEzdGLaMAAN2z6?format=jpg&name=small', fullUrl='https://pbs.twimg.com/media/FkEzdGLaMAAN2z6?format=jpg&name=large')]",bar,🎉 Friday night at @BarAndBench! 🍺🍻 Tune in for our special Friday night event. Don't miss it! #FridayNight #LiveMusic #BenchAndBar #MusicLovers #StayTuned
2026,2022-03-26 15:56:11,466,TeamCoachBuzz,"[Photo(previewUrl='https://pbs.twimg.com/media/FOyZC_1XMAUddtH?format=jpg&name=small', fullUrl='https://pbs.twimg.com/media/FOyZC_1XMAUddtH?format=jpg&name=large')]",williams,"🎉 Saturday is here, and so is the perfect time to kick back, relax, and connect with friends and family! 🌍✨ Whether you're in the office, at home, or on the go, #WilliamsCoachBuzz is here to help you stay motivated, focused, and inspired. Let's make the most of the day together! 💪 #WorkLifeBalance #FitnessGoals #MotivationMonday"
2616,2021-05-25 16:40:03,458,LanceHoyt,"[Photo(previewUrl='https://pbs.twimg.com/media/E2P2LvxWEAYlNPv?format=jpg&name=small', fullUrl='https://pbs.twimg.com/media/E2P2LvxWEAYlNPv?format=jpg&name=large')]",monster,"🎉Hey friends! Ready to kickstart your Tuesday? Let's dive into the world of adventure and excitement with #Monster 🌟 Whether it's a thrilling ride or a delicious meal, we're all about making the most of every moment. #AdventureLovers #FoodLovers 🛋️🍽️ #TuesdayTales"
7389,2022-04-05 16:09:59,116,SouthMetroPIO,"[Photo(previewUrl='https://pbs.twimg.com/media/FPl8AswVQAkiK23?format=jpg&name=small', fullUrl='https://pbs.twimg.com/media/FPl8AswVQAkiK23?format=jpg&name=large'), Photo(previewUrl='https://pbs.twimg.com/media/FPl8AswVcAkkfgW?format=jpg&name=small', fullUrl='https://pbs.twimg.com/media/FPl8AswVcAkkfgW?format=jpg&name=large'), Photo(previewUrl='https://pbs.twimg.com/media/FPl8AtsVQAgudf3?format=jpg&name=small', fullUrl='https://pbs.twimg.com/media/FPl8AtsVQAgudf3?format=jpg&name=large'), Photo(previewUrl='https://pbs.twimg.com/media/FPl8AtlVIAAMozv?format=jpg&name=small', fullUrl='https://pbs.twimg.com/media/FPl8AtlVIAAMozv?format=jpg&name=large')]",metro,"🚨Stay connected with us on the go! Join us in the heart of South Metro for a fun-filled day of activities. Don't miss out on this opportunity to explore, connect, and have a great time! #StayConnected #ExploreSouthMetro #EnjoyTheDay"
2927,2021-10-01 16:51:11,139,PatMcAfeeShow,"[Video(thumbnailUrl='https://pbs.twimg.com/amplify_video_thumb/1443961544488984579/img/9r68ZKqS6gf9uZGg.jpg', variants=[VideoVariant(contentType='video/mp4', url='https://video.twimg.com/amplify_video/1443961544488984579/vid/640x360/Qyj9MirDebI8k-vX.mp4?tag=14', bitrate=832000), VideoVariant(contentType='video/mp4', url='https://video.twimg.com/amplify_video/1443961544488984579/vid/1280x720/TbrE4C7tDtpRr-U3.mp4?tag=14', bitrate=2176000), VideoVariant(contentType='video/mp4', url='https://video.twimg.com/amplify_video/1443961544488984579/vid/480x270/34_lY5FSpHG4FOfg.mp4?tag=14', bitrate=288000), VideoVariant(contentType='application/x-mpegURL', url='https://video.twimg.com/amplify_video/1443961544488984579/pl/EQ1ld2o6-hWYU7aC.m3u8?tag=14', bitrate=None)], duration=48.167, views=45899)]",mcafee,🚨Stay safe and secure with McAfee! 🚨 #Cybersecurity #ProtectYourDigitalLife #StaySafe #TechSavvy #McafeeShow #FridayNight #SecurityIsTheNewNormal #TechIsTheFuture #StayInControl #StaySecure #TechLovers #TechGeeks #TechEnthusiasts #TechFans #TechGuru #TechWhiz #TechGenius #TechNerd #TechYoutuber #TechBlogger #TechWriter
1122,2021-03-26 22:17:00,2552,NatGeo,"[Video(thumbnailUrl='https://pbs.twimg.com/amplify_video_thumb/1030597385343393792/img/y621Z5tJQuU9TX2P.jpg', variants=[VideoVariant(contentType='video/mp4', url='https://video.twimg.com/amplify_video/1030597385343393792/vid/640x360/OcycDCzv6mBjpoFI.mp4?tag=8', bitrate=832000), VideoVariant(contentType='video/mp4', url='https://video.twimg.com/amplify_video/1030597385343393792/vid/1280x720/tOw0pFyNLW8HaWHg.mp4?tag=8', bitrate=2176000), VideoVariant(contentType='video/mp4', url='https://video.twimg.com/amplify_video/1030597385343393792/vid/320x180/9WDGUJci_rPLGiCL.mp4?tag=8', bitrate=288000), VideoVariant(contentType='application/x-mpegURL', url='https://video.twimg.com/amplify_video/1030597385343393792/pl/DRqjO7PqvYzQ5PJ4.m3u8?tag=8', bitrate=None)], duration=39.607, views=529767)]",national geographic,🎉 Dive into the heart of nature with us this Friday! 🌿 #NationalGeographic #ExploreTheWondersOfTheWorld #NatureLovers #TravelWithNatGeo
2911,2023-01-29 04:57:42,89,SouthMetroPIO,"[Photo(previewUrl='https://pbs.twimg.com/media/FnnVl98WIAA3so7?format=jpg&name=small', fullUrl='https://pbs.twimg.com/media/FnnVl98WIAA3so7?format=jpg&name=large')]",metro,"🌞 Sunday morning in South Metro! 🌟 Whether you're heading to the park, grabbing brunch, or hitting the gym, #SouthMetro is here to help you make the most of your day. Stay connected with us on all your favorite platforms! 📺✨ #StayConnected #SouthMetropolis #SundayRoutine"
8147,2022-02-07 17:07:34,44,CBCNB,"[Photo(previewUrl='https://pbs.twimg.com/media/FLAmqivWYAMxRxb?format=jpg&name=small', fullUrl='https://pbs.twimg.com/media/FLAmqivWYAMxRxb?format=jpg&name=large')]",cbc,"🎉Stay tuned for CBC's #CBCNB coverage all day long! Whether it's news, sports, or entertainment, we've got you covered. Tune in and join the conversation! #CBC #CBCNews #CBCSports #CBCEntertainment"
7384,2022-10-20 04:05:04,111,barandbench,"[Photo(previewUrl='https://pbs.twimg.com/media/FffA9NvXgAA-7w3?format=jpg&name=small', fullUrl='https://pbs.twimg.com/media/FffA9NvXgAA-7w3?format=jpg&name=large')]",bar,🎉 Thursday night at @BarAndBench! 🍺🍻 Tune in for our special Thursday night event. Don't miss out on the fun! #ThursdayNight #BenchAndBar #StayTuned
3483,2021-11-22 20:02:39,106,wmata,"[Photo(previewUrl='https://pbs.twimg.com/media/FE0sCt2WYAY4KCN?format=jpg&name=small', fullUrl='https://pbs.twimg.com/media/FE0sCt2WYAY4KCN?format=jpg&name=large')]",metro,"Hey Metro! Ready to kick off the week with a bang? 🚀 Whether you're heading to work, running errands, or hitting the gym, we've got you covered. Let's make this Monday extra special! 💪 #Metro #MondayMotivation #GetFit #WorkFromHome #StayActive"
796,2022-03-03 04:16:19,110,AllanBell247,"[Gif(thumbnailUrl='https://pbs.twimg.com/tweet_video_thumb/FM5cSKNXIAEVO96.jpg', variants=[VideoVariant(contentType='video/mp4', url='https://video.twimg.com/tweet_video/FM5cSKNXIAEVO96.mp4', bitrate=0)])]",bell,"🎉 Thursday is here, and so is the perfect opportunity to shine! 🌟 Ready to kickstart your day with a bang? Let's make this Thursday extra special! 💪 #bell #socialmedia #branding #engagement #mondaymotivation"
1576,2021-04-08 09:06:00,13071,avonworldwide,"[Video(thumbnailUrl='https://pbs.twimg.com/ext_tw_video_thumb/1380080469807673347/pu/img/GRpj0IJxm1hfjwYK.jpg', variants=[VideoVariant(contentType='video/mp4', url='https://video.twimg.com/ext_tw_video/1380080469807673347/pu/vid/640x360/frFur8Q9fPgl2sAR.mp4?tag=12', bitrate=832000), VideoVariant(contentType='video/mp4', url='https://video.twimg.com/ext_tw_video/1380080469807673347/pu/vid/1280x720/_Lpin8-X-Z7AlEzJ.mp4?tag=12', bitrate=2176000), VideoVariant(contentType='video/mp4', url='https://video.twimg.com/ext_tw_video/1380080469807673347/pu/vid/480x270/Vs8r4xw_CrmLZu-r.mp4?tag=12', bitrate=256000), VideoVariant(contentType='application/x-mpegURL', url='https://video.twimg.com/ext_tw_video/1380080469807673347/pu/pl/viNmzxP710AyZGEw.m3u8?tag=12', bitrate=None)], duration=70.567, views=113405)]",avon,Hey Avon world 🌟 #AvonWorldwide is here to make your dreams come true with our amazing products and services. Let's create something amazing together! 💪✨ #ConnectWithAvon #MakeYourDreamsComeTrue
6177,2021-02-22 13:56:01,3045,DistanceCovered,"[Photo(previewUrl='https://pbs.twimg.com/media/Eu1eXyYWgAoMa3k?format=jpg&name=small', fullUrl='https://pbs.twimg.com/media/Eu1eXyYWgAoMa3k?format=jpg&name=large')]",williams,👋 Hey Willi! Ready to cover the distance between here and there? Let's make it happen! 🚗💨 #DistanceTravel #Traveling #ExploreTheWorld #GoWhereYouWant #AdventureIsJustAroundTheCorner 🌍✈️ #MondayMotivation #GetOutThere #TravelLovers #TravelGoals
6267,2021-09-13 23:18:07,115,gbellseattle,"[Video(thumbnailUrl='https://pbs.twimg.com/ext_tw_video_thumb/1437555801942421513/pu/img/e4nc3cOluGnDX7C3.jpg', variants=[VideoVariant(contentType='video/mp4', url='https://video.twimg.com/ext_tw_video/1437555801942421513/pu/vid/480x270/d2qXpK9f2BGSfKE2.mp4?tag=12', bitrate=256000), VideoVariant(contentType='video/mp4', url='https://video.twimg.com/ext_tw_video/1437555801942421513/pu/vid/1280x720/bPKreUhSlY36mEal.mp4?tag=12', bitrate=2176000), VideoVariant(contentType='video/mp4', url='https://video.twimg.com/ext_tw_video/1437555801942421513/pu/vid/640x360/PERXkIuqjMXzG_QO.mp4?tag=12', bitrate=832000), VideoVariant(contentType='application/x-mpegURL', url='https://video.twimg.com/ext_tw_video/1437555801942421513/pu/pl/wYvJRDlszJhaRcyS.m3u8?tag=12&container=fmp4', bitrate=None)], duration=100.15, views=4754)]",bell,"🎉Hey everyone! It's time to start the week with a bang! 🌟 Whether you're in Seattle or anywhere else, let's make this Monday extra special. #MondayMotivation #GBellSeattle #StartTheWeekRight"
2459,2021-02-07 15:52:53,62,VMSportIE,"[Video(thumbnailUrl='https://pbs.twimg.com/media/EtopOAAXIAQTy6q.jpg', variants=[VideoVariant(contentType='video/mp4', url='https://video.twimg.com/amplify_video/1358443537734512647/vid/1280x720/CjrmXCXohBB5aXD5.mp4?tag=14', bitrate=2176000), VideoVariant(contentType='video/mp4', url='https://video.twimg.com/amplify_video/1358443537734512647/vid/480x270/wX9mGxW7WBP88_Ud.mp4?tag=14', bitrate=288000), VideoVariant(contentType='application/x-mpegURL', url='https://video.twimg.com/amplify_video/1358443537734512647/pl/-G843A1ghMMJOLfS.m3u8?tag=14', bitrate=None), VideoVariant(contentType='video/mp4', url='https://video.twimg.com/amplify_video/1358443537734512647/vid/640x360/qnH2FV6smJDPFAvk.mp4?tag=14', bitrate=832000)], duration=38.64, views=5702)]",virgin media,"🎉Stay tuned for the ultimate Sunday afternoon experience at Virgin Media! Whether you're streaming your favorite shows or playing your favorite games, we've got you covered. Don't miss out on the best parts of the day! 📺🎮 #VirginMedia #SundayAfternoon #EnjoyTheDay"
3313,2021-07-10 21:12:30,546,amandashires,"[Photo(previewUrl='https://pbs.twimg.com/media/E59trXAX0AIEew4?format=jpg&name=small', fullUrl='https://pbs.twimg.com/media/E59trXAX0AIEew4?format=jpg&name=large'), Photo(previewUrl='https://pbs.twimg.com/media/E59trXEXEAYgOVS?format=jpg&name=small', fullUrl='https://pbs.twimg.com/media/E59trXEXEAYgOVS?format=jpg&name=large'), Photo(previewUrl='https://pbs.twimg.com/media/E59trYbWYAEIrbJ?format=jpg&name=small', fullUrl='https://pbs.twimg.com/media/E59trYbWYAEIrbJ?format=jpg&name=large'), Photo(previewUrl='https://pbs.twimg.com/media/E59trcOWYAErH9d?format=jpg&name=small', fullUrl='https://pbs.twimg.com/media/E59trcOWYAErH9d?format=jpg&name=large')]",monster,🎉 Saturday night is here! 🌆✨ Let's party like it's 2023! 💥 #AmandaShires #SaturdayNight #StayTuned #PartyLikeIt's1999
1254,2022-10-08 19:03:13,0,AAASouthJersey,"[Photo(previewUrl='https://pbs.twimg.com/media/Fekbd0VWIAA3BWU?format=jpg&name=small', fullUrl='https://pbs.twimg.com/media/Fekbd0VWIAA3BWU?format=jpg&name=large')]",aaa,"🎉 Saturday night in @AAASouthJersey! 🌇 Whether you're chilling at home or out with the gang, we've got everything you need to make the most of the evening. From delicious food to fun activities, we're here to make your night unforgettable! #StayTuned #SaturdayNight #AAA_SouthernJersey #EnjoyTheEvening"
6835,2022-01-13 22:12:26,1990,KaggyFilms,"[Photo(previewUrl='https://pbs.twimg.com/media/FJA8saqVIAQ_iqR?format=jpg&name=small', fullUrl='https://pbs.twimg.com/media/FJA8saqVIAQ_iqR?format=jpg&name=large'), Photo(previewUrl='https://pbs.twimg.com/media/FJA8sgkVUAIFlKu?format=jpg&name=small', fullUrl='https://pbs.twimg.com/media/FJA8sgkVUAIFlKu?format=jpg&name=large'), Photo(previewUrl='https://pbs.twimg.com/media/FJA8sjIVQAAmXwZ?format=jpg&name=small', fullUrl='https://pbs.twimg.com/media/FJA8sjIVQAAmXwZ?format=jpg&name=large')]",saab,🚨Stay tuned for the latest in automotive innovation! 🚨 Saab is back on the road with a sleek new model. Don't miss out on the future of driving. #Saab #FutureOfDriving #StayConnectedSaab
8795,2021-09-14 17:12:45,481,AmazonStudios,"[Video(thumbnailUrl='https://pbs.twimg.com/ext_tw_video_thumb/1437825318518022144/pu/img/lPT5c6X-k_nWSSaX.jpg', variants=[VideoVariant(contentType='video/mp4', url='https://video.twimg.com/ext_tw_video/1437825318518022144/pu/vid/320x320/5Gfc5-_TQe4_ZG-y.mp4?tag=12', bitrate=432000), VideoVariant(contentType='application/x-mpegURL', url='https://video.twimg.com/ext_tw_video/1437825318518022144/pu/pl/SBLxxle33FqZkTUL.m3u8?tag=12&container=fmp4', bitrate=None), VideoVariant(contentType='video/mp4', url='https://video.twimg.com/ext_tw_video/1437825318518022144/pu/vid/720x720/G0Xkp96OmfI-s9pV.mp4?tag=12', bitrate=1280000), VideoVariant(contentType='video/mp4', url='https://video.twimg.com/ext_tw_video/1437825318518022144/pu/vid/540x540/IGss4CYsaUEsSAuD.mp4?tag=12', bitrate=832000)], duration=120.495, views=36623)]",amazon,"🎉 Tuesday is here, and so is the perfect time to dive into the world of 🛍️✨. Let's make the most of the day with some of the best things Amazon has to offer. Whether you're looking for the latest in tech, books, or movies, we've got you covered. Join us in the Amazon community and let's create memories together! #Amazon #Tuesday #Tech #Books #Movies #Community #EngageWithUs"
3838,2022-10-21 04:56:37,550,funnybrad,"[Video(thumbnailUrl='https://pbs.twimg.com/ext_tw_video_thumb/1526689752132493315/pu/img/IohfBMDHbuvLtbAu.jpg', variants=[VideoVariant(contentType='video/mp4', url='https://video.twimg.com/ext_tw_video/1526689752132493315/pu/vid/720x804/phavn2F9M39GUT2L.mp4?tag=12', bitrate=2176000), VideoVariant(contentType='video/mp4', url='https://video.twimg.com/ext_tw_video/1526689752132493315/pu/vid/480x536/0hU837YJqdgum3Tw.mp4?tag=12', bitrate=950000), VideoVariant(contentType='application/x-mpegURL', url='https://video.twimg.com/ext_tw_video/1526689752132493315/pu/pl/E8HcKlPt7YPJq8ja.m3u8?tag=12&container=fmp4', bitrate=None), VideoVariant(contentType='video/mp4', url='https://video.twimg.com/ext_tw_video/1526689752132493315/pu/vid/320x356/EJsx6PDLw66bDlhk.mp4?tag=12', bitrate=632000)], duration=12.093, views=4971380)]",williams,"🎉 Friday is here, and so is the perfect time for some laughs! #FunnyBrad #FridayNight #LaughterIsTheBest Medicine #StayTunedForMore"
4399,2022-08-27 10:03:37,0,IndependentNGR,"[Photo(previewUrl='https://pbs.twimg.com/media/FbKNMCLagAEL_mc?format=jpg&name=small', fullUrl='https://pbs.twimg.com/media/FbKNMCLagAEL_mc?format=jpg&name=large')]",independent,"Happy Saturday, everyone! 🌞 Let's kick off the day with a dose of independence and creativity. Remember to #StayIndependent and let your unique voice shine through. #SaturdayRoutine #CreativityUnleashed"
3596,2021-11-13 19:49:57,435,WilliamsRacing,"[Photo(previewUrl='https://pbs.twimg.com/media/FEGSbjSWYAYIVS5?format=jpg&name=small', fullUrl='https://pbs.twimg.com/media/FEGSbjSWYAYIVS5?format=jpg&name=large')]",williams,"🎉 Saturday night at Williams Racing! 🚗💨 Whether you're chasing the stars or just cruising through life, we've got the wheels to match your style. Join us for a weekend of speed, innovation, and fun! #SpeedLovers #RacingFanatics #WilliamsRacecars #SaturdayNight #EngageWithUs"
6622,2022-02-02 01:00:01,4,CiscoIoT,"[Photo(previewUrl='https://pbs.twimg.com/media/FKjZQkQWQAA_TTX?format=png&name=small', fullUrl='https://pbs.twimg.com/media/FKjZQkQWQAA_TTX?format=png&name=large')]",cisco,🚀Stay ahead of the curve with Cisco IoT! 🚀 Discover the future of connected everything. #IoT #Cisco #StayConnected #TechSavvy #InnovateNow
8383,2021-08-27 13:00:01,6,TimHortonsGCC,"[Photo(previewUrl='https://pbs.twimg.com/media/E9zJQpJX0AQxW4T?format=jpg&name=small', fullUrl='https://pbs.twimg.com/media/E9zJQpJX0AQxW4T?format=jpg&name=large')]",tim hortons,"🎉 Friday at Tim Hortons! 🍴 Whether you're craving a classic cup of coffee or a hearty meal, we've got you covered with our delicious menu and friendly service. Don't forget to check out our latest promotions! 🎉 #timhortons #friday #timhortsaturday"
2125,2021-02-16 13:20:22,68,TargetNews,"[Photo(previewUrl='https://pbs.twimg.com/media/EuWcf0uXIAQPGjh?format=jpg&name=small', fullUrl='https://pbs.twimg.com/media/EuWcf0uXIAQPGjh?format=jpg&name=large')]",target,"🎉 Tuesday is here, and so is a fresh batch of exciting news from @Target! Stay tuned for the latest trends, deals, and more! 🛍️✨ #TargetNews #TuesdayTreats #ShopNow"
3239,2022-07-12 12:08:11,1,IndependentNGR,"[Photo(previewUrl='https://pbs.twimg.com/media/FXdwkStVQAEW-t3?format=jpg&name=small', fullUrl='https://pbs.twimg.com/media/FXdwkStVQAEW-t3?format=jpg&name=large')]",independent,"Happy Tuesday, everyone! 🌟 Check out our latest post on independent thinking and the power of unique perspectives. #Innovate #Unique #Inspire #TuesdayMotivation"
5404,2022-03-20 10:11:25,796,David_Cameron,"[Photo(previewUrl='https://pbs.twimg.com/media/FOSPg44XwAUZaIa?format=jpg&name=small', fullUrl='https://pbs.twimg.com/media/FOSPg44XwAUZaIa?format=jpg&name=large'), Photo(previewUrl='https://pbs.twimg.com/media/FOSPiUJXEAE3bgZ?format=jpg&name=small', fullUrl='https://pbs.twimg.com/media/FOSPiUJXEAE3bgZ?format=jpg&name=large'), Photo(previewUrl='https://pbs.twimg.com/media/FOSPr9oWYAkRSyd?format=jpg&name=small', fullUrl='https://pbs.twimg.com/media/FOSPr9oWYAkRSyd?format=jpg&name=large')]",cameron,"Happy Sunday, everyone! 🌞 #DavidCameron #PrimeMinister 📈 #UK #SocialMedia #EngageWithUs #StayHome #StaySafe #SundayRoutine #Sunshine #GoodTimes #GreatBritain #UnitedKingdom #StayHealthy #StayStrong #StayPositive #StayInTouch #StayConnected #StayUnited #StayTogether #StayInspired #StayMotivated #StayConfident #StayDetermined #StayResilient #StayAdventurous #"
5999,2021-09-28 08:28:52,206,Michelin_Sport,"[Video(thumbnailUrl='https://pbs.twimg.com/ext_tw_video_thumb/1442768161921802240/pu/img/DJMQAQFQ_xod_GTm.jpg', variants=[VideoVariant(contentType='video/mp4', url='https://video.twimg.com/ext_tw_video/1442768161921802240/pu/vid/540x540/tHQ23tv5_VHuW8Bu.mp4?tag=12', bitrate=832000), VideoVariant(contentType='application/x-mpegURL', url='https://video.twimg.com/ext_tw_video/1442768161921802240/pu/pl/TYThjghCnl9opFgH.m3u8?tag=12&container=fmp4', bitrate=None), VideoVariant(contentType='video/mp4', url='https://video.twimg.com/ext_tw_video/1442768161921802240/pu/vid/320x320/D2xEV-Wjfk3vUc_W.mp4?tag=12', bitrate=432000), VideoVariant(contentType='video/mp4', url='https://video.twimg.com/ext_tw_video/1442768161921802240/pu/vid/720x720/qXstpiIn7fJ1n2AU.mp4?tag=12', bitrate=1280000)], duration=59.56, views=11403)]",michelin,"🎉 #Michelin #Sport 🚀 Whether you're a seasoned pro or just starting your journey, #Michelins know the importance of pushing the boundaries. Let's #RideTheEdge together! 🚗💨 #Motorsports #CarLovers #SportingGenius"
5939,2022-07-14 16:56:39,138,HomeDepot,"[Photo(previewUrl='https://pbs.twimg.com/media/FXpFpb6UEAEGXHt?format=jpg&name=small', fullUrl='https://pbs.twimg.com/media/FXpFpb6UEAEGXHt?format=jpg&name=large'), Photo(previewUrl='https://pbs.twimg.com/media/FXpFw2jUIAEX32O?format=jpg&name=small', fullUrl='https://pbs.twimg.com/media/FXpFw2jUIAEX32O?format=jpg&name=large')]",home depot,"🎉 Ready to make your home better? Visit us at HomeDepot to find the tools, materials, and inspiration you need to transform your space! #DIY #HomeImprovement #BuildYourDreamHome"
2046,2022-09-16 15:11:03,152,CNBCClosingBell,"[Video(thumbnailUrl='https://pbs.twimg.com/media/FcyTWLpWYAc0UwX.jpg', variants=[VideoVariant(contentType='application/x-mpegURL', url='https://video.twimg.com/amplify_video/1570792305992384512/pl/i_lwkR1X84bkYA1x.m3u8?tag=14&container=fmp4&v=179', bitrate=None), VideoVariant(contentType='video/mp4', url='https://video.twimg.com/amplify_video/1570792305992384512/vid/640x360/WbYzeWnuNixpknMk.mp4?tag=14', bitrate=832000), VideoVariant(contentType='video/mp4', url='https://video.twimg.com/amplify_video/1570792305992384512/vid/1280x720/WnD5CUIEccez6Z-0.mp4?tag=14', bitrate=2176000), VideoVariant(contentType='video/mp4', url='https://video.twimg.com/amplify_video/1570792305992384512/vid/480x270/drtMWMVXjT17CwCT.mp4?tag=14', bitrate=288000)], duration=51.926, views=23779)]",bell,🎉 Friday's almost here! 🚀 Get ready to close out the week with a bang! #CNBClosingBell #EndOfTheWeek #StayTuned
1579,2022-03-26 14:25:39,4143,redbullracing,"[Photo(previewUrl='https://pbs.twimg.com/media/FOyD7yaXMAMXacB?format=jpg&name=small', fullUrl='https://pbs.twimg.com/media/FOyD7yaXMAMXacB?format=jpg&name=large')]",red bull,"🎉 #RedBullRacing is ready to take on the world! 🚀 Whether you're chasing your dreams or just looking for a boost, Red Bull is here to give you that extra push. Let's go! 🏃💨 #MotivationMonday #RiseAndShine"
15,2022-06-27 22:00:07,24,BlackBerry,"[Photo(previewUrl='https://pbs.twimg.com/media/FWSoM0xX0AAaMj8?format=png&name=small', fullUrl='https://pbs.twimg.com/media/FWSoM0xX0AAaMj8?format=png&name=large')]",blackberry,"Monday night is here, and so is the #BlackBerry revolution. Stay connected, stay secure, and stay ahead with the best in mobile technology. #StayConnected #StaySecure #StayAhead"
2674,2021-06-28 12:55:58,153,Unilever,"[Video(thumbnailUrl='https://pbs.twimg.com/ext_tw_video_thumb/1409494070184054786/pu/img/64nRum2FWmzZCfVA.jpg', variants=[VideoVariant(contentType='application/x-mpegURL', url='https://video.twimg.com/ext_tw_video/1409494070184054786/pu/pl/btfyGDHefQPI8zen.m3u8?tag=12&container=fmp4', bitrate=None), VideoVariant(contentType='video/mp4', url='https://video.twimg.com/ext_tw_video/1409494070184054786/pu/vid/320x320/BcES1tLHZV8lQPuk.mp4?tag=12', bitrate=432000), VideoVariant(contentType='video/mp4', url='https://video.twimg.com/ext_tw_video/1409494070184054786/pu/vid/720x720/qLUFiRQGbJ6D37d-.mp4?tag=12', bitrate=1280000), VideoVariant(contentType='video/mp4', url='https://video.twimg.com/ext_tw_video/1409494070184054786/pu/vid/540x540/zVxD8Qcc9tJr6Eyj.mp4?tag=12', bitrate=832000)], duration=56.0, views=35463)]",unilever,"Happy Monday, everyone! 🌟 Ready to make a difference in the world? Unilever is here to help. Join us in creating a better tomorrow. #UniteForChange #TogetherWeCan #MakeADifference"
7017,2022-01-19 21:19:02,239,KingsDominionVA,"[Photo(previewUrl='https://pbs.twimg.com/media/FJfqAkJWUAg1qL0?format=jpg&name=small', fullUrl='https://pbs.twimg.com/media/FJfqAkJWUAg1qL0?format=jpg&name=large')]",dominion,"🎉DOMINION VA brings you a night filled with laughter, fun, and family at our thrilling rides and attractions! Don't miss out on the best time of the year! #dominionva #dominionpark #familyfun #excitement #nightlife"
8721,2021-04-23 20:00:09,6,USAA,"[Photo(previewUrl='https://pbs.twimg.com/media/EzrxHCZXMAIiX5U?format=jpg&name=small', fullUrl='https://pbs.twimg.com/media/EzrxHCZXMAIiX5U?format=jpg&name=large')]",usaa,"🎉 Friday night is here, and so is the perfect time to catch up with friends and family! 📺✨ #USAA #FridayNight #ConnectWithUs"
8850,2022-11-18 04:00:02,145,Shell_Uganda,"[Photo(previewUrl='https://pbs.twimg.com/media/Fh0V7QRXwAAFrCe?format=jpg&name=small', fullUrl='https://pbs.twimg.com/media/Fh0V7QRXwAAFrCe?format=jpg&name=large')]",shell,"🎉 Friday is here, and so is a perfect opportunity to shine! 🌟 #ShellUganda is ready to make your day extra special with our latest offers. Don't miss out on the chance to win a prize! #WinWithShell #FridayFunday #ShellPromotions #UGANDAEXPLORES"
4813,2022-08-15 17:27:01,0,armnewsteam,"[Photo(previewUrl='https://pbs.twimg.com/media/FaN_mL1XkAgcWcp?format=png&name=small', fullUrl='https://pbs.twimg.com/media/FaN_mL1XkAgcWcp?format=png&name=large')]",arm,"🎉 Monday Morning Motivation! Ready to kickstart your week with #ArmNewTech? 🚀 Whether you're a tech enthusiast or just starting your day, let's make it a great one together! #StayMotivated #TechLovers #MondayMotivation"
1085,2021-06-13 05:56:30,949,nojumper,"[Photo(previewUrl='https://pbs.twimg.com/media/E3vZGDgVEAcc1hG?format=jpg&name=small', fullUrl='https://pbs.twimg.com/media/E3vZGDgVEAcc1hG?format=jpg&name=large')]",no,"🌞 Sunday morning vibes! 🌞 Whether you're catching up with friends or relaxing at home, #NoJumper is here to make your day brighter. Let's jump into the weekend together! 🚀 #StayActive #FitnessGoals #SundayRoutine #HealthyHabits"
4984,2021-05-17 21:02:00,184,RadioFreeAsia,"[Photo(previewUrl='https://pbs.twimg.com/media/E1nbJDUXIAc3pOu?format=jpg&name=small', fullUrl='https://pbs.twimg.com/media/E1nbJDUXIAc3pOu?format=jpg&name=large')]",free,"👋Hey friends! It's time to turn up the volume on your week with @Radio_FreeAsia. Tune in for the latest news, insights, and entertainment. 🌍✨ Tune in now and join the conversation! #Radio #FreeAsia #StayInTouch #EngageWithUs"
7156,2021-09-14 21:01:32,33,AMCTheatres,"[Video(thumbnailUrl='https://pbs.twimg.com/ext_tw_video_thumb/1437883857068568577/pu/img/zbb898TcpCoHdVO0.jpg', variants=[VideoVariant(contentType='video/mp4', url='https://video.twimg.com/ext_tw_video/1437883857068568577/pu/vid/720x720/uue2N8mK8cetNwjw.mp4?tag=12', bitrate=1280000), VideoVariant(contentType='video/mp4', url='https://video.twimg.com/ext_tw_video/1437883857068568577/pu/vid/320x320/x4cA7SFdU9aSxqop.mp4?tag=12', bitrate=432000), VideoVariant(contentType='application/x-mpegURL', url='https://video.twimg.com/ext_tw_video/1437883857068568577/pu/pl/la81tAOSE5T6wnEz.m3u8?tag=12&container=fmp4', bitrate=None), VideoVariant(contentType='video/mp4', url='https://video.twimg.com/ext_tw_video/1437883857068568577/pu/vid/540x540/fncETb8i-Z1dJmDr.mp4?tag=12', bitrate=832000)], duration=94.955, views=1879)]",amc,🎉 #TuesdayNight #MovieTime #AMCTheatres #StayTuned! Join us at AMC Theatres for a night out with friends and family. Don't miss out on the latest releases! 🎬🍿 #Entertainment #MovieFanatics #AMCFamily #StayAMC
2885,2021-06-22 00:22:59,115,MTNDEWGaming,"[Photo(previewUrl='https://pbs.twimg.com/media/E4cjEDCVoAIZzAD?format=jpg&name=small', fullUrl='https://pbs.twimg.com/media/E4cjEDCVoAIZzAD?format=jpg&name=large')]",mtn,🚨Stay tuned for the latest in gaming with MTN DEWGaming! #MTN #Gaming #Tech #StayConnected #MTNDigitalLife
334,2021-11-10 13:33:01,3,CiscoUmbrella,"[Photo(previewUrl='https://pbs.twimg.com/media/FD1gD2cWYAMhr2L?format=png&name=small', fullUrl='https://pbs.twimg.com/media/FD1gD2cWYAMhr2L?format=png&name=large')]",cisco,🚀Stay safe and secure with Cisco Umbrella! 🚀 #Cisco #Cybersecurity #StaySecure #ProtectYourData #StaySafe #TechSavvy #SecurityFirst #StayInControl #Cyberspace #TechGuru #TechLover #TechEnthusiast #TechWhiz #TechGeek #TechNerd #TechYoutuber #TechBlogger #TechWriter #TechDesigner #TechCreator #TechInnovator #TechGenius #Tech
7205,2022-07-08 11:34:52,1996,AmazonNews_IN,"[Video(thumbnailUrl='https://pbs.twimg.com/ext_tw_video_thumb/1545359280433274881/pu/img/Fqa0Tc-fXj1Qbvpc.jpg', variants=[VideoVariant(contentType='video/mp4', url='https://video.twimg.com/ext_tw_video/1545359280433274881/pu/vid/720x720/7WoGV9LDSj1UAlQx.mp4?tag=12', bitrate=1280000), VideoVariant(contentType='video/mp4', url='https://video.twimg.com/ext_tw_video/1545359280433274881/pu/vid/320x320/6i3pE4eTTr13ADhh.mp4?tag=12', bitrate=432000), VideoVariant(contentType='video/mp4', url='https://video.twimg.com/ext_tw_video/1545359280433274881/pu/vid/540x540/uMuFGaAft3IkwEPn.mp4?tag=12', bitrate=832000), VideoVariant(contentType='application/x-mpegURL', url='https://video.twimg.com/ext_tw_video/1545359280433274881/pu/pl/_psZGTTsGoHAr0nV.m3u8?tag=12&container=fmp4', bitrate=None)], duration=33.04, views=13083)]",amazon,"🎉 Friday is here, and so is the best place to shop: **@Amazon**! 🛍️ Whether you're looking for the latest tech, books, or groceries, we've got you covered. #ShopWithUs #Amazon #FridayFunday"
4368,2021-02-04 17:58:21,46,CBCToronto,"[Photo(previewUrl='https://pbs.twimg.com/media/EtZpOhzWYAMNfiB?format=jpg&name=small', fullUrl='https://pbs.twimg.com/media/EtZpOhzWYAMNfiB?format=jpg&name=large')]",cbc,🎉Stay tuned for the latest news and insights from @CBC_Toronto! 🚀 #CBC #CBCToronto #CBCNews #CBCInsight #StayInformed
3080,2021-09-21 12:23:11,145,johnbradysf,"[Photo(previewUrl='https://pbs.twimg.com/media/E_zwlAoVEAcie6C?format=jpg&name=small', fullUrl='https://pbs.twimg.com/media/E_zwlAoVEAcie6C?format=jpg&name=large'), Photo(previewUrl='https://pbs.twimg.com/media/E_zwlAmUcAg6NA5?format=jpg&name=small', fullUrl='https://pbs.twimg.com/media/E_zwlAmUcAg6NA5?format=jpg&name=large')]",td,"🎉 Tuesday is here, and so is #JohnBradysSF! 🏃🏃‍♂️ Let's get ready to tackle the day with #FitnessGoals! #StayStrong #MondayMotivation #Workout #HealthyLifestyle #FitnessCommunity #MotivationMonday #StayFit #FitnessJunkie #FitnessLover #FitnessFanatic #FitnessAddict #FitnessEnthusiast #FitnessMentor #FitnessCoach #FitnessTrainer #FitnessGuru #Fitness"
7204,2022-07-30 04:01:05,801,CNN,"[Video(thumbnailUrl='https://pbs.twimg.com/amplify_video_thumb/1552813787387944960/img/7yjh2SqJt1VsLWQt.jpg', variants=[VideoVariant(contentType='video/mp4', url='https://video.twimg.com/amplify_video/1552813787387944960/vid/640x360/Qg4iQF9hv_QY0-9a.mp4?tag=14', bitrate=832000), VideoVariant(contentType='video/mp4', url='https://video.twimg.com/amplify_video/1552813787387944960/vid/1280x720/pJHTskdaCslEo_-c.mp4?tag=14', bitrate=2176000), VideoVariant(contentType='application/x-mpegURL', url='https://video.twimg.com/amplify_video/1552813787387944960/pl/9awewjCreU1FBGMj.m3u8?tag=14&container=fmp4', bitrate=None), VideoVariant(contentType='video/mp4', url='https://video.twimg.com/amplify_video/1552813787387944960/vid/480x270/ASf2q9ciihcIYZ3u.mp4?tag=14', bitrate=288000)], duration=80.547, views=580717)]",cnn,"🎉Stay tuned for the latest news from @CNN on Saturday, April 14th at 2:05pm ET! #CNN #BreakingNews #StayInformed"
9910,2021-11-19 02:00:00,19868,ASTRO_Staff,"[Photo(previewUrl='https://pbs.twimg.com/media/FEfCWP4aAAAerex?format=jpg&name=small', fullUrl='https://pbs.twimg.com/media/FEfCWP4aAAAerex?format=jpg&name=large')]",astro,"🎉 Friday is here, and so is the chance to shine brighter than ever! 🌟 #ASTROStaff #FridayGoals #WorkFromHome #StayCreative #MotivationMonday"
8865,2022-06-13 18:41:10,1,IndependentNGR,"[Photo(previewUrl='https://pbs.twimg.com/media/FVJ0aNUUUAARUk9?format=jpg&name=small', fullUrl='https://pbs.twimg.com/media/FVJ0aNUUUAARUk9?format=jpg&name=large')]",independent,"Happy Monday, everyone! 🌞 Let's kick off the week with a fresh start. Remember to stay positive and focused. #MondayMotivation #StayPositive #StartTheDayRight"
264,2021-10-25 09:21:56,146,barandbench,"[Photo(previewUrl='https://pbs.twimg.com/media/FCiNJdXVcAA77ug?format=jpg&name=small', fullUrl='https://pbs.twimg.com/media/FCiNJdXVcAA77ug?format=jpg&name=large')]",bar,🎉 Monday Morning Motivation: Ready to tackle the week? Let's #BarAndBench together! 🏃🏋️‍♂️ #Workout #FitnessGoals #MondayMotivation #StayStrong #GetFit #HealthyHabits
4338,2021-02-09 02:05:01,43,SAPdevs,"[Photo(previewUrl='https://pbs.twimg.com/media/Etv--RWXEAIbZqJ?format=jpg&name=small', fullUrl='https://pbs.twimg.com/media/Etv--RWXEAIbZqJ?format=jpg&name=large')]",sap,"🎉 Tuesday is here, and so is the #SAPmoment! 🚀 Whether you're working on a project or just catching up with friends, let's make the most of the day together. #TeamSAP #WorkFromHome #ConnectWithSAP"
8896,2022-07-10 07:00:14,112,METROFMSA,"[Photo(previewUrl='https://pbs.twimg.com/media/FXSW5x4XwAAgLN1?format=jpg&name=small', fullUrl='https://pbs.twimg.com/media/FXSW5x4XwAAgLN1?format=jpg&name=large')]",sabc,"🎉 Sunday Morning Bliss! 🌟 Wake up to a day filled with sunshine, coffee, and the sound of birds chirping. #SABC #SundayMornings #WakeUpAndSmile"
8448,2021-11-05 12:00:16,2434,monsterhunter,"[Photo(previewUrl='https://pbs.twimg.com/media/FDba4gyXsAEbide?format=jpg&name=small', fullUrl='https://pbs.twimg.com/media/FDba4gyXsAEbide?format=jpg&name=large'), Photo(previewUrl='https://pbs.twimg.com/media/FDba4hDX0AMzsSJ?format=jpg&name=small', fullUrl='https://pbs.twimg.com/media/FDba4hDX0AMzsSJ?format=jpg&name=large')]",monster,"🎉 Friday is here, and so is the chance to hunt down the best deals! 🌟 #MonsterHunter #FridayFestivity #ShopTillYouDrop"
5904,2022-08-20 14:10:01,109,SABCNews,"[Video(thumbnailUrl='https://pbs.twimg.com/ext_tw_video_thumb/1560992072009654274/pu/img/o9q7OSAWYphI9rbh.jpg', variants=[VideoVariant(contentType='application/x-mpegURL', url='https://video.twimg.com/ext_tw_video/1560992072009654274/pu/pl/Nz7QwbjoI-7fOsvr.m3u8?tag=12&container=fmp4', bitrate=None), VideoVariant(contentType='video/mp4', url='https://video.twimg.com/ext_tw_video/1560992072009654274/pu/vid/476x270/WCKUUUJvIJUb2ujd.mp4?tag=12', bitrate=256000), VideoVariant(contentType='video/mp4', url='https://video.twimg.com/ext_tw_video/1560992072009654274/pu/vid/636x360/_kHkEsZ_CvlbdHlM.mp4?tag=12', bitrate=832000), VideoVariant(contentType='video/mp4', url='https://video.twimg.com/ext_tw_video/1560992072009654274/pu/vid/848x480/8v_u6RKvQWQlBvmD.mp4?tag=12', bitrate=2176000)], duration=19.504, views=8163)]",sabc,🎉Stay tuned for the latest news at SABC News! 🌟 Tune in at 2 PM on Saturday for your daily dose of local and national updates. #SABC #StayInformed #NewsAt14
1499,2022-06-15 17:00:48,254,Honeywell_Home,"[Video(thumbnailUrl='https://pbs.twimg.com/ext_tw_video_thumb/1537117909822099456/pu/img/k54ySMTgVwFVYdMP.jpg', variants=[VideoVariant(contentType='video/mp4', url='https://video.twimg.com/ext_tw_video/1537117909822099456/pu/vid/720x720/Kqc7cA7rGtZbv2ud.mp4?tag=12', bitrate=1280000), VideoVariant(contentType='video/mp4', url='https://video.twimg.com/ext_tw_video/1537117909822099456/pu/vid/540x540/_bINS4kmzuPIkSs2.mp4?tag=12', bitrate=832000), VideoVariant(contentType='video/mp4', url='https://video.twimg.com/ext_tw_video/1537117909822099456/pu/vid/320x320/SGUNccQQWmF5ctKV.mp4?tag=12', bitrate=432000), VideoVariant(contentType='application/x-mpegURL', url='https://video.twimg.com/ext_tw_video/1537117909822099456/pu/pl/7EBuOgSWnmQuPIfZ.m3u8?tag=12&container=fmp4', bitrate=None)], duration=10.0, views=1593)]",honeywell,"🎉Stay cozy and sweet with Honeywell Home! 🌱❄️ Whether you're at home or on the go, our smart home solutions are here to make your day just a little bit sweeter. #HomeSweetHome #SmartHome #StayCozy"
4191,2022-05-16 09:06:00,2,NH7,"[Photo(previewUrl='https://pbs.twimg.com/media/FS3kNx0aQAAoPF7?format=jpg&name=small', fullUrl='https://pbs.twimg.com/media/FS3kNx0aQAAoPF7?format=jpg&name=large'), Photo(previewUrl='https://pbs.twimg.com/media/FS3kOXNaAAAORKn?format=jpg&name=small', fullUrl='https://pbs.twimg.com/media/FS3kOXNaAAAORKn?format=jpg&name=large'), Photo(previewUrl='https://pbs.twimg.com/media/FS3kPItaMAIFfPK?format=jpg&name=small', fullUrl='https://pbs.twimg.com/media/FS3kPItaMAIFfPK?format=jpg&name=large'), Photo(previewUrl='https://pbs.twimg.com/media/FS3kPqzagAAkez9?format=jpg&name=small', fullUrl='https://pbs.twimg.com/media/FS3kPqzagAAkez9?format=jpg&name=large')]",bacardi,"Happy Monday, everyone! 🌞 #Bacardi #MondayMotivation Let's raise a glass to a great day ahead. Cheers! #Cheers #MondayMood"
7486,2021-04-10 17:43:36,161,Kiana__W,"[Photo(previewUrl='https://pbs.twimg.com/media/EyoVL3iWgAE1Zfr?format=jpg&name=small', fullUrl='https://pbs.twimg.com/media/EyoVL3iWgAE1Zfr?format=jpg&name=large')]",williams,"🎉 Saturday is here, and so is the perfect time to unwind! 🌍✨ Whether you're chilling at home or out with friends, #williams is here to make your day brighter. Let's #shinebrighten together! 💫 #socialmedia #branding #engagement #sunshine #happyhour"
9644,2021-07-23 23:39:28,1908,nojumper,"[Video(thumbnailUrl='https://pbs.twimg.com/ext_tw_video_thumb/1418717385868124161/pu/img/kIQSpXuFErKCK4-1.jpg', variants=[VideoVariant(contentType='video/mp4', url='https://video.twimg.com/ext_tw_video/1418717385868124161/pu/vid/576x720/W2Rivp1y2D6YNWV_.mp4?tag=12', bitrate=2176000), VideoVariant(contentType='application/x-mpegURL', url='https://video.twimg.com/ext_tw_video/1418717385868124161/pu/pl/V6b3wBWAIpAql79v.m3u8?tag=12&container=fmp4', bitrate=None), VideoVariant(contentType='video/mp4', url='https://video.twimg.com/ext_tw_video/1418717385868124161/pu/vid/320x400/y2eVblyM6fYzj3Kq.mp4?tag=12', bitrate=632000), VideoVariant(contentType='video/mp4', url='https://video.twimg.com/ext_tw_video/1418717385868124161/pu/vid/480x600/ffGmBbyrPGQFKyp5.mp4?tag=12', bitrate=950000)], duration=11.657, views=73565)]",no,🎉 Friday night is here! Let's jump into the weekend with #NoJumper! 🏃💨 #FitnessFriday #StayActive #GetFit #Workout #HealthyLifestyle #MotivationMonday #MotivateMe #FitnessGoals #StayStrong #StayHealthy #FitnessJunkie #FitnessLover #FitnessCommunity #FitnessMotivation #FitnessInspiration #FitFam #FitLife #FitJourney #FitGoals #FitNerd #FitLady #FitGuy #
8311,2022-01-24 10:10:47,84,qatarairways,"[Video(thumbnailUrl='https://pbs.twimg.com/media/FIqGicdWYAEWeXK.jpg', variants=[VideoVariant(contentType='video/mp4', url='https://video.twimg.com/amplify_video/1480083598485164032/vid/1280x720/aMKkBk350shaN4aL.mp4?tag=14', bitrate=2176000), VideoVariant(contentType='video/mp4', url='https://video.twimg.com/amplify_video/1480083598485164032/vid/640x360/hNafzf-mzde7lQLY.mp4?tag=14', bitrate=832000), VideoVariant(contentType='video/mp4', url='https://video.twimg.com/amplify_video/1480083598485164032/vid/480x270/nU9FlsP_iRm73gsO.mp4?tag=14', bitrate=288000), VideoVariant(contentType='application/x-mpegURL', url='https://video.twimg.com/amplify_video/1480083598485164032/pl/uIkz6tatJrmP6LPj.m3u8?tag=14&container=fmp4', bitrate=None)], duration=60.06, views=12986)]",qatar airways,"🌍✈️ #MondayMood #QatarAirways 🚀 Whether you're heading to #Doha, #Abu Dhabi, or #Kuwait, Qatar Airways is here to make your journey unforgettable. #TravelWithQatar #ConnectTheWorld"
7591,2022-03-03 15:25:43,430,GlenWilliams12,"[Photo(previewUrl='https://pbs.twimg.com/media/FM71gndVIAMM-JS?format=jpg&name=small', fullUrl='https://pbs.twimg.com/media/FM71gndVIAMM-JS?format=jpg&name=large')]",williams,🎉Hey everyone! Ready to kick off the weekend? Let's dive into some fun and exciting things happening in the world of #Gaming! #StayTuned #Williams12 🚀🎮 #SocialMedia #EngageWithGlen #GamerLife
501,2022-09-29 17:51:40,10800,TwitterMovies,"[Photo(previewUrl='https://pbs.twimg.com/media/Fd1sU7gXwAUmxNF?format=jpg&name=small', fullUrl='https://pbs.twimg.com/media/Fd1sU7gXwAUmxNF?format=jpg&name=large'), Photo(previewUrl='https://pbs.twimg.com/media/Fd1rlyIXEAYyKbT?format=jpg&name=small', fullUrl='https://pbs.twimg.com/media/Fd1rlyIXEAYyKbT?format=jpg&name=large')]",twitter,🎉Stay tuned for the latest in #FilmFrenzy on Thursday night! Don't miss out on the #MovieMagic that's coming your way. #MovieLovers #StayTuned #ThursdayNight #FilmFanatics #MovieTime #MovieNight #MovieFestivals #MovieMakers #MovieCinema #MovieWorld #MovieScene #MovieShowtime #MovieParty #MovieFan #MovieBuff #MovieQueen #MovieKing #MovieStar #MovieHero #MovieKnight #
9156,2021-06-14 14:56:27,2255,cnnphilippines,"[Photo(previewUrl='https://pbs.twimg.com/media/E32ePfZUYAoSyV2?format=jpg&name=small', fullUrl='https://pbs.twimg.com/media/E32ePfZUYAoSyV2?format=jpg&name=large')]",cnn,Starting the week with a bang! #MondayMotivation #StayPositive #CnnPhilippines #WakeUpAndSmile #StartTheDayRight #EngageWithUs #FollowTheNews #StayInformed #StayConnected #StayHealthy #StayStrong #StayCreative #StayInspired #StayAdventurous #StayCurious #StayConfident #StayDetermined #StayResilient #StayEmpowered #StayMotivated #StayGrateful #StayHumble #Stay
9415,2022-05-20 17:00:10,161,MicrosoftEDU,"[Photo(previewUrl='https://pbs.twimg.com/media/FTN3IfqWUAA8zsP?format=png&name=small', fullUrl='https://pbs.twimg.com/media/FTN3IfqWUAA8zsP?format=png&name=large')]",microsoft,"🎉 Friday is here, and so is a chance to learn, innovate, and stay ahead of the game with Microsoft! 🚀✨ #TechSavvy #InnovateNow #StayAhead"
3096,2021-12-29 18:00:25,97,UPS,"[Video(thumbnailUrl='https://pbs.twimg.com/amplify_video_thumb/1476251685437779970/img/sxiEGCwKMy9lQq7V.jpg', variants=[VideoVariant(contentType='video/mp4', url='https://video.twimg.com/amplify_video/1476251685437779970/vid/720x720/OuNkG2S8op0O0ku2.mp4?tag=14', bitrate=1280000), VideoVariant(contentType='video/mp4', url='https://video.twimg.com/amplify_video/1476251685437779970/vid/320x320/5sd6Ma0eQf9TqM3Y.mp4?tag=14', bitrate=432000), VideoVariant(contentType='video/mp4', url='https://video.twimg.com/amplify_video/1476251685437779970/vid/540x540/bPDpeKR84XcjOk5e.mp4?tag=14', bitrate=832000), VideoVariant(contentType='application/x-mpegURL', url='https://video.twimg.com/amplify_video/1476251685437779970/pl/PZDu5kBOsfS95Hac.m3u8?tag=14&container=fmp4', bitrate=None)], duration=64.063, views=5047)]",ups,"🎉 Wednesday is here, and so is UPS! 🚚 Whether you're rushing to work or heading out for the day, we've got you covered. Stay safe and on time with UPS. #UPS #OnTime #RushHour #StayConnected"
4632,2022-03-27 20:53:37,242,cbcsports,"[Video(thumbnailUrl='https://pbs.twimg.com/amplify_video_thumb/1508184985420849161/img/sQ3lrO2vLF0c5Vj9.jpg', variants=[VideoVariant(contentType='video/mp4', url='https://video.twimg.com/amplify_video/1508184985420849161/vid/480x270/CiTSLuQJ-TmcnLAA.mp4?tag=14', bitrate=288000), VideoVariant(contentType='video/mp4', url='https://video.twimg.com/amplify_video/1508184985420849161/vid/640x360/GIOkH8p_49h70T__.mp4?tag=14', bitrate=832000), VideoVariant(contentType='application/x-mpegURL', url='https://video.twimg.com/amplify_video/1508184985420849161/pl/lYUjdVtrAWlnmAWI.m3u8?tag=14&container=fmp4', bitrate=None), VideoVariant(contentType='video/mp4', url='https://video.twimg.com/amplify_video/1508184985420849161/vid/1280x720/WlFnsl3QGhzwikYF.mp4?tag=14', bitrate=2176000)], duration=81.066, views=51817)]",cbc,"🚨CBC Sports is here to bring you the latest in sports news, analysis, and more! Tune in at 8pm on Sunday for your favorite teams and athletes. #CBCSports #CBCtv #SportsLovers #StayHomeStaySafe"
368,2023-01-14 15:54:04,0,IndependentNGR,"[Photo(previewUrl='https://pbs.twimg.com/media/Fmcb-bzaUAEAvkD?format=jpg&name=small', fullUrl='https://pbs.twimg.com/media/Fmcb-bzaUAEAvkD?format=jpg&name=large')]",independent,"Happy Saturday, everyone! 🌞 Let's kick off the day with a dose of independence and creativity. Remember to #StayIndependent and let your unique voice shine through. #SaturdayGoals #IndieLife #CreativityUnleashed #StayTrueToYourself. Stay tuned for more updates and don't forget to like, share, and follow us on all your favorite social media platforms. #FollowYourPassion #ConnectWithLikeMinds"
4059,2022-08-19 09:57:15,193,Cameronfous,"[Video(thumbnailUrl='https://pbs.twimg.com/ext_tw_video_thumb/1560566411512410113/pu/img/4SUTKHb0rQxjPEhH.jpg', variants=[VideoVariant(contentType='application/x-mpegURL', url='https://video.twimg.com/ext_tw_video/1560566411512410113/pu/pl/o7uwcAkTkETgWP00.m3u8?tag=14&container=fmp4', bitrate=None), VideoVariant(contentType='video/mp4', url='https://video.twimg.com/ext_tw_video/1560566411512410113/pu/vid/320x568/uVEfepuytM9cynqz.mp4?tag=14', bitrate=632000), VideoVariant(contentType='video/mp4', url='https://video.twimg.com/ext_tw_video/1560566411512410113/pu/vid/480x852/WD9O-1rO7LcR4Pf1.mp4?tag=14', bitrate=950000), VideoVariant(contentType='video/mp4', url='https://video.twimg.com/ext_tw_video/1560566411512410113/pu/vid/1080x1920/Jf7Z_D7GLX9xMJn2.mp4?tag=14', bitrate=10368000), VideoVariant(contentType='video/mp4', url='https://video.twimg.com/ext_tw_video/1560566411512410113/pu/vid/720x1280/4STLcqdG1DfskDe1.mp4?tag=14', bitrate=2176000)], duration=15.628, views=9215)]",cameron,"🎉 Friday is here, and so is the perfect time to unwind! Let's kick off the weekend with a refreshing drink and some good vibes. 🚀 #FridayNight #StayTuned #CameronFous #EnjoyTheDay"
8175,2022-12-25 00:09:21,40534,NoLieWithBTC,"[Photo(previewUrl='https://pbs.twimg.com/media/FkyD4FzXEAAevKh?format=jpg&name=small', fullUrl='https://pbs.twimg.com/media/FkyD4FzXEAAevKh?format=jpg&name=large'), Photo(previewUrl='https://pbs.twimg.com/media/FkyD6XvWQAACvG4?format=jpg&name=small', fullUrl='https://pbs.twimg.com/media/FkyD6XvWQAACvG4?format=jpg&name=large')]",no,"🎉 Sunday morning vibes! 🌟 Join the crypto revolution with #NoLiesWithBTC. Let's trade, invest, and stay true to our values. #CryptoCommunity #InvestingIsFun"
4631,2021-02-17 11:26:51,124,PaytmTickets,"[Photo(previewUrl='https://pbs.twimg.com/media/EubJ-6tVIAQGiWI?format=jpg&name=small', fullUrl='https://pbs.twimg.com/media/EubJ-6tVIAQGiWI?format=jpg&name=large')]",paytm,**Paytm Tickets** is here to make your Wednesday even more exciting! 🚀 #Paytm #Ticketing #WednesdayWishes #GetReadyForTheDay
6071,2021-04-01 15:01:00,2750,WilliamsRacing,"[Photo(previewUrl='https://pbs.twimg.com/media/Ex4wqjyWQAYa9ra?format=jpg&name=small', fullUrl='https://pbs.twimg.com/media/Ex4wqjyWQAYa9ra?format=jpg&name=large'), Photo(previewUrl='https://pbs.twimg.com/media/Ex4wqkXXEAAiGbn?format=jpg&name=small', fullUrl='https://pbs.twimg.com/media/Ex4wqkXXEAAiGbn?format=jpg&name=large'), Photo(previewUrl='https://pbs.twimg.com/media/Ex4wqk6W8AgQVpy?format=jpg&name=small', fullUrl='https://pbs.twimg.com/media/Ex4wqk6W8AgQVpy?format=jpg&name=large')]",williams,"🚨Stay tuned for the latest in Williams Racing! 🚀 Whether you're chasing the stars or just chasing your dreams, we've got the gear to help you reach your goals. #RacingWithWilliams #DreamsComeTrue #Motorsports"
2665,2022-02-17 10:05:03,143,stadiumastro,"[Photo(previewUrl='https://pbs.twimg.com/media/FLyl2vEXoAcFq7y?format=jpg&name=small', fullUrl='https://pbs.twimg.com/media/FLyl2vEXoAcFq7y?format=jpg&name=large')]",astro,"🎉 Thursday morning, kick off your day with #StadiumAstro vibes! 🌟 Whether you're in the gym, at work, or just chilling, we've got you covered with the latest in sports gear and tech. #FitnessFrenzy #TechSavvy #AthleteLife"
1027,2021-10-15 19:35:08,92,CBCNL,"[Photo(previewUrl='https://pbs.twimg.com/media/FBw5iJzWQAYtL1x?format=jpg&name=small', fullUrl='https://pbs.twimg.com/media/FBw5iJzWQAYtL1x?format=jpg&name=large')]",cbc,"🎉Stay tuned for CBC NL's Friday night lineup at 9 PM! Don't miss out on the latest news, documentaries, and more. #CBCNL #StayTuned #FridayNight #CBC #News #Documentary #StayInformed"
5909,2021-04-11 20:27:26,73,CBCEdmonton,"[Photo(previewUrl='https://pbs.twimg.com/media/EyuER2eWEAIYCTy?format=jpg&name=small', fullUrl='https://pbs.twimg.com/media/EyuER2eWEAIYCTy?format=jpg&name=large')]",cbc,🎉 Sunday night at @CBCEdmonton! Tune in for the latest news and entertainment. #CBC #EdmontonCBC #CBCNews #CBCEntertainment #SundayNight #StayTuned #CBCFamily #CBCSports #CBCMusic #CBCArt #CBCScience #CBCTravel #CBCHealth #CBCBusiness #CBCEducation #CBCEnvironment #CBCHistory #CBCHumanities #CBCInnovation #CBCLaw #CBCMedia #CBCNature #CBCOpinion #CBCPolitics #CBCReligion #
5051,2022-02-03 09:46:59,951,totalfilm,"[Photo(previewUrl='https://pbs.twimg.com/media/FKqbduQXMAgHPSV?format=jpg&name=small', fullUrl='https://pbs.twimg.com/media/FKqbduQXMAgHPSV?format=jpg&name=large')]",total,Hey @TotalFilm gang! Ready to kick off the week with a bang? 🚀 #TotalFilm #MondayMotivation #StayInTheLoop
6329,2021-05-10 13:52:11,0,AAASouthPenn,"[Video(thumbnailUrl='https://pbs.twimg.com/amplify_video_thumb/1391752887739498497/img/L-QlpErTjN2AKKt0.jpg', variants=[VideoVariant(contentType='video/mp4', url='https://video.twimg.com/amplify_video/1391752887739498497/vid/540x540/bMUJf6Jh38sjhN68.mp4?tag=14', bitrate=832000), VideoVariant(contentType='video/mp4', url='https://video.twimg.com/amplify_video/1391752887739498497/vid/720x720/7HPJH3BEWKL4QiMp.mp4?tag=14', bitrate=1280000), VideoVariant(contentType='video/mp4', url='https://video.twimg.com/amplify_video/1391752887739498497/vid/320x320/9oFGb07BECMsJ5DM.mp4?tag=14', bitrate=432000), VideoVariant(contentType='application/x-mpegURL', url='https://video.twimg.com/amplify_video/1391752887739498497/pl/LbVaLwzOfJr_I8UE.m3u8?tag=14', bitrate=None)], duration=11.375, views=12)]",aaa,🎉 Monday Morning Motivation! Ready to kickstart your day with a smile? Let's #TeamAAAS #SouthPenn #MotivationMonday! #WorkLife #StartYourDayRight #PositiveVibes #StayHealthy #FitnessGoals #MotivateMe #MotivationalMonday #MondayMotivation #HealthyHabits #WorkFromHome #StayFit #StaySunny #StayActive #HealthyLifestyle #StayStrong #StayPositive #StayMotivated #WorkHardPlayHard
9734,2021-12-23 10:54:29,153,MattWi77iams,"[Video(thumbnailUrl='https://pbs.twimg.com/media/Ey-UsRKWYAQL6lV.jpg', variants=[VideoVariant(contentType='application/x-mpegURL', url='https://video.twimg.com/amplify_video/1382486544645300235/pl/IXvZIYG1ntvfd9sx.m3u8?tag=14', bitrate=None), VideoVariant(contentType='video/mp4', url='https://video.twimg.com/amplify_video/1382486544645300235/vid/640x360/yc3do1X5Fqb9yx3Q.mp4?tag=14', bitrate=832000), VideoVariant(contentType='video/mp4', url='https://video.twimg.com/amplify_video/1382486544645300235/vid/480x270/d4QiTAcMUedexjv3.mp4?tag=14', bitrate=288000), VideoVariant(contentType='video/mp4', url='https://video.twimg.com/amplify_video/1382486544645300235/vid/1280x720/G5zmN-w99y4YfEgr.mp4?tag=14', bitrate=2176000)], duration=40.608, views=498147)]",williams,🎉Hey everyone! Ready to kick off the week with a bang? Let's make this Thursday extra special! #Willams #EngageWithUs #StartYourDayRight #StayMotivated #GetFit #HealthyHabits #FitnessGoals #MotivationMonday #WakeUpAndSmile #StayPositive #InspireOthers #BeTheChange #Community #TogetherWeCan #Let'sMove #HealthyLifestyle #StayHealthy #StayActive #FitnessIsFun #MotivateMe #
1692,2022-06-27 08:33:00,12754,redbullracing,"[Photo(previewUrl='https://pbs.twimg.com/media/FWAlM-5WIAEXiMU?format=jpg&name=small', fullUrl='https://pbs.twimg.com/media/FWAlM-5WIAEXiMU?format=jpg&name=large')]",oracle,Monday morning at Red Bull Racing! 🚀 #RedBullRacing #MondayMotivation #GetUpAndGo #WorkHardPlayHard #StayInShape #FitnessGoals #MotivationMonday
674,2021-11-03 16:37:41,177,HomeFreeGuys,"[Photo(previewUrl='https://pbs.twimg.com/media/FDSHFR9VUAkKU1E?format=jpg&name=small', fullUrl='https://pbs.twimg.com/media/FDSHFR9VUAkKU1E?format=jpg&name=large'), Photo(previewUrl='https://pbs.twimg.com/media/FDSHF8GVQAQ3JEc?format=jpg&name=small', fullUrl='https://pbs.twimg.com/media/FDSHF8GVQAQ3JEc?format=jpg&name=large'), Photo(previewUrl='https://pbs.twimg.com/media/FDSHGTtVgAIo6FX?format=jpg&name=small', fullUrl='https://pbs.twimg.com/media/FDSHGTtVgAIo6FX?format=jpg&name=large'), Photo(previewUrl='https://pbs.twimg.com/media/FDSHGumVcAIYbLy?format=jpg&name=small', fullUrl='https://pbs.twimg.com/media/FDSHGumVcAIYbLy?format=jpg&name=large')]",free,Hey friends! Ready to make your home feel like a home away from home? 🏠✨ Sign up for our free trial today and experience the difference. #FreeTrial #HomeAwayFromHome #StayHome #ConnectWithUs
5573,2022-07-28 13:08:36,0,IndependentNGR,"[Photo(previewUrl='https://pbs.twimg.com/media/FYwX1TlUUAA-oni?format=jpg&name=small', fullUrl='https://pbs.twimg.com/media/FYwX1TlUUAA-oni?format=jpg&name=large')]",independent,"🎉 Thursday is here, and so is the chance to shine! 🌟 Whether you're looking to boost your online presence or just want to share a fun fact, let's make this Thursday extra special together! #Independent #Thursday #SocialMedia #EngageWithUs"
5767,2022-10-21 19:00:01,3,CiscoPartners,"[Photo(previewUrl='https://pbs.twimg.com/media/FfnXZyGXoAMJkTF?format=jpg&name=small', fullUrl='https://pbs.twimg.com/media/FfnXZyGXoAMJkTF?format=jpg&name=large')]",cisco,"🎉 Friday night is here, and so is the perfect time to connect with Cisco! 🌟 Whether you're a tech enthusiast or just looking to stay ahead of the curve, Cisco has got you covered. Dive into the future with us! #Cisco #FridayNight #TechSavvy #StayInformed"
5157,2022-10-29 08:51:48,112,SABCNews,"[Video(thumbnailUrl='https://pbs.twimg.com/ext_tw_video_thumb/1586278936564097026/pu/img/go-CvhS68HD2JKbz.jpg', variants=[VideoVariant(contentType='video/mp4', url='https://video.twimg.com/ext_tw_video/1586278936564097026/pu/vid/1280x720/LyDtd1DfYg-pMuI4.mp4?tag=12', bitrate=2176000), VideoVariant(contentType='video/mp4', url='https://video.twimg.com/ext_tw_video/1586278936564097026/pu/vid/480x270/EhEEbSZEVur_AZIj.mp4?tag=12', bitrate=256000), VideoVariant(contentType='application/x-mpegURL', url='https://video.twimg.com/ext_tw_video/1586278936564097026/pu/pl/8vhe1cw052tA6mQ4.m3u8?tag=12&container=fmp4', bitrate=None), VideoVariant(contentType='video/mp4', url='https://video.twimg.com/ext_tw_video/1586278936564097026/pu/vid/640x360/DUWZhdsW1kw_3sQx.mp4?tag=12', bitrate=832000)], duration=29.995, views=3683)]",sabc,"🎉Stay tuned for the latest news at SABC News! 🌟 Join us on Saturday, June 14th, 2023, for your daily dose of local, national, and international news. Don't miss out on the opportunity to be informed and engaged. #SABC #StayInformed #NewsAtSABC"
734,2022-11-12 13:51:07,1,IndependentNGR,"[Photo(previewUrl='https://pbs.twimg.com/media/FhXjrQSaMAAawfS?format=jpg&name=small', fullUrl='https://pbs.twimg.com/media/FhXjrQSaMAAawfS?format=jpg&name=large')]",independent,"Happy Saturday, everyone! 🌞 Let's kick off the day with a dose of independence and creativity. Remember to #StayIndependent and let your unique voice shine through. #SaturdayGoals #IndieLife #CreativityUnleashed #StayTrueToYourself. Stay tuned for more updates and don't forget to like, share, and follow us on all your favorite social media platforms. #FollowYourPassion #ConnectWithLikeMinds"
3527,2021-02-12 14:30:00,12,ICICIBank,"[Photo(previewUrl='https://pbs.twimg.com/media/EuAs8P2VcAQYJ-C?format=jpg&name=small', fullUrl='https://pbs.twimg.com/media/EuAs8P2VcAQYJ-C?format=jpg&name=large')]",icici bank,"Happy Friday, everyone! 🌟 Check out our latest offer: 10% off on your first purchase with ICICI Bank. Don't miss out on this chance to save! #ICICI #FridayFunday #BankingRewards"
569,2022-10-25 21:00:07,6,ASUSUSA,"[Photo(previewUrl='https://pbs.twimg.com/media/Ff8ZPj7WIBM8cYa?format=jpg&name=small', fullUrl='https://pbs.twimg.com/media/Ff8ZPj7WIBM8cYa?format=jpg&name=large')]",asus,🎉Stay ahead of the curve with ASUS! 🚀 Upgrade your tech with our latest innovations. #TechRevolution #ASUSTechnology #UpgradeYourLife
9188,2021-04-09 16:00:03,147,freepress,"[Photo(previewUrl='https://pbs.twimg.com/media/EyiTE0uWYAAUq0W?format=jpg&name=small', fullUrl='https://pbs.twimg.com/media/EyiTE0uWYAAUq0W?format=jpg&name=large')]",free,"🎉 Friday is here, and so is the perfect time to spread the word! 🌟 Join us in celebrating the freedom of expression with our latest campaign. #FreePress #ExpressYourself #SpreadTheWord #FridaysAreForFreedom #EngageWithUs #SocialMediaMatters"
2923,2021-04-29 14:14:17,163,MTNRwanda,"[Photo(previewUrl='https://pbs.twimg.com/media/E0JbfNqWUAoJ6yO?format=jpg&name=small', fullUrl='https://pbs.twimg.com/media/E0JbfNqWUAoJ6yO?format=jpg&name=large'), Photo(previewUrl='https://pbs.twimg.com/media/E0JbfPCWYAMnTSD?format=jpg&name=small', fullUrl='https://pbs.twimg.com/media/E0JbfPCWYAMnTSD?format=jpg&name=large')]",mtn,🎉Stay connected with us on Thursday! Join us in Rwanda as we bring you the latest news and updates from across the country. Don't miss out on the opportunity to connect with your friends and family. #StayMTN #ConnectWithUs #StayRwanda
7912,2022-12-17 12:03:10,0,IndependentNGR,"[Photo(previewUrl='https://pbs.twimg.com/media/FkLanMGaEAAXOmE?format=jpg&name=small', fullUrl='https://pbs.twimg.com/media/FkLanMGaEAAXOmE?format=jpg&name=large')]",independent,"Happy Saturday, everyone! 🌞 Whether you're catching up with friends, relaxing at home, or heading out for the day, remember to #StayIndependent. Let's make the most of the weekend together! #IndependentLife #CommunityConnection #EnjoyTheDay"
1559,2022-11-21 13:22:54,106,SABCNews,"[Photo(previewUrl='https://pbs.twimg.com/media/FiEpbt8WAAI01wB?format=jpg&name=small', fullUrl='https://pbs.twimg.com/media/FiEpbt8WAAI01wB?format=jpg&name=large')]",sabc,"Monday morning, kickstart your day with SABC News! Stay tuned for the latest news, insights, and entertainment. #SABC #MondayMotivation #StayInformed"
102,2022-09-19 18:28:23,231,PatMcAfeeShow,"[Video(thumbnailUrl='https://pbs.twimg.com/ext_tw_video_thumb/1571928928167817216/pu/img/aRTI-zFRDDpa0Lhr.jpg', variants=[VideoVariant(contentType='video/mp4', url='https://video.twimg.com/ext_tw_video/1571928928167817216/pu/vid/480x270/Q5o69n-DF1YjLhcG.mp4?tag=12', bitrate=256000), VideoVariant(contentType='video/mp4', url='https://video.twimg.com/ext_tw_video/1571928928167817216/pu/vid/1280x720/nXEaphvO4mQjsdxc.mp4?tag=12', bitrate=2176000), VideoVariant(contentType='video/mp4', url='https://video.twimg.com/ext_tw_video/1571928928167817216/pu/vid/640x360/hvXoKaGDA_AIRZLW.mp4?tag=12', bitrate=832000), VideoVariant(contentType='application/x-mpegURL', url='https://video.twimg.com/ext_tw_video/1571928928167817216/pu/pl/xOGAdU_-gNEICq9P.m3u8?tag=12&container=fmp4', bitrate=None)], duration=121.0, views=27659)]",mcafee,Hey everyone! It's time for another exciting episode of McAfee Show! 🚀 Tune in to learn more about staying safe online. Don't miss out on the latest tips and tricks to keep you and your loved ones safe. #StaySafe #McafeeShow #TechTips #Cybersecurity #StayInformed
3008,2022-06-21 23:00:06,119,ASTROGaming,"[Photo(previewUrl='https://pbs.twimg.com/media/FVz8Y9NX0AATGmr?format=jpg&name=small', fullUrl='https://pbs.twimg.com/media/FVz8Y9NX0AATGmr?format=jpg&name=large')]",astro,🎉Hey AstroGaming! Ready to take on the weekend with your latest gaming adventures? 🌟 Don't miss out on the action! #AstroGaming #GamingCommunity #StayTuned
7202,2021-01-05 20:42:38,1513,nojumper,"[Photo(previewUrl='https://pbs.twimg.com/media/Eq_vIUWVgAEUSoH?format=jpg&name=small', fullUrl='https://pbs.twimg.com/media/Eq_vIUWVgAEUSoH?format=jpg&name=large')]",no,🚨 #TuesdayNight #NoJumper #FitnessGoals #StayActive #Workout #Motivation #GetFit #HealthyLifestyle 🏃🏋️‍♂️ #NoRest #StayStrong #MotivateMe #Motivated #FitnessCommunity #StayHealthy #StayFit #StayOnTop #StayInShape #StayAthletic #StayDedicated #StayTrueToYourself #StayConnected #StayInspired #StayCreative #StayConfident #StayPositive #Stay
304,2022-11-17 14:18:48,0,TheAACars,"[Photo(previewUrl='https://pbs.twimg.com/media/FhxYBFpVQAEYgMS?format=jpg&name=small', fullUrl='https://pbs.twimg.com/media/FhxYBFpVQAEYgMS?format=jpg&name=large')]",aa,"🎉Hey Thursday friends! Ready to hit the road with The AACars? 🚗💨 Whether you're cruising through the city or hitting the open road, we've got the perfect ride for you. #TheACCars #RoadTrip #DriveLife"
77,2021-11-18 23:15:29,199,CaseyTheVA,"[Photo(previewUrl='https://pbs.twimg.com/media/FEgxnf9UUAEfmU2?format=jpg&name=small', fullUrl='https://pbs.twimg.com/media/FEgxnf9UUAEfmU2?format=jpg&name=large'), Photo(previewUrl='https://pbs.twimg.com/media/FEgxoZvVIAE5-U6?format=jpg&name=small', fullUrl='https://pbs.twimg.com/media/FEgxoZvVIAE5-U6?format=jpg&name=large')]",arc,🎉Hey everyone! Ready to kick off the weekend? 🌟 #ArcTheVA #ThursdayNight #StayTuned #ExcitedForTheWeekend #SocialMedia #EngageWithUs #ConnectWithUs
6755,2021-11-09 05:00:12,2,EMR_Automation,"[Photo(previewUrl='https://pbs.twimg.com/media/FDuhGO-XEAA7rIC?format=jpg&name=small', fullUrl='https://pbs.twimg.com/media/FDuhGO-XEAA7rIC?format=jpg&name=large')]",emerson,"🎉 #TuesdayTip: Embrace the #Automation revolution! 🛠️ Whether it's automating your tasks or improving your workflow, let #EMRAutomation make your life easier and more efficient. #WorkSmarterNotHarder #TechSavvy #ProductivityBoost #StayInControl"
8630,2021-12-26 03:00:04,103,hkfp,"[Photo(previewUrl='https://pbs.twimg.com/media/FHgIUpSWYAI-YxJ?format=jpg&name=small', fullUrl='https://pbs.twimg.com/media/FHgIUpSWYAI-YxJ?format=jpg&name=large')]",free,🌞 Sunday morning vibes! 🌞 Ready to kickstart your week with #HKFP. Let's make the most of the day with some fun and engaging content. Remember to tag your friends and family in the comments! #SocialMedia #EngageWithHKFP
1209,2023-01-12 23:19:30,0,AAASouthPenn,"[Video(thumbnailUrl='https://pbs.twimg.com/amplify_video_thumb/1613676952761634816/img/hflzulfmtuFzI2Jn.jpg', variants=[VideoVariant(contentType='video/mp4', url='https://video.twimg.com/amplify_video/1613676952761634816/vid/1280x720/2eeveGoLStjXhT-q.mp4?tag=16', bitrate=2176000), VideoVariant(contentType='video/mp4', url='https://video.twimg.com/amplify_video/1613676952761634816/vid/1920x1080/5NYlTXFD00gBCMDy.mp4?tag=16', bitrate=10368000), VideoVariant(contentType='application/x-mpegURL', url='https://video.twimg.com/amplify_video/1613676952761634816/pl/DLbnH8jkWE77IdH1.m3u8?tag=16&container=fmp4', bitrate=None), VideoVariant(contentType='video/mp4', url='https://video.twimg.com/amplify_video/1613676952761634816/vid/480x270/NRAAzh-_RMgBbUop.mp4?tag=16', bitrate=288000), VideoVariant(contentType='video/mp4', url='https://video.twimg.com/amplify_video/1613676952761634816/vid/640x360/owkOG9Tet2PYA8kk.mp4?tag=16', bitrate=832000)], duration=15.015, views=1)]",aaa,"🎉Stay connected with us all week long! 🌟 Join us in the #SouthPenn area with our latest updates, deals, and more. Don't miss out on the fun! #StaySocial #Community #ConnectWithUs"
7743,2022-03-23 18:00:07,25,ToyotaRacing,"[Photo(previewUrl='https://pbs.twimg.com/media/FOjYoyqXMAECQRK?format=jpg&name=small', fullUrl='https://pbs.twimg.com/media/FOjYoyqXMAECQRK?format=jpg&name=large')]",toyota,"🎉 Wednesdays are made for adventure! 🚗💨 Whether you're racing through the city streets or exploring the great outdoors, Toyota is your ultimate companion on the track and off! 🏎️💨 #Toyota #Racing #Adventure #Motorsport"
8215,2021-08-11 12:27:37,129,Paytm,"[Video(thumbnailUrl='https://pbs.twimg.com/media/E8goJA_VgAEtOu_.jpg', variants=[VideoVariant(contentType='video/mp4', url='https://video.twimg.com/amplify_video/1425432884857344005/vid/320x320/AksWMmwOkDoF5jo6.mp4?tag=14', bitrate=432000), VideoVariant(contentType='application/x-mpegURL', url='https://video.twimg.com/amplify_video/1425432884857344005/pl/gIvMKL-BuOG1Hp5r.m3u8?tag=14', bitrate=None), VideoVariant(contentType='video/mp4', url='https://video.twimg.com/amplify_video/1425432884857344005/vid/540x540/UmEd4RPkIILFcgGc.mp4?tag=14', bitrate=832000), VideoVariant(contentType='video/mp4', url='https://video.twimg.com/amplify_video/1425432884857344005/vid/720x720/4Llod5rHdPvxe5uM.mp4?tag=14', bitrate=1280000)], duration=35.502, views=317662)]",paytm,**Paytm** is here to make your **Wednesday** extra special! 🚀 #Paytm #WednesdayWishes #TechLife #MoneyMatters
8945,2023-01-11 22:00:16,1,armnewsteam,"[Photo(previewUrl='https://pbs.twimg.com/media/FmOTAZLXoAEc0jJ?format=png&name=small', fullUrl='https://pbs.twimg.com/media/FmOTAZLXoAEc0jJ?format=png&name=large')]",arm,🎉Stay tuned for the latest in tech and innovation! 🚀 #ArmNewTech #StayInTheLoop #TechLovers #Innovate #FutureOfTech #Arm #WednesdayNight #TechNews #TechRevolution #TechGuru #TechSavvy #TechGeek #TechWhiz #TechNerd #TechGenius #TechMaster #TechMaven #TechPro #TechStar #TechLegend #TechTitan #TechGod #TechHero #TechQueen
8414,2022-09-02 11:06:52,85,SimonHarrisTD,"[Video(thumbnailUrl='https://pbs.twimg.com/ext_tw_video_thumb/1565657336076816385/pu/img/TfTQDWUezEUbxN7-.jpg', variants=[VideoVariant(contentType='video/mp4', url='https://video.twimg.com/ext_tw_video/1565657336076816385/pu/vid/480x270/KUsVVI9UVx2KTEiB.mp4?tag=12', bitrate=256000), VideoVariant(contentType='video/mp4', url='https://video.twimg.com/ext_tw_video/1565657336076816385/pu/vid/640x360/nf7mtrEKBTpDfhVY.mp4?tag=12', bitrate=832000), VideoVariant(contentType='video/mp4', url='https://video.twimg.com/ext_tw_video/1565657336076816385/pu/vid/1280x720/clhm-18DUihEj0xk.mp4?tag=12', bitrate=2176000), VideoVariant(contentType='application/x-mpegURL', url='https://video.twimg.com/ext_tw_video/1565657336076816385/pu/pl/LMgVuPncNHmXts0f.m3u8?tag=12&container=fmp4', bitrate=None)], duration=82.76, views=6412)]",td,"🎉 Friday is here, and so is the perfect time to catch up with friends and family! #FridayFunday #SocialMedia #ConnectWithFriends"
1776,2022-07-05 17:17:01,0,AAASouthJersey,"[Photo(previewUrl='https://pbs.twimg.com/media/FW60H-1XoAApjj2?format=jpg&name=small', fullUrl='https://pbs.twimg.com/media/FW60H-1XoAApjj2?format=jpg&name=large')]",aaa,🎉 Tuesday Twists! 🌟 Join us in the #SouthJersey area for a fun-filled day of activities! Don't miss out on all the exciting deals and giveaways happening today! #ShopLocal #ConnectWithCommunity #AAASouthernJersey #TuesdayTwists #StayActive #EnjoyTheDay 🏖️🏃‍♀️ #FitnessGoals #HealthyLifestyle #StayFit #CommunityFirst #LocalBusinesses #SocialMediaMarketing #EngageWithUs #
3474,2022-03-10 11:30:26,3,ASUSUK,"[Photo(previewUrl='https://pbs.twimg.com/media/FNfCyQKVkAYtQIB?format=jpg&name=small', fullUrl='https://pbs.twimg.com/media/FNfCyQKVkAYtQIB?format=jpg&name=large')]",asus,"🎉 Thursday is here, and so is the perfect time to upgrade your tech with ASUS! 📱✨ Whether you're gaming, streaming, or just staying connected, ASUS has got you covered. Dive into the future of computing today! #ASUS #TechUpgrades #StayConnected"
484,2022-11-01 04:03:53,147,Hayden_Williams,"[Photo(previewUrl='https://pbs.twimg.com/media/FgczxeiXgAES65d?format=jpg&name=small', fullUrl='https://pbs.twimg.com/media/FgczxeiXgAES65d?format=jpg&name=large')]",williams,**Tweet:** 🌟 **Hey everyone!** Just a quick reminder that it's **Tuesday** at **4 PM**. Don't miss out on our special offer! #WorkFromHome #StayTuned #ConnectWithUs
2190,2021-01-07 02:24:04,907,CNNPolitics,"[Photo(previewUrl='https://pbs.twimg.com/media/ErGG3sjXcAAZCqu?format=png&name=small', fullUrl='https://pbs.twimg.com/media/ErGG3sjXcAAZCqu?format=png&name=large')]",cnn,🚨Stay tuned for the latest news from @CNN. #CNNPolitics #BreakingNews #StayInformed
347,2022-05-07 12:27:31,4747,ICICIBank,"[Video(thumbnailUrl='https://pbs.twimg.com/ext_tw_video_thumb/1522915925712056320/pu/img/-0M0-m3eY23rxcVX.jpg', variants=[VideoVariant(contentType='video/mp4', url='https://video.twimg.com/ext_tw_video/1522915925712056320/pu/vid/480x600/CSW7-3aK9o-i62yj.mp4?tag=12', bitrate=950000), VideoVariant(contentType='video/mp4', url='https://video.twimg.com/ext_tw_video/1522915925712056320/pu/vid/720x900/dix1vwUusSbzU6c5.mp4?tag=12', bitrate=2176000), VideoVariant(contentType='application/x-mpegURL', url='https://video.twimg.com/ext_tw_video/1522915925712056320/pu/pl/-DY1lDKW1-087YbY.m3u8?tag=12&container=fmp4', bitrate=None), VideoVariant(contentType='video/mp4', url='https://video.twimg.com/ext_tw_video/1522915925712056320/pu/vid/320x400/BvL1W3FdapcnMzZw.mp4?tag=12', bitrate=632000)], duration=41.664, views=173610)]",icici bank,"Happy Saturday, everyone! 🎉 Check out our latest offer: 10% off on your first purchase with ICICI Bank. Use the code SATURDAY10 at checkout. Don't miss out on this chance to save! #ICICI #SaturdaySpecial #BankingRewards"
5482,2022-02-18 21:00:32,4,EMR_Automation,"[Photo(previewUrl='https://pbs.twimg.com/media/FL6FeYgXEAk-jcw?format=jpg&name=small', fullUrl='https://pbs.twimg.com/media/FL6FeYgXEAk-jcw?format=jpg&name=large')]",emerson,"🎉 Friday night is here, and so is the perfect time to automate your tasks with #EMRAutomation! Whether it's your work or personal life, let us help you save time and increase efficiency. Join the automation revolution now! #WorkLife #TechSavvy"
8362,2021-02-11 20:50:09,4,ToyotaSoCal,"[Photo(previewUrl='https://pbs.twimg.com/media/Et-TrGbWYAQ_3IR?format=jpg&name=small', fullUrl='https://pbs.twimg.com/media/Et-TrGbWYAQ_3IR?format=jpg&name=large')]",toyota,🎉Stay tuned for the latest in automotive innovation! 🚗💨 #Toyota #StayConnected #TechSavvy #Innovate #DriveTheFuture
1473,2021-04-25 07:30:03,24280,FCBarcelona,"[Photo(previewUrl='https://pbs.twimg.com/media/EzzYm1VXoAAdW3T?format=jpg&name=small', fullUrl='https://pbs.twimg.com/media/EzzYm1VXoAAdW3T?format=jpg&name=large')]",fc barcelona,🎉 Sunday morning at FCBarcelona HQ! 🏠✨ We're buzzing with excitement for our upcoming match against 🇧🇪 🇺🇦. Stay tuned for the best in football action! #FCBarça #SundayMorning #Matchday #SupportFCB
5101,2022-02-27 21:00:09,80,AMCTheatres,"[Photo(previewUrl='https://pbs.twimg.com/media/FMobr_dWQAMoXlG?format=jpg&name=small', fullUrl='https://pbs.twimg.com/media/FMobr_dWQAMoXlG?format=jpg&name=large')]",amc,🎉Stay tuned for the ultimate cinematic experience at AMC Theatres! Don't miss out on our special Sunday night screenings. Grab your popcorn and settle in for a night you won't forget. #StayTuned #AMCTheatres #MovieNight #PopcornTime
6766,2022-11-02 12:35:10,83,FreeLibrary,"[Photo(previewUrl='https://pbs.twimg.com/media/FgjyZGUWQAAaYaL?format=jpg&name=small', fullUrl='https://pbs.twimg.com/media/FgjyZGUWQAAaYaL?format=jpg&name=large')]",free,"🎉 Wednesday is here, and so is your chance to join the Free Library family! 🌟 Whether you're a book lover, a reader, or just someone who appreciates a good story, we've got something for you. #FreeLibrary #ReadMore #BookLover #WednesdayMotivation"
8707,2021-01-25 14:39:11,0,AAAhoosier,"[Video(thumbnailUrl='https://pbs.twimg.com/ext_tw_video_thumb/1353713989390393347/pu/img/p3i4e06qx7E_yncW.jpg', variants=[VideoVariant(contentType='video/mp4', url='https://video.twimg.com/ext_tw_video/1353713989390393347/pu/vid/320x320/rOCHRr7jFCttmIox.mp4?tag=10', bitrate=432000), VideoVariant(contentType='application/x-mpegURL', url='https://video.twimg.com/ext_tw_video/1353713989390393347/pu/pl/9myqaMOE9Cg5qbY_.m3u8?tag=10', bitrate=None), VideoVariant(contentType='video/mp4', url='https://video.twimg.com/ext_tw_video/1353713989390393347/pu/vid/480x480/pNMvCH0z7ECWJPQF.mp4?tag=10', bitrate=832000), VideoVariant(contentType='video/mp4', url='https://video.twimg.com/ext_tw_video/1353713989390393347/pu/vid/720x720/cBtEP_1C1KeFT7Ow.mp4?tag=10', bitrate=1280000)], duration=22.022, views=17)]",aaa,"👋Hey Hoosiers! Ready to kickstart your week with #AAAHoosier vibes? 🚀 Whether you're in the gym, at work, or just chilling at home, we've got you covered. Let's make Monday the best day of the week! 🌟 #MondayMotivation #StayFit #HealthyHabits"
4930,2021-06-29 15:02:52,136,HomeDepotCareer,"[Photo(previewUrl='https://pbs.twimg.com/media/E5DvlmPXoAcvtgd?format=jpg&name=small', fullUrl='https://pbs.twimg.com/media/E5DvlmPXoAcvtgd?format=jpg&name=large')]",home depot,"🎉Join us for a day of DIY magic at Home Depot! Whether you're a seasoned pro or just starting out, we've got everything you need to turn your ideas into reality. Don't miss out on the best deals of the season. #DIY #Homedepot #BuildYourDreamHome"
6330,2021-07-21 10:59:44,53,hkfp,"[Photo(previewUrl='https://pbs.twimg.com/media/E60K4VMVUAM-jJH?format=jpg&name=small', fullUrl='https://pbs.twimg.com/media/E60K4VMVUAM-jJH?format=jpg&name=large')]",free,"Happy Wednesday, everyone! 🌞 Let's kick off our day with a #HKFP twist! Ready to explore the best of Hong Kong in just 30 minutes. Don't miss out on this opportunity to see the city in a whole new light. #ExploreHongKong #HKTrip #TravelLovers #StayCurious"
2610,2021-02-24 15:03:02,0,AAAClubAlliance,"[Photo(previewUrl='https://pbs.twimg.com/media/EvAA5W2XAAETDcZ?format=jpg&name=small', fullUrl='https://pbs.twimg.com/media/EvAA5W2XAAETDcZ?format=jpg&name=large')]",aaa,"🎉Join us at the AAA Club Alliance for a day filled with fun, learning, and camaraderie! 🚀 Whether you're a seasoned pro or just starting out, we've got you covered. Don't miss out on this opportunity to connect with like-minded individuals and gain valuable insights. #AAA #ClubAlliance #ConnectWithLikeMindedPeople #LearnAndGrow #WednesdayWednesday"
4,2023-01-09 23:11:37,108,gbellseattle,"[Video(thumbnailUrl='https://pbs.twimg.com/ext_tw_video_thumb/1612587707221561344/pu/img/L1nsf56Aab2Lxkgo.jpg', variants=[VideoVariant(contentType='application/x-mpegURL', url='https://video.twimg.com/ext_tw_video/1612587707221561344/pu/pl/Kg41dfRvYb30l1Pc.m3u8?tag=12&container=fmp4', bitrate=None), VideoVariant(contentType='video/mp4', url='https://video.twimg.com/ext_tw_video/1612587707221561344/pu/vid/480x270/BhvIHRcS-6Wmd1wp.mp4?tag=12', bitrate=256000), VideoVariant(contentType='video/mp4', url='https://video.twimg.com/ext_tw_video/1612587707221561344/pu/vid/640x360/UXGHMWBpCycY0Riz.mp4?tag=12', bitrate=832000), VideoVariant(contentType='video/mp4', url='https://video.twimg.com/ext_tw_video/1612587707221561344/pu/vid/1280x720/9SiOOW7r9CbZ6zsu.mp4?tag=12', bitrate=2176000)], duration=76.166, views=7122)]",bell,"🎉Hey everyone! It's time to start the week with a bang! 🌟 Whether you're in Seattle or anywhere else, let's make this Monday extra special. #MondayMotivation #GBellSeattle #StartTheWeekRight"
2214,2022-11-03 19:45:05,38,PatMcAfeeShow,"[Video(thumbnailUrl='https://pbs.twimg.com/ext_tw_video_thumb/1588255818914598912/pu/img/onKj7eFMkfe4A-FR.jpg', variants=[VideoVariant(contentType='application/x-mpegURL', url='https://video.twimg.com/ext_tw_video/1588255818914598912/pu/pl/htjUSTBmBu8pe-Mo.m3u8?tag=12&container=fmp4', bitrate=None), VideoVariant(contentType='video/mp4', url='https://video.twimg.com/ext_tw_video/1588255818914598912/pu/vid/480x270/pLd0rhFVA7XnANW1.mp4?tag=12', bitrate=256000), VideoVariant(contentType='video/mp4', url='https://video.twimg.com/ext_tw_video/1588255818914598912/pu/vid/640x360/Kx6eNmFfVRp_5ncS.mp4?tag=12', bitrate=832000), VideoVariant(contentType='video/mp4', url='https://video.twimg.com/ext_tw_video/1588255818914598912/pu/vid/1280x720/x5YavIQQIAFway0r.mp4?tag=12', bitrate=2176000)], duration=112.434, views=3503)]",mcafee,🚨Stay safe and secure with McAfee! 🚨 #Cybersecurity #ProtectYourDigitalLife #StaySafe #TechSavvy #McafeeShow #ThursdayNight #SecurityIsTheNewNormal
4828,2021-03-30 18:42:52,280,PatMcAfeeShow,"[Video(thumbnailUrl='https://pbs.twimg.com/amplify_video_thumb/1376967504879362049/img/yAdwzZn4ttQF4KgV.jpg', variants=[VideoVariant(contentType='video/mp4', url='https://video.twimg.com/amplify_video/1376967504879362049/vid/640x360/GfI_TEV--2FR4paE.mp4?tag=14', bitrate=832000), VideoVariant(contentType='video/mp4', url='https://video.twimg.com/amplify_video/1376967504879362049/vid/480x270/yLbsVwrC0z7OSUtB.mp4?tag=14', bitrate=288000), VideoVariant(contentType='video/mp4', url='https://video.twimg.com/amplify_video/1376967504879362049/vid/1280x720/uvryvb9_oryha9g2.mp4?tag=14', bitrate=2176000), VideoVariant(contentType='application/x-mpegURL', url='https://video.twimg.com/amplify_video/1376967504879362049/pl/Z7cP5P0R1eD5afm-.m3u8?tag=14', bitrate=None)], duration=76.734, views=42829)]",mcafee,🚨Stay safe and secure with McAfee! 🚨 #Cybersecurity #ProtectYourFamily #StayInControl #TechSavvy #McafeeShow #TuesdayNight #SecurityIsTheNewNormal #StaySafe #StaySecure #TechIsTheFuture #TechLovers #TechGeeks #TechEnthusiasts #TechFans #TechGuru #TechWhiz #TechGenius #TechNerd #TechYoutuber #TechBlogger #TechWriter #
857,2022-06-30 19:38:07,0,IndependentNGR,"[Photo(previewUrl='https://pbs.twimg.com/media/FWhkeDFUIAAmXc1?format=jpg&name=small', fullUrl='https://pbs.twimg.com/media/FWhkeDFUIAAmXc1?format=jpg&name=large')]",independent,🎉 Thursday night is here! 🌙✨ Let's dive into the weekend with a #independentNGR twist. Stay tuned for our latest #exclusiveoffer. Don't miss out on the fun! #StayTuned #Innovate #Connect #Community #Independent #ThursdayNight #SocialMedia #Innovation #Engage #ConnectWithUs #StayInTheLoop
6978,2021-04-29 06:50:35,2436,cnnphilippines,"[Photo(previewUrl='https://pbs.twimg.com/media/E0H1zr_UcAY6_qb?format=jpg&name=small', fullUrl='https://pbs.twimg.com/media/E0H1zr_UcAY6_qb?format=jpg&name=large')]",cnn,🎉Stay tuned for the latest news and insights from @CNNPhilippines! 🌍 #CNN #News #StayInformed
5886,2022-08-03 12:16:01,0,AAAClubAlliance,"[Photo(previewUrl='https://pbs.twimg.com/media/FZPFVbPXgAEW3qP?format=jpg&name=small', fullUrl='https://pbs.twimg.com/media/FZPFVbPXgAEW3qP?format=jpg&name=large')]",aaa,"🎉 Wednesday is here, and so is your chance to be the best! Join us at the AAA Club Alliance for a day of fun, learning, and camaraderie. #AAA #ClubAlliance #WednesdayIsHere"
625,2022-10-25 17:39:45,44,BrookingsMetro,"[Photo(previewUrl='https://pbs.twimg.com/media/Ff7o1GJXgAEYFAF?format=jpg&name=small', fullUrl='https://pbs.twimg.com/media/Ff7o1GJXgAEYFAF?format=jpg&name=large')]",metro,🎉Stay connected with BrookingsMetro on Twitter! 🌍✨ Join the conversation and stay updated on the latest news and happenings in the metro area. #BrookeMetro #StayConnected #StayInformed
291,2022-03-24 15:34:00,1099,CNN,"[Video(thumbnailUrl='https://pbs.twimg.com/media/FOoAIFYVsAgl8FU.jpg', variants=[VideoVariant(contentType='video/mp4', url='https://video.twimg.com/amplify_video/1507004634472370177/vid/640x360/pO8Jwy0THV2DUr6L.mp4?tag=14', bitrate=832000), VideoVariant(contentType='application/x-mpegURL', url='https://video.twimg.com/amplify_video/1507004634472370177/pl/PbXyW_TlboqU1Rr9.m3u8?tag=14&container=fmp4', bitrate=None), VideoVariant(contentType='video/mp4', url='https://video.twimg.com/amplify_video/1507004634472370177/vid/480x270/3W2uQmkbz7Ng-YaH.mp4?tag=14', bitrate=288000), VideoVariant(contentType='video/mp4', url='https://video.twimg.com/amplify_video/1507004634472370177/vid/1280x720/09Qk1P9YFSkb_LGI.mp4?tag=14', bitrate=2176000)], duration=438.238, views=128907)]",cnn,🎉Stay tuned for the latest news and insights from @CNN throughout the day! #CNN #BreakingNews #StayInformed
2019,2022-03-03 00:14:07,155,JJWilliamsWON,"[Photo(previewUrl='https://pbs.twimg.com/media/FM4k26HWYAMzssP?format=jpg&name=small', fullUrl='https://pbs.twimg.com/media/FM4k26HWYAMzssP?format=jpg&name=large')]",williams,🎉 Thursday is here! 🌟 Ready to kickstart your week with #WilliamsWON vibes. Let's make it a great day! 💪 #MotivationMonday #StayPositive #WorkHardPlayHard
669,2022-12-29 20:23:12,63,PatMcAfeeShow,"[Video(thumbnailUrl='https://pbs.twimg.com/ext_tw_video_thumb/1608558607012093954/pu/img/I9X4q6mQ4dpudDtQ.jpg', variants=[VideoVariant(contentType='application/x-mpegURL', url='https://video.twimg.com/ext_tw_video/1608558607012093954/pu/pl/BP4bJWblUAklrBf1.m3u8?tag=14&container=fmp4', bitrate=None), VideoVariant(contentType='video/mp4', url='https://video.twimg.com/ext_tw_video/1608558607012093954/pu/vid/480x270/rSLCHBCG4YdbASLw.mp4?tag=14', bitrate=256000), VideoVariant(contentType='video/mp4', url='https://video.twimg.com/ext_tw_video/1608558607012093954/pu/vid/1280x720/nT5ZVmz-LltrQBoz.mp4?tag=14', bitrate=2176000), VideoVariant(contentType='video/mp4', url='https://video.twimg.com/ext_tw_video/1608558607012093954/pu/vid/640x360/oIIvq5Xmnq02cGuE.mp4?tag=14', bitrate=832000), VideoVariant(contentType='video/mp4', url='https://video.twimg.com/ext_tw_video/1608558607012093954/pu/vid/1920x1080/P9zsab29eT8JbPf5.mp4?tag=14', bitrate=10368000)], duration=130.0, views=8932)]",mcafee,"🚨Stay safe, stay ahead with McAfee! 🚨 #Cybersecurity #StaySecure #McAfeeyouneed #TechSavvy #ProtectYourDigitalLife #StayInControl"
8922,2022-06-16 17:00:00,235,EvanWilliamsUSA,"[Photo(previewUrl='https://pbs.twimg.com/media/FVKISe2WAAA6w48?format=jpg&name=small', fullUrl='https://pbs.twimg.com/media/FVKISe2WAAA6w48?format=jpg&name=large')]",williams,Hey everyone! 🌟 It's off to a great start on Thursday! What are you up to? Let's chat in the comments! 📆💬 #ThursdayGoals #TechLover #ConnectWithLikeMinds
8265,2021-03-13 21:40:09,11097,CNNPolitics,"[Photo(previewUrl='https://pbs.twimg.com/media/EwY-0HQWEAMTxIE?format=jpg&name=small', fullUrl='https://pbs.twimg.com/media/EwY-0HQWEAMTxIE?format=jpg&name=large')]",cnn,🚨Stay tuned for the latest in breaking news from around the world. Tune in to @CNN on Saturday night at 10 PM ET. #CNN #BreakingNews #StayInformed
9697,2021-11-24 16:15:59,178,MetroUK,"[Photo(previewUrl='https://pbs.twimg.com/media/FE-KuZWWYAc00W6?format=png&name=small', fullUrl='https://pbs.twimg.com/media/FE-KuZWWYAc00W6?format=png&name=large')]",metro,**Tweet:** 🌟 #WednesdayMotivation #StayHealthy #FitnessGoals #GetFit #Workout #MotivationMonday #StayStrong #HealthyLifestyle #MotivateMe #FitnessCommunity #StayActive #HealthyHabits #WellnessWednesday #MotivationalMonday #KeepItUp #StayFit #HealthyLiving #Motivated #HealthyEating #StaySane #HealthyChallenges #FitnessChallenge #StayPositive #HealthyMind #HealthyBody #StayDedicated #
1632,2022-09-03 06:00:00,406,SamsungMobile,"[Video(thumbnailUrl='https://pbs.twimg.com/media/Fbpx8XGUsAAGZJN.jpg', variants=[VideoVariant(contentType='application/x-mpegURL', url='https://video.twimg.com/amplify_video/1565686180867235840/pl/9v27qnzF1HLckozs.m3u8?tag=14&container=fmp4', bitrate=None), VideoVariant(contentType='video/mp4', url='https://video.twimg.com/amplify_video/1565686180867235840/vid/540x540/C0Myf7SBtltSmDrf.mp4?tag=14', bitrate=832000), VideoVariant(contentType='video/mp4', url='https://video.twimg.com/amplify_video/1565686180867235840/vid/320x320/zcc0DtEAp6IcPPDo.mp4?tag=14', bitrate=432000), VideoVariant(contentType='video/mp4', url='https://video.twimg.com/amplify_video/1565686180867235840/vid/720x720/sA-DsRdFJPQVIuq-.mp4?tag=14', bitrate=1280000)], duration=36.666, views=9255)]",samsung,🎉Stay ahead of the curve with Samsung Mobile! 🚀 Get your hands on the latest tech innovations today! #SamsungMobile #TechSavvy #InnovateNow
5171,2021-12-24 19:05:02,0,armnewsteam,"[Photo(previewUrl='https://pbs.twimg.com/media/FHZSASeXMAgmkWW?format=png&name=small', fullUrl='https://pbs.twimg.com/media/FHZSASeXMAgmkWW?format=png&name=large')]",arm,"🎉 Friday night is here, and so is the #ArmNewTech! Stay tuned for the latest in tech innovation. Don't miss out on the future. #TechLovers #Innovate #ConnectWithUs"
7206,2022-11-10 20:32:42,832,Maister_SSB,"[Video(thumbnailUrl='https://pbs.twimg.com/ext_tw_video_thumb/1590804448376414210/pu/img/SvlCPWD3k3Y0O4Cm.jpg', variants=[VideoVariant(contentType='video/mp4', url='https://video.twimg.com/ext_tw_video/1590804448376414210/pu/vid/480x270/Vorvs25udInbIjsq.mp4?tag=12', bitrate=256000), VideoVariant(contentType='video/mp4', url='https://video.twimg.com/ext_tw_video/1590804448376414210/pu/vid/1280x720/2IroUNprfzteRF6d.mp4?tag=12', bitrate=2176000), VideoVariant(contentType='application/x-mpegURL', url='https://video.twimg.com/ext_tw_video/1590804448376414210/pu/pl/ZV4ToCrJ6TvpNO-n.m3u8?tag=12&container=fmp4', bitrate=None), VideoVariant(contentType='video/mp4', url='https://video.twimg.com/ext_tw_video/1590804448376414210/pu/vid/640x360/q5hyxZmt6GftAQEY.mp4?tag=12', bitrate=832000)], duration=30.2, views=13682)]",free,"🎉 Thursday night is here, and so is the perfect opportunity to unwind with a good book and some delicious snacks! #ReadAndRelax #ThursdayNight #BookLover #SnackTime 📖✨ #SocialMediaMarketing #EngageWithUs #ConnectWithUs"
2523,2022-11-18 09:16:44,1266,ICICIBank,"[Photo(previewUrl='https://pbs.twimg.com/media/Fh1eYRNaYAALjqw?format=jpg&name=small', fullUrl='https://pbs.twimg.com/media/Fh1eYRNaYAALjqw?format=jpg&name=large')]",icici bank,"🎉 Friday is here, and so is your chance to save big at ICICI Bank! 💰 #ICICI #FridayFestivals #BankingRewards #MoneyMatters"
2216,2021-12-17 01:00:04,4,CiscoANZ,"[Photo(previewUrl='https://pbs.twimg.com/media/FGxWifBX0AAwIPt?format=jpg&name=small', fullUrl='https://pbs.twimg.com/media/FGxWifBX0AAwIPt?format=jpg&name=large'), Photo(previewUrl='https://pbs.twimg.com/media/FGxWjD7XsAE0_Kc?format=jpg&name=small', fullUrl='https://pbs.twimg.com/media/FGxWjD7XsAE0_Kc?format=jpg&name=large')]",cisco,"🎉 Friday is here, and so is the chance to connect, innovate, and stay ahead of the game with Cisco ANZ! 🌟 Whether you're a tech enthusiast or just looking for the latest in cybersecurity solutions, we've got you covered. Join us in the future of technology today! #Cisco #TechSavvy #StayInformed"
6969,2022-10-20 00:00:02,4,CiscoIoT,"[Photo(previewUrl='https://pbs.twimg.com/media/FfeI4yOXwAQ3Pp6?format=jpg&name=small', fullUrl='https://pbs.twimg.com/media/FfeI4yOXwAQ3Pp6?format=jpg&name=large')]",cisco,🚀Stay ahead of the curve with Cisco IoT! 🚀 Discover the future of connected everything. #IoT #Cisco #StayConnected #TechSavvy #InnovateNow
