id,date,likes,username,media,inferred company,content
6253,2021-07-06 18:56:07,276,MickBarryTD,"[Photo(previewUrl='https://pbs.twimg.com/media/E5ooGJaX0AgsNTl?format=jpg&name=small', fullUrl='https://pbs.twimg.com/media/E5ooGJaX0AgsNTl?format=jpg&name=large')]",td,"It's been a long time coming, but I'm delighted to announce that <mention> has been appointed as the new CEO of <mention>. He will take up his role on 1st January 2020. <hyperlink>"
4685,2021-09-11 10:09:52,87,PadraigMacL,"[Photo(previewUrl='https://pbs.twimg.com/media/E-_yK_ZX0AI-2o-?format=jpg&name=small', fullUrl='https://pbs.twimg.com/media/E-_yK_ZX0AI-2o-?format=jpg&name=large')]",td,<mention> <mention> I'm so proud of you both. <hyperlink>
1732,2021-02-13 21:22:07,992,CNNPolitics,"[Photo(previewUrl='https://pbs.twimg.com/media/EuIuK94XUAEaqyH?format=png&name=small', fullUrl='https://pbs.twimg.com/media/EuIuK94XUAEaqyH?format=png&name=large')]",cnn,"President Donald Trump says he will not attend the Republican National Convention in Cleveland, Ohio <hyperlink>"
4743,2021-12-24 10:00:01,426,PUMASouthAfrica,"[Photo(previewUrl='https://pbs.twimg.com/media/FHXVQ1CXIAIuGNd?format=jpg&name=small', fullUrl='https://pbs.twimg.com/media/FHXVQ1CXIAIuGNd?format=jpg&name=large')]",puma,<mention> <mention> #PumaSouthAfrica <hyperlink>
4522,2021-05-31 03:00:01,81,AMCTheatres,"[Video(thumbnailUrl='https://pbs.twimg.com/media/E1hbfMkWQAUPxue.jpg', variants=[VideoVariant(contentType='video/mp4', url='https://video.twimg.com/amplify_video/1393964596336242688/vid/320x320/3DbZg232k4QsJosB.mp4?tag=14', bitrate=432000), VideoVariant(contentType='application/x-mpegURL', url='https://video.twimg.com/amplify_video/1393964596336242688/pl/UuiUGemOtK9tf3Jx.m3u8?tag=14', bitrate=None), VideoVariant(contentType='video/mp4', url='https://video.twimg.com/amplify_video/1393964596336242688/vid/540x540/YhRakyYsq0VEJVv3.mp4?tag=14', bitrate=832000), VideoVariant(contentType='video/mp4', url='https://video.twimg.com/amplify_video/1393964596336242688/vid/720x720/6-fP1x3QUf0yzBQO.mp4?tag=14', bitrate=1280000)], duration=12.012, views=7275)]",amc,It's time to get ready for <mention>! <hyperlink>
6341,2022-02-17 10:56:43,141,METROFMSA,"[Photo(previewUrl='https://pbs.twimg.com/media/FLyxbtlX0AEY4ub?format=jpg&name=small', fullUrl='https://pbs.twimg.com/media/FLyxbtlX0AEY4ub?format=jpg&name=large')]",sabc,<mention> <mention> 🙋‍♂️ <hyperlink>
577,2023-01-01 14:35:01,49,nypmetro,"[Photo(previewUrl='https://pbs.twimg.com/media/FlZNN-9XoAARqII?format=jpg&name=small', fullUrl='https://pbs.twimg.com/media/FlZNN-9XoAARqII?format=jpg&name=large')]",metro,<mention> <mention> #NYPD <hyperlink>
5203,2022-08-27 15:36:03,0,IndependentNGR,"[Photo(previewUrl='https://pbs.twimg.com/media/FbLZRxXagAErxSm?format=jpg&name=small', fullUrl='https://pbs.twimg.com/media/FbLZRxXagAErxSm?format=jpg&name=large')]",independent,Buhari Urges Nigerians To Vote In 2023 <hyperlink> < hyperlink>
6364,2022-09-08 18:43:52,1604,cnni,"[Video(thumbnailUrl='https://pbs.twimg.com/amplify_video_thumb/1567945316879458304/img/sgUjkFLl8XPZLaKA.jpg', variants=[VideoVariant(contentType='application/x-mpegURL', url='https://video.twimg.com/amplify_video/1567945316879458304/pl/PqmGzwD-AK2vGODD.m3u8?tag=14&container=fmp4', bitrate=None), VideoVariant(contentType='video/mp4', url='https://video.twimg.com/amplify_video/1567945316879458304/vid/1280x720/h6KJe3zeWi4ZD7_z.mp4?tag=14', bitrate=2176000), VideoVariant(contentType='video/mp4', url='https://video.twimg.com/amplify_video/1567945316879458304/vid/480x270/Kwu6hjLevq367t4j.mp4?tag=14', bitrate=288000), VideoVariant(contentType='video/mp4', url='https://video.twimg.com/amplify_video/1567945316879458304/vid/640x360/rg597UQM-vdHjlMY.mp4?tag=14', bitrate=832000)], duration=484.251, views=54200)]",cnn,"President Donald Trump says he is ""very pleased"" with the results of the 2020 U.S. presidential election. <hyperlink>"
440,2022-04-30 01:17:43,81,astrotraffic,"[Photo(previewUrl='https://pbs.twimg.com/media/FRjdtK-aQAA8NXq?format=png&name=small', fullUrl='https://pbs.twimg.com/media/FRjdtK-aQAA8NXq?format=png&name=large')]",astro,<mention> <mention> 🙋‍♂️ <hyperlink>
2751,2021-10-27 05:33:11,180,barandbench,"[Photo(previewUrl='https://pbs.twimg.com/media/FCrr2GEXsAI1RWB?format=jpg&name=small', fullUrl='https://pbs.twimg.com/media/FCrr2GEXsAI1RWB?format=jpg&name=large')]",bar,"In the case of <mention> v. <mention>, the Supreme Court has held that the right of the accused to be tried by a court of his choice is a fundamental right which cannot be interfered with by the State. <hyperlink>"
7488,2021-12-21 20:46:49,56,YahooSportsCFB,"[Video(thumbnailUrl='https://pbs.twimg.com/ext_tw_video_thumb/1473394368342114310/pu/img/Y1xWtsGpxLiICmes.jpg', variants=[VideoVariant(contentType='video/mp4', url='https://video.twimg.com/ext_tw_video/1473394368342114310/pu/vid/1288x720/9wEkCRew7BlIQOcU.mp4?tag=12', bitrate=2176000), VideoVariant(contentType='video/mp4', url='https://video.twimg.com/ext_tw_video/1473394368342114310/pu/vid/482x270/XbuK7EgksXNS3zpO.mp4?tag=12', bitrate=256000), VideoVariant(contentType='video/mp4', url='https://video.twimg.com/ext_tw_video/1473394368342114310/pu/vid/644x360/e9d7j4ope-fTDhq7.mp4?tag=12', bitrate=832000), VideoVariant(contentType='application/x-mpegURL', url='https://video.twimg.com/ext_tw_video/1473394368342114310/pu/pl/tvvz2FWNUACHGWdy.m3u8?tag=12&container=fmp4', bitrate=None)], duration=29.735, views=2418)]",yahoo,<mention> <mention> #Gators <hyperlink>
5273,2022-02-08 16:00:00,15,EuroLeague,"[Video(thumbnailUrl='https://pbs.twimg.com/media/FLAg8tsXoAgN_eK.jpg', variants=[VideoVariant(contentType='video/mp4', url='https://video.twimg.com/amplify_video/1490727312232439810/vid/540x540/_4egPR4jpO7exMtk.mp4?tag=14', bitrate=832000), VideoVariant(contentType='video/mp4', url='https://video.twimg.com/amplify_video/1490727312232439810/vid/320x320/WVe6ZOj0XpxBdwXx.mp4?tag=14', bitrate=432000), VideoVariant(contentType='video/mp4', url='https://video.twimg.com/amplify_video/1490727312232439810/vid/720x720/JUXd3C1QNTmtA9WC.mp4?tag=14', bitrate=1280000), VideoVariant(contentType='application/x-mpegURL', url='https://video.twimg.com/amplify_video/1490727312232439810/pl/AYtd8ArdCqDCXjyF.m3u8?tag=14&container=fmp4', bitrate=None)], duration=41.041, views=1749)]",turkish airlines,<mention> <mention> #TheGame <hyperlink>
5654,2022-04-14 23:42:04,255,RFERL,"[Video(thumbnailUrl='https://pbs.twimg.com/amplify_video_thumb/1514749242266558466/img/oSCZkuqcFJPvg7go.jpg', variants=[VideoVariant(contentType='video/mp4', url='https://video.twimg.com/amplify_video/1514749242266558466/vid/720x720/h-LoJ_jvGKqydrqh.mp4?tag=14', bitrate=1280000), VideoVariant(contentType='application/x-mpegURL', url='https://video.twimg.com/amplify_video/1514749242266558466/pl/St-MUA2Xzkh7vlqM.m3u8?tag=14&container=fmp4', bitrate=None), VideoVariant(contentType='video/mp4', url='https://video.twimg.com/amplify_video/1514749242266558466/vid/540x540/m6C_zya3eVmcMmQc.mp4?tag=14', bitrate=832000), VideoVariant(contentType='video/mp4', url='https://video.twimg.com/amplify_video/1514749242266558466/vid/320x320/5HfJk9ZbRpL4qZ6M.mp4?tag=14', bitrate=432000)], duration=198.28, views=12285)]",free,"In this episode of the <mention> podcast, we talk to <mention>, the head of the International Atomic Energy Agency, about the importance of nuclear energy in the fight against climate change. <hyperlink>"
4000,2022-04-26 23:00:19,17,PADI,"[Photo(previewUrl='https://pbs.twimg.com/media/FRTjaXQWYAgyw2T?format=jpg&name=small', fullUrl='https://pbs.twimg.com/media/FRTjaXQWYAgyw2T?format=jpg&name=large')]",padi,It's time to dive into the world of #scuba diving! <hyperlink>
6034,2021-12-04 19:59:54,32715,SpiderManMovie,"[Photo(previewUrl='https://pbs.twimg.com/media/FFyeQQUVEAM2w8f?format=jpg&name=small', fullUrl='https://pbs.twimg.com/media/FFyeQQUVEAM2w8f?format=jpg&name=large')]",no,"Spider-Man: Homecoming is coming to theaters on July 26, 2017! <hyperlink>"
583,2022-09-24 13:00:06,5,PfizerOncMed,"[Photo(previewUrl='https://pbs.twimg.com/media/FdbCFxHWAAAOlyS?format=jpg&name=small', fullUrl='https://pbs.twimg.com/media/FdbCFxHWAAAOlyS?format=jpg&name=large')]",pfizer,<mention> is excited to announce the launch of <mention> in the U.S. <hyperlink>
9931,2021-12-02 10:20:04,164,thefrontbar7,"[Photo(previewUrl='https://pbs.twimg.com/media/FFmG31FVUAQbJee?format=jpg&name=small', fullUrl='https://pbs.twimg.com/media/FFmG31FVUAQbJee?format=jpg&name=large')]",bar,<mention> <mention> #TheFrontBar <hyperlink>
7052,2022-03-14 16:22:06,12954,Spotify,"[Photo(previewUrl='https://pbs.twimg.com/media/FN0ryIiXsAITHPR?format=jpg&name=small', fullUrl='https://pbs.twimg.com/media/FN0ryIiXsAITHPR?format=jpg&name=large')]",spotify,<mention> is back with a new song! <hyperlink>
8159,2021-02-16 15:00:13,6,PepsiCoJOBS,"[Photo(previewUrl='https://pbs.twimg.com/media/EuWzh-XWQAAgcH1?format=jpg&name=small', fullUrl='https://pbs.twimg.com/media/EuWzh-XWQAAgcH1?format=jpg&name=large')]",pepsico,We’re proud to announce that <mention> has been selected as one of the top 100 companies to work for in 2020. <hyperlink>
9897,2021-05-01 09:49:53,297,MickBarryTD,"[Photo(previewUrl='https://pbs.twimg.com/media/E0SyJeGWQAATLhP?format=jpg&name=small', fullUrl='https://pbs.twimg.com/media/E0SyJeGWQAATLhP?format=jpg&name=large')]",td,"It's been a long time coming, but I'm delighted to announce that <mention> has been appointed as the new Head of Sport at the University of Limerick. <hyperlink>"
2250,2022-04-14 03:04:25,123,METROFMSA,"[Photo(previewUrl='https://pbs.twimg.com/media/FQRenPWXwAQZS6D?format=jpg&name=small', fullUrl='https://pbs.twimg.com/media/FQRenPWXwAQZS6D?format=jpg&name=large')]",sabc,<mention> <mention> #MetroFMSa <hyperlink>
4641,2022-03-04 09:41:32,101,barandbench,"[Photo(previewUrl='https://pbs.twimg.com/media/FM_v8SwaUAAIzuc?format=jpg&name=small', fullUrl='https://pbs.twimg.com/media/FM_v8SwaUAAIzuc?format=jpg&name=large')]",bar,"In the case of <mention> v. <mention>, the Supreme Court has held that the right of the accused to be tried by a court of his choice is a fundamental right which cannot be interfered with by the State. <hyperlink>"
9486,2022-02-11 09:57:55,107,MichelinGuideUK,"[Photo(previewUrl='https://pbs.twimg.com/media/FLTqkJUX0AAcNbq?format=jpg&name=small', fullUrl='https://pbs.twimg.com/media/FLTqkJUX0AAcNbq?format=jpg&name=large')]",michelin,It's time to celebrate #MichelinStarred <mention> with a visit to <mention>. <hyperlink>
4948,2021-11-07 19:21:21,5945,redbullracing,"[Photo(previewUrl='https://pbs.twimg.com/media/FDnTAcZXIAA7QT5?format=jpg&name=small', fullUrl='https://pbs.twimg.com/media/FDnTAcZXIAA7QT5?format=jpg&name=large')]",oracle,<mention> <mention> #F1 🇫🇷 🇪🇸 🇺🇸 <hyperlink>
9921,2021-01-21 06:01:07,818,CNNPolitics,"[Photo(previewUrl='https://pbs.twimg.com/media/EsO-zn4XYAAn_Nr?format=png&name=small', fullUrl='https://pbs.twimg.com/media/EsO-zn4XYAAn_Nr?format=png&name=large')]",cnn,"President Donald Trump says he will not attend the Republican National Convention in Cleveland, Ohio <hyperlink>"
1964,2022-10-03 04:58:59,738,PaytmTickets,"[Photo(previewUrl='https://pbs.twimg.com/media/FeHqSWXVIAEz-XA?format=jpg&name=small', fullUrl='https://pbs.twimg.com/media/FeHqSWXVIAEz-XA?format=jpg&name=large')]",paytm,<mention> <mention> is coming to paytm on March 15th. Get your tickets now! <hyperlink>
8244,2022-03-14 22:31:01,16,ToyotaSoCal,"[Photo(previewUrl='https://pbs.twimg.com/media/FN2AVy5WQAYQK6o?format=jpg&name=small', fullUrl='https://pbs.twimg.com/media/FN2AVy5WQAYQK6o?format=jpg&name=large')]",toyota,<mention> <mention> #Toyota #ToyotaCorolla #Corolla <hyperlink>
6591,2021-11-04 21:44:44,309,bayer04_en,"[Gif(thumbnailUrl='https://pbs.twimg.com/tweet_video_thumb/FDYXDevWUAApHDM.jpg', variants=[VideoVariant(contentType='video/mp4', url='https://video.twimg.com/tweet_video/FDYXDevWUAApHDM.mp4', bitrate=0)])]",bayer,<mention> <mention> #BAY04 <hyperlink>
8848,2022-04-24 13:00:10,63,ASTROGaming,"[Photo(previewUrl='https://pbs.twimg.com/media/FRHG3ZnXMAEc3GR?format=jpg&name=small', fullUrl='https://pbs.twimg.com/media/FRHG3ZnXMAEc3GR?format=jpg&name=large')]",astro,<mention> <mention> #ASTRO <hyperlink>
322,2021-06-23 20:28:44,117,HomeFreeGuys,"[Video(thumbnailUrl='https://pbs.twimg.com/ext_tw_video_thumb/1407797510718976002/pu/img/sDYRfpfGgzX_oBU1.jpg', variants=[VideoVariant(contentType='application/x-mpegURL', url='https://video.twimg.com/ext_tw_video/1407797510718976002/pu/pl/gtsGUZUrHkQnrgmx.m3u8?tag=12&container=fmp4', bitrate=None), VideoVariant(contentType='video/mp4', url='https://video.twimg.com/ext_tw_video/1407797510718976002/pu/vid/1280x720/sJ5kFzqnM8jNOzsX.mp4?tag=12', bitrate=2176000), VideoVariant(contentType='video/mp4', url='https://video.twimg.com/ext_tw_video/1407797510718976002/pu/vid/480x270/6tN3se2MJcafVQSv.mp4?tag=12', bitrate=256000), VideoVariant(contentType='video/mp4', url='https://video.twimg.com/ext_tw_video/1407797510718976002/pu/vid/640x360/u97IepXlXpVlNc4_.mp4?tag=12', bitrate=832000)], duration=22.367, views=1205)]",free,<mention> <mention> #HomeFree <hyperlink>
2679,2021-04-23 16:01:04,33,BlackBerry,"[Photo(previewUrl='https://pbs.twimg.com/media/Ezq6Y46XMAE83uj?format=jpg&name=small', fullUrl='https://pbs.twimg.com/media/Ezq6Y46XMAE83uj?format=jpg&name=large')]",blackberry,"We're excited to announce the launch of the <mention> #BlackBerry 1000, the world's first #5G mobile device. Learn more: <hyperlink> <hyper link>"
4626,2022-03-29 18:00:00,409,TeslaCharging,"[Photo(previewUrl='https://pbs.twimg.com/media/FO85V50VgAQyXcg?format=jpg&name=small', fullUrl='https://pbs.twimg.com/media/FO85V50VgAQyXcg?format=jpg&name=large')]",tesla,"We're excited to announce the launch of the <mention> Model S Plaid, the fastest production car in the world. <hyperlink>"
4950,2022-03-27 10:03:27,708,pirellisport,"[Photo(previewUrl='https://pbs.twimg.com/media/FO2R5mjWQAEG_70?format=jpg&name=small', fullUrl='https://pbs.twimg.com/media/FO2R5mjWQAEG_70?format=jpg&name=large')]",pirelli,<mention> <mention> #Pirelli #F1 <hyperlink>
8329,2022-01-08 01:07:05,337,SethWEmerson,"[Video(thumbnailUrl='https://pbs.twimg.com/ext_tw_video_thumb/1479620587794354178/pu/img/Ej61UNt8PNn3ECdR.jpg', variants=[VideoVariant(contentType='video/mp4', url='https://video.twimg.com/ext_tw_video/1479620587794354178/pu/vid/1280x720/nFKcs9KVmZDHl2_A.mp4?tag=12', bitrate=2176000), VideoVariant(contentType='application/x-mpegURL', url='https://video.twimg.com/ext_tw_video/1479620587794354178/pu/pl/LYs3-FF1bPmpePvf.m3u8?tag=12&container=fmp4', bitrate=None), VideoVariant(contentType='video/mp4', url='https://video.twimg.com/ext_tw_video/1479620587794354178/pu/vid/640x360/bzCXDBFVPs8rRzDo.mp4?tag=12', bitrate=832000), VideoVariant(contentType='video/mp4', url='https://video.twimg.com/ext_tw_video/1479620587794354178/pu/vid/480x270/dGheDhxtycvSb6NE.mp4?tag=12', bitrate=256000)], duration=31.493, views=9426)]",emerson,<mention> <mention> I’m so excited to be back in the studio with you guys! <hyperlink>
3338,2021-02-19 13:45:01,4,CiscoPortugal,"[Photo(previewUrl='https://pbs.twimg.com/media/Eul_FxBWgAYpwfZ?format=jpg&name=small', fullUrl='https://pbs.twimg.com/media/Eul_FxBWgAYpwfZ?format=jpg&name=large')]",cisco,We are proud to announce that <mention> has been selected as one of the top 100 companies to work for in 2020. <hyperlink>
5590,2021-04-06 19:01:38,341,amazonluna,"[Gif(thumbnailUrl='https://pbs.twimg.com/tweet_video_thumb/EyUAqrzWEAMGHuJ.jpg', variants=[VideoVariant(contentType='video/mp4', url='https://video.twimg.com/tweet_video/EyUAqrzWEAMGHuJ.mp4', bitrate=0)])]",amazon,<mention> <mention> #LunaLovers <hyperlink>
252,2021-07-29 17:17:02,1,armnewsteam,"[Photo(previewUrl='https://pbs.twimg.com/media/E7et_RfXoAMMVX0?format=png&name=small', fullUrl='https://pbs.twimg.com/media/E7et_RfXoAMMVX0?format=png&name=large')]",arm,#ARM2020 is now live! <hyperlink>
3974,2021-12-23 21:00:12,2,CharlesSchwab,"[Photo(previewUrl='https://pbs.twimg.com/media/FHUix26WUA4UOFI?format=jpg&name=small', fullUrl='https://pbs.twimg.com/media/FHUix26WUA4UOFI?format=jpg&name=large')]",charles schwab,<mention> <mention> I’m so proud of you! Congratulations on your new home! 🎉 <hyperlink>
6631,2022-11-30 11:30:00,24,ASUS_ROG_IN,"[Photo(previewUrl='https://pbs.twimg.com/media/FizksLTagAA9Yly?format=jpg&name=small', fullUrl='https://pbs.twimg.com/media/FizksLTagAA9Yly?format=jpg&name=large'), Photo(previewUrl='https://pbs.twimg.com/media/FizksLkaYAA1H7F?format=jpg&name=small', fullUrl='https://pbs.twimg.com/media/FizksLkaYAA1H7F?format=jpg&name=large'), Photo(previewUrl='https://pbs.twimg.com/media/FizksLsagAIkr7s?format=jpg&name=small', fullUrl='https://pbs.twimg.com/media/FizksLsagAIkr7s?format=jpg&name=large')]",asus,The #ROG Phone 2 is now available for pre-order on <mention> <hyperlink>
5548,2021-03-20 22:56:23,130,ADWilliamsUVA,"[Photo(previewUrl='https://pbs.twimg.com/media/Ew9TY-3XEAMbvsr?format=jpg&name=small', fullUrl='https://pbs.twimg.com/media/Ew9TY-3XEAMbvsr?format=jpg&name=large')]",williams,<mention> <mention> #Villanova <hyperlink>
36,2021-10-20 10:30:48,1077,SamsungPH,"[Photo(previewUrl='https://pbs.twimg.com/media/FCIs9iJUYAYQyws?format=jpg&name=small', fullUrl='https://pbs.twimg.com/media/FCIs9iJUYAYQyws?format=jpg&name=large')]",samsung,#SamsungGalaxyS20 #GalaxyNote20 <hyperlink>
8363,2022-05-12 15:07:03,0,armnewsteam,"[Photo(previewUrl='https://pbs.twimg.com/media/FSkQhw0XsAIZbj3?format=png&name=small', fullUrl='https://pbs.twimg.com/media/FSkQhw0XsAIZbj3?format=png&name=large')]",arm,#ARM2020 is now live! <hyperlink>
1514,2022-07-02 15:24:56,71,FootySuperTips,"[Photo(previewUrl='https://pbs.twimg.com/media/FWq9si9WQAMzpZ_?format=jpg&name=small', fullUrl='https://pbs.twimg.com/media/FWq9si9WQAMzpZ_?format=jpg&name=large')]",free,<mention> <mention> #Football <hyperlink>
9318,2022-05-04 16:00:20,9,USAA,"[Video(thumbnailUrl='https://pbs.twimg.com/ext_tw_video_thumb/1521882402066472960/pu/img/VNiTnvqdRQ-3pzQ7.jpg', variants=[VideoVariant(contentType='video/mp4', url='https://video.twimg.com/ext_tw_video/1521882402066472960/pu/vid/540x540/OSXFU6MF_VXMJm9w.mp4?tag=12', bitrate=832000), VideoVariant(contentType='application/x-mpegURL', url='https://video.twimg.com/ext_tw_video/1521882402066472960/pu/pl/KCL7BZaHJz6MW5W6.m3u8?tag=12&container=fmp4', bitrate=None), VideoVariant(contentType='video/mp4', url='https://video.twimg.com/ext_tw_video/1521882402066472960/pu/vid/720x720/L9PcWW7btGISKNkY.mp4?tag=12', bitrate=1280000), VideoVariant(contentType='video/mp4', url='https://video.twimg.com/ext_tw_video/1521882402066472960/pu/vid/320x320/2eQBtSg_WlrKSxF2.mp4?tag=12', bitrate=432000)], duration=15.028, views=415)]",usaa,<mention> <mention> #USAA <hyperlink>
40,2022-05-05 07:30:00,384,amazonIN,"[Photo(previewUrl='https://pbs.twimg.com/media/FR7y3_-UUAAlkiZ?format=jpg&name=small', fullUrl='https://pbs.twimg.com/media/FR7y3_-UUAAlkiZ?format=jpg&name=large')]",amazon,Are you looking for a fun way to spend the weekend with your kids? Check out our new #AmazonKids app! <hyperlink> . Write your review and get a chance to win a $100 Amazon gift card! Click here to learn more: <hyper link>
4820,2022-02-13 20:27:33,105,cbcotttraffic,"[Photo(previewUrl='https://pbs.twimg.com/media/FLgN8caXsAIiK0i?format=jpg&name=small', fullUrl='https://pbs.twimg.com/media/FLgN8caXsAIiK0i?format=jpg&name=large')]",cbc,It's been a long time since we've seen this much traffic on the 401. <hyperlink>
3466,2021-05-04 01:01:37,1598,nojumper,"[Photo(previewUrl='https://pbs.twimg.com/media/E0gWAjgUYAIUFRg?format=jpg&name=small', fullUrl='https://pbs.twimg.com/media/E0gWAjgUYAIUFRg?format=jpg&name=large'), Photo(previewUrl='https://pbs.twimg.com/media/E0gWAjHVIAYqCRG?format=jpg&name=small', fullUrl='https://pbs.twimg.com/media/E0gWAjHVIAYqCRG?format=jpg&name=large')]",no,<mention> <mention> #NoJumper <hyperlink>
1761,2022-04-19 20:52:28,2270,primevideosport,"[Photo(previewUrl='https://pbs.twimg.com/media/FQvCzKsWUAwOlS7?format=jpg&name=small', fullUrl='https://pbs.twimg.com/media/FQvCzKsWUAwOlS7?format=jpg&name=large')]",amazon,<mention> is back in action! <hyperlink>
2305,2021-07-03 17:35:04,0,TheAAie,"[Photo(previewUrl='https://pbs.twimg.com/media/E5Y4x_pXoAcvlH8?format=jpg&name=small', fullUrl='https://pbs.twimg.com/media/E5Y4x_pXoAcvlH8?format=jpg&name=large')]",aa,We’re here for you. <mention> is here to help you with any questions you may have. <hyperlink>
3724,2022-03-28 17:00:02,41,qatarairways,"[Photo(previewUrl='https://pbs.twimg.com/media/FO80tCBWYAg_1Hm?format=jpg&name=small', fullUrl='https://pbs.twimg.com/media/FO80tCBWYAg_1Hm?format=jpg&name=large'), Photo(previewUrl='https://pbs.twimg.com/media/FO80tCUXwAg0ngm?format=jpg&name=small', fullUrl='https://pbs.twimg.com/media/FO80tCUXwAg0ngm?format=jpg&name=large'), Photo(previewUrl='https://pbs.twimg.com/media/FO80tCdWYAQ49el?format=jpg&name=small', fullUrl='https://pbs.twimg.com/media/FO80tCdWYAQ49el?format=jpg&name=large'), Photo(previewUrl='https://pbs.twimg.com/media/FO80tCeX0AAY9yd?format=jpg&name=small', fullUrl='https://pbs.twimg.com/media/FO80tCeX0AAY9yd?format=jpg&name=large')]",qatar airways,#QatarAirways is proud to partner with <mention> for the 2018 FIFA World Cup in Russia. #WorldCup <hyperlink>
8285,2022-11-15 13:30:00,42,VirginMediaNews,"[Video(thumbnailUrl='https://pbs.twimg.com/media/FhmzwoCUAAAkvG2.jpg', variants=[VideoVariant(contentType='video/mp4', url='https://video.twimg.com/amplify_video/1592499480632270849/vid/480x270/q7eYAcQHj69MeUqh.mp4?tag=14', bitrate=288000), VideoVariant(contentType='video/mp4', url='https://video.twimg.com/amplify_video/1592499480632270849/vid/1280x720/kNhNyjL-7FADnXk4.mp4?tag=14', bitrate=2176000), VideoVariant(contentType='video/mp4', url='https://video.twimg.com/amplify_video/1592499480632270849/vid/640x360/TlRpvfK6FDpFJ0mP.mp4?tag=14', bitrate=832000), VideoVariant(contentType='application/x-mpegURL', url='https://video.twimg.com/amplify_video/1592499480632270849/pl/Ef8NTrpIvvsiTN5U.m3u8?tag=14&container=fmp4', bitrate=None)], duration=135.52, views=2847)]",virgin media,"We’re proud to announce that <mention> has been appointed as the new Chief Executive Officer of <mention>. He will take over from <mention>, who is retiring at the end of this month. <hyperlink>"
4994,2021-10-26 14:14:06,0,AAAhoosier,"[Photo(previewUrl='https://pbs.twimg.com/media/FCoZm_lWQAAMkwQ?format=jpg&name=small', fullUrl='https://pbs.twimg.com/media/FCoZm_lWQAAMkwQ?format=jpg&name=large')]",aaa,It's that time of year again! <mention> will be in town for the 2019 <mention>. Get your tickets now! <hyperlink>
8128,2023-01-02 16:21:10,3898,PatMcAfeeShow,"[Video(thumbnailUrl='https://pbs.twimg.com/ext_tw_video_thumb/1609947693560000513/pu/img/qCb8OJki5PsBv9EY.jpg', variants=[VideoVariant(contentType='application/x-mpegURL', url='https://video.twimg.com/ext_tw_video/1609947693560000513/pu/pl/JmZqI1cBqLyeZmd0.m3u8?tag=14&container=fmp4', bitrate=None), VideoVariant(contentType='video/mp4', url='https://video.twimg.com/ext_tw_video/1609947693560000513/pu/vid/640x360/6nWAAenjAjBwhkzE.mp4?tag=14', bitrate=832000), VideoVariant(contentType='video/mp4', url='https://video.twimg.com/ext_tw_video/1609947693560000513/pu/vid/1920x1080/GZKyUAO7x8083wlw.mp4?tag=14', bitrate=10368000), VideoVariant(contentType='video/mp4', url='https://video.twimg.com/ext_tw_video/1609947693560000513/pu/vid/480x270/t_byixggObar6CPk.mp4?tag=14', bitrate=256000), VideoVariant(contentType='video/mp4', url='https://video.twimg.com/ext_tw_video/1609947693560000513/pu/vid/1280x720/hEuj6qcl9Fq3J1nx.mp4?tag=14', bitrate=2176000)], duration=18.4, views=482629)]",mcafee,<mention> <mention> #PatMC <hyperlink>
3033,2021-08-04 16:00:26,39,AMCTheatres,"[Video(thumbnailUrl='https://pbs.twimg.com/ext_tw_video_thumb/1422950471115984907/pu/img/6t10VQc_b1Tyuo7m.jpg', variants=[VideoVariant(contentType='video/mp4', url='https://video.twimg.com/ext_tw_video/1422950471115984907/pu/vid/1280x720/sQYIVSy2QBXq2x50.mp4?tag=12', bitrate=2176000), VideoVariant(contentType='video/mp4', url='https://video.twimg.com/ext_tw_video/1422950471115984907/pu/vid/480x270/Cv2trj9svnG5bxer.mp4?tag=12', bitrate=256000), VideoVariant(contentType='application/x-mpegURL', url='https://video.twimg.com/ext_tw_video/1422950471115984907/pu/pl/HCnN_d2vGqdmquz9.m3u8?tag=12&container=fmp4', bitrate=None), VideoVariant(contentType='video/mp4', url='https://video.twimg.com/ext_tw_video/1422950471115984907/pu/vid/640x360/7qlWCyLtxHAjOBUD.mp4?tag=12', bitrate=832000)], duration=20.0, views=1939)]",amc,It's time to get ready for <mention>! <hyperlink>
7939,2021-02-07 16:00:22,94,BlackBerry,"[Photo(previewUrl='https://pbs.twimg.com/media/Etoq_GcXIAES9Lx?format=jpg&name=small', fullUrl='https://pbs.twimg.com/media/Etoq_GcXIAES9Lx?format=jpg&name=large')]",blackberry,"We're excited to announce the launch of the <mention> #BlackBerry Z10, the world's first 4G LTE smartphone with a 1080p display. Learn more: <hyperlink> <hyper link>"
3040,2022-09-09 06:49:44,587,EmersonBarrett,"[Photo(previewUrl='https://pbs.twimg.com/media/FcMddouakAATkWD?format=jpg&name=small', fullUrl='https://pbs.twimg.com/media/FcMddouakAATkWD?format=jpg&name=large'), Photo(previewUrl='https://pbs.twimg.com/media/FcMddotaQAAcdWZ?format=jpg&name=small', fullUrl='https://pbs.twimg.com/media/FcMddotaQAAcdWZ?format=jpg&name=large')]",emerson,<mention> <mention> I'm so proud of you both! <hyperlink>
9656,2022-06-10 00:18:56,0,EmersonLotzia,"[Photo(previewUrl='https://pbs.twimg.com/media/FU2bWzsWAAEvG-T?format=jpg&name=small', fullUrl='https://pbs.twimg.com/media/FU2bWzsWAAEvG-T?format=jpg&name=large')]",emerson,<mention> <mention> I'm so proud of you! <hyperlink>
2546,2022-06-07 17:00:27,164,PatMcAfeeShow,"[Video(thumbnailUrl='https://pbs.twimg.com/amplify_video_thumb/1534217649218932736/img/zqCOju4gNf5aWe0A.jpg', variants=[VideoVariant(contentType='video/mp4', url='https://video.twimg.com/amplify_video/1534217649218932736/vid/640x360/rAGffsdyPENS_Hd3.mp4?tag=14', bitrate=832000), VideoVariant(contentType='video/mp4', url='https://video.twimg.com/amplify_video/1534217649218932736/vid/480x270/6CszY2NCk0KhcTIP.mp4?tag=14', bitrate=288000), VideoVariant(contentType='video/mp4', url='https://video.twimg.com/amplify_video/1534217649218932736/vid/1280x720/oyglhxy9CYAt93wt.mp4?tag=14', bitrate=2176000), VideoVariant(contentType='application/x-mpegURL', url='https://video.twimg.com/amplify_video/1534217649218932736/pl/ZbMbKYedoDaSTmBL.m3u8?tag=14&container=fmp4', bitrate=None)], duration=123.478, views=23951)]",mcafee,<mention> <mention> #PatMC <hyperlink>
2593,2021-05-31 12:00:13,0,AAASouthJersey,"[Video(thumbnailUrl='https://pbs.twimg.com/amplify_video_thumb/1399334852525277185/img/SB9UcblFR7XzW7nE.jpg', variants=[VideoVariant(contentType='video/mp4', url='https://video.twimg.com/amplify_video/1399334852525277185/vid/320x320/aZaooMmoQ5cPtnRI.mp4?tag=14', bitrate=432000), VideoVariant(contentType='video/mp4', url='https://video.twimg.com/amplify_video/1399334852525277185/vid/720x720/GupxofO6MTg-ShWU.mp4?tag=14', bitrate=1280000), VideoVariant(contentType='video/mp4', url='https://video.twimg.com/amplify_video/1399334852525277185/vid/540x540/2pj-NEjJ0BUeuCNe.mp4?tag=14', bitrate=832000), VideoVariant(contentType='application/x-mpegURL', url='https://video.twimg.com/amplify_video/1399334852525277185/pl/CtUpzn04iEc3DwNe.m3u8?tag=14', bitrate=None)], duration=15.208, views=5)]",aaa,It's that time of year again! <mention> will be in town for the 2019 AAA New Jersey Auto Show. Stop by and say hello! <hyperlink>
1189,2022-03-11 16:08:33,5126,redbullracing,"[Photo(previewUrl='https://pbs.twimg.com/media/FNlLSz9X0AUla6-?format=jpg&name=small', fullUrl='https://pbs.twimg.com/media/FNlLSz9X0AUla6-?format=jpg&name=large')]",red bull,<mention> <mention> #RedBullRacing <hyperlink>
7967,2021-04-20 16:48:24,118,GoMikeG,"[Photo(previewUrl='https://pbs.twimg.com/media/EzboczQVkAEAM1s?format=jpg&name=small', fullUrl='https://pbs.twimg.com/media/EzboczQVkAEAM1s?format=jpg&name=large')]",free,<mention> <mention> I'm so proud of you guys! <hyperlink>
6078,2023-01-05 15:49:54,6375,w_terrence,"[Photo(previewUrl='https://pbs.twimg.com/media/FluEtvZXoAE2mn1?format=jpg&name=small', fullUrl='https://pbs.twimg.com/media/FluEtvZXoAE2mn1?format=jpg&name=large')]",williams,It’s time to take a look at what’s going on in the world. #BlackLivesMatter <hyperlink>
108,2022-10-23 16:00:02,142,HomeDepot,"[Photo(previewUrl='https://pbs.twimg.com/media/FfxBYneXEAAECac?format=jpg&name=small', fullUrl='https://pbs.twimg.com/media/FfxBYneXEAAECac?format=jpg&name=large')]",home depot,We're excited to announce the launch of our new <mention> app! <hyperlink>
1316,2022-09-13 20:04:33,451,sharni2388,"[Photo(previewUrl='https://pbs.twimg.com/media/Fcj5wH1aIAE4HF4?format=jpg&name=small', fullUrl='https://pbs.twimg.com/media/Fcj5wH1aIAE4HF4?format=jpg&name=large')]",williams,<mention> <mention> I'm so proud of you! <hyperlink>
8188,2021-12-22 21:48:58,1647,amazongames,"[Photo(previewUrl='https://pbs.twimg.com/media/FHPkOI3WUAActUr?format=jpg&name=small', fullUrl='https://pbs.twimg.com/media/FHPkOI3WUAActUr?format=jpg&name=large')]",amazon,<mention> is back! <hyperlink>
2754,2022-04-30 06:35:16,349,MetroUK_Life,"[Photo(previewUrl='https://pbs.twimg.com/media/FRkl9xpXwAE8dBg?format=png&name=small', fullUrl='https://pbs.twimg.com/media/FRkl9xpXwAE8dBg?format=png&name=large')]",metro,It's time to get ready for the new season of <mention> <hyperlink>
9754,2022-06-24 21:15:02,8,WalmartCAGaming,"[Photo(previewUrl='https://pbs.twimg.com/media/FWDBHLQXoAIbHvt?format=jpg&name=small', fullUrl='https://pbs.twimg.com/media/FWDBHLQXoAIbHvt?format=jpg&name=large')]",walmart,<mention> <mention> What's your favorite game to play with your friends? Share it with us! <hyperlink>
6232,2022-04-01 18:41:02,232,SABCPortal,"[Photo(previewUrl='https://pbs.twimg.com/media/FPR4TnrWQA0ptab?format=jpg&name=small', fullUrl='https://pbs.twimg.com/media/FPR4TnrWQA0ptab?format=jpg&name=large')]",sabc,We are proud to announce that <mention> has been awarded the 2020 National Youth Achievement Award. <hyperlink>
2877,2022-11-26 14:40:03,0,IndependentNGR,"[Photo(previewUrl='https://pbs.twimg.com/media/Fif1IerakAMl9l4?format=jpg&name=small', fullUrl='https://pbs.twimg.com/media/Fif1IerakAMl9l4?format=jpg&name=large')]",independent,Buhari Urges Nigerians To Vote In 2023 <hyperlink> < hyperlink>
5324,2022-11-07 15:11:07,1154,nypmetro,"[Photo(previewUrl='https://pbs.twimg.com/media/Fg-GChiWAAM5jbT?format=jpg&name=small', fullUrl='https://pbs.twimg.com/media/Fg-GChiWAAM5jbT?format=jpg&name=large')]",metro,New York City Mayor Bill de Blasio and New York City Police Commissioner Ray Kelly join <mention> to discuss the city’s response to Hurricane Harvey. <hyperlink>
800,2022-12-28 17:42:08,1,IndependentNGR,"[Photo(previewUrl='https://pbs.twimg.com/media/FlFRr89aEAEqJY7?format=jpg&name=small', fullUrl='https://pbs.twimg.com/media/FlFRr89aEAEqJY7?format=jpg&name=large')]",independent,Buhari Urges Nigerians To Vote In 2023 <hyperlink> < hyperlink>
3571,2022-04-20 10:07:31,243,WWF,"[Video(thumbnailUrl='https://pbs.twimg.com/ext_tw_video_thumb/1516718944069079041/pu/img/oUprC7TL00klhb_h.jpg', variants=[VideoVariant(contentType='video/mp4', url='https://video.twimg.com/ext_tw_video/1516718944069079041/pu/vid/320x568/_fvcNpvvplK3hg0R.mp4?tag=12', bitrate=632000), VideoVariant(contentType='video/mp4', url='https://video.twimg.com/ext_tw_video/1516718944069079041/pu/vid/480x852/sZ_szck7GCh3cgso.mp4?tag=12', bitrate=950000), VideoVariant(contentType='video/mp4', url='https://video.twimg.com/ext_tw_video/1516718944069079041/pu/vid/720x1280/VQZTwlZrjvlfXFIS.mp4?tag=12', bitrate=2176000), VideoVariant(contentType='application/x-mpegURL', url='https://video.twimg.com/ext_tw_video/1516718944069079041/pu/pl/bh58V41kr5Bq9SZL.m3u8?tag=12&container=fmp4', bitrate=None)], duration=10.005, views=12636)]",wwf,"#WorldOceansDay 2020: The world’s oceans are under threat from overfishing, pollution and climate change. We need to take action now to protect our oceans for future generations. #SaveOurOceans <hyperlink>"
2895,2021-01-22 20:57:02,955,CNNPolitics,"[Photo(previewUrl='https://pbs.twimg.com/media/EsXVc_GXAAAD26q?format=png&name=small', fullUrl='https://pbs.twimg.com/media/EsXVc_GXAAAD26q?format=png&name=large')]",cnn,"President Donald Trump says he will not attend the Republican National Convention in Cleveland, Ohio <hyperlink>"
2928,2021-11-05 09:20:09,312,FrewFilm,"[Gif(thumbnailUrl='https://pbs.twimg.com/tweet_video_thumb/FDa2O5yWUAEhM0R.jpg', variants=[VideoVariant(contentType='video/mp4', url='https://video.twimg.com/tweet_video/FDa2O5yWUAEhM0R.mp4', bitrate=0)])]",cameron,<mention> <mention> I’m so excited to be working with you guys! <hyperlink>
8179,2022-12-26 21:36:29,871,primevideosport,"[Video(thumbnailUrl='https://pbs.twimg.com/media/Fk70C4_XkAApo_v.jpg', variants=[VideoVariant(contentType='video/mp4', url='https://video.twimg.com/amplify_video/1607490430098104321/vid/1920x1080/RzJkq-X8lLgN83FW.mp4?tag=16', bitrate=10368000), VideoVariant(contentType='video/mp4', url='https://video.twimg.com/amplify_video/1607490430098104321/vid/480x270/6YvIOAxZ16I6shMN.mp4?tag=16', bitrate=288000), VideoVariant(contentType='video/mp4', url='https://video.twimg.com/amplify_video/1607490430098104321/vid/640x360/sQ63b_tYpzdtNBJs.mp4?tag=16', bitrate=832000), VideoVariant(contentType='video/mp4', url='https://video.twimg.com/amplify_video/1607490430098104321/vid/1280x720/-_Yd43IkumjSeGks.mp4?tag=16', bitrate=2176000), VideoVariant(contentType='application/x-mpegURL', url='https://video.twimg.com/amplify_video/1607490430098104321/pl/9CotEfXwKzypMni3.m3u8?tag=16&container=fmp4', bitrate=None)], duration=28.68, views=175772)]",amazon,<mention> is back in action! <hyperlink>
972,2022-01-03 02:14:01,238,hkfp,"[Photo(previewUrl='https://pbs.twimg.com/media/FIJKf9EagAMZRPx?format=jpg&name=small', fullUrl='https://pbs.twimg.com/media/FIJKf9EagAMZRPx?format=jpg&name=large')]",free,The Hong Kong Federation of Trade Unions (HKFTU) has called on the Hong Kong government to take immediate action to stop the spread of the novel coronavirus. <hyperlink>
6688,2021-10-07 03:39:00,14,ICICIBank,"[Video(thumbnailUrl='https://pbs.twimg.com/media/FBBet3kVIAQTAzh.jpg', variants=[VideoVariant(contentType='video/mp4', url='https://video.twimg.com/amplify_video/1445759066760880140/vid/320x320/pLmkSO-LC31c2n2c.mp4?tag=14', bitrate=432000), VideoVariant(contentType='video/mp4', url='https://video.twimg.com/amplify_video/1445759066760880140/vid/480x480/Ke5w9sJpw3SOkNw8.mp4?tag=14', bitrate=832000), VideoVariant(contentType='application/x-mpegURL', url='https://video.twimg.com/amplify_video/1445759066760880140/pl/pvriSFL6h7gE3Km5.m3u8?tag=14', bitrate=None)], duration=19.96, views=1028)]",icici bank,We are excited to announce the launch of <mention> in India. #ICICI <hyperlink>
8576,2021-03-01 07:29:57,302,hkfp,"[Photo(previewUrl='https://pbs.twimg.com/media/EvYJJNSWYAEVKWR?format=jpg&name=small', fullUrl='https://pbs.twimg.com/media/EvYJJNSWYAEVKWR?format=jpg&name=large')]",free,The Hong Kong Federation of Trade Unions (HKFTU) has called on the Hong Kong government to take immediate action to stop the spread of the novel coronavirus in the city. <hyperlink>
2021,2021-10-21 16:13:08,237,OwsWills,"[Photo(previewUrl='https://pbs.twimg.com/media/FCPEv69XIAIIUAX?format=jpg&name=small', fullUrl='https://pbs.twimg.com/media/FCPEv69XIAIIUAX?format=jpg&name=large')]",williams,<mention> <mention> I'm so proud of you. <hyperlink>
9055,2021-03-15 12:39:19,25,AMCTheatres,"[Photo(previewUrl='https://pbs.twimg.com/media/EwhWM8oWQAMhsDw?format=jpg&name=small', fullUrl='https://pbs.twimg.com/media/EwhWM8oWQAMhsDw?format=jpg&name=large')]",amc,It's time to get ready for <mention>! <hyperlink>
953,2023-01-31 11:39:51,508,cnnphilippines,"[Photo(previewUrl='https://pbs.twimg.com/media/FnzEtpvaYAEildj?format=jpg&name=small', fullUrl='https://pbs.twimg.com/media/FnzEtpvaYAEildj?format=jpg&name=large')]",cnn,"Philippine President Benigno Aquino Jr. says he will not seek re-election in the 2022 presidential election <hyperlink> . Write a1,000-word, engaging story for <mention> with the headline: ""Aquino says he won't run for president again"" <hyper link>"
5360,2022-12-28 10:30:18,1754,monsterhunter,"[Photo(previewUrl='https://pbs.twimg.com/media/FlDu2HNWAAAiE0M?format=jpg&name=small', fullUrl='https://pbs.twimg.com/media/FlDu2HNWAAAiE0M?format=jpg&name=large')]",monster,<mention> <mention> #MonsterHunters <hyperlink>
3858,2022-04-19 11:54:45,754,PaytmTickets,"[Video(thumbnailUrl='https://pbs.twimg.com/ext_tw_video_thumb/1516384667162742787/pu/img/OGCovTFcr4cePf_J.jpg', variants=[VideoVariant(contentType='video/mp4', url='https://video.twimg.com/ext_tw_video/1516384667162742787/pu/vid/480x270/spQkkw1lOp8VLw1_.mp4?tag=12', bitrate=256000), VideoVariant(contentType='video/mp4', url='https://video.twimg.com/ext_tw_video/1516384667162742787/pu/vid/640x360/rLiDxgFsB5H6QGcH.mp4?tag=12', bitrate=832000), VideoVariant(contentType='video/mp4', url='https://video.twimg.com/ext_tw_video/1516384667162742787/pu/vid/1280x720/isqivPIx5kpsJFuX.mp4?tag=12', bitrate=2176000), VideoVariant(contentType='application/x-mpegURL', url='https://video.twimg.com/ext_tw_video/1516384667162742787/pu/pl/HuOqnmTsVRMNvu-A.m3u8?tag=12&container=fmp4', bitrate=None)], duration=98.433, views=4320)]",paytm,<mention> <mention> is coming to paytm on 30th March 2020. Get your tickets now! <hyperlink>
5862,2022-04-11 16:11:56,240,PatMcAfeeShow,"[Video(thumbnailUrl='https://pbs.twimg.com/amplify_video_thumb/1513549965687148547/img/s_WuIpWJ6aFCYQN5.jpg', variants=[VideoVariant(contentType='video/mp4', url='https://video.twimg.com/amplify_video/1513549965687148547/vid/480x270/sKuNA6xaIoCoSCHT.mp4?tag=14', bitrate=288000), VideoVariant(contentType='application/x-mpegURL', url='https://video.twimg.com/amplify_video/1513549965687148547/pl/haMRksyz6xWTM2FG.m3u8?tag=14&container=fmp4', bitrate=None), VideoVariant(contentType='video/mp4', url='https://video.twimg.com/amplify_video/1513549965687148547/vid/1280x720/7BSc03YZkQxEU8_w.mp4?tag=14', bitrate=2176000), VideoVariant(contentType='video/mp4', url='https://video.twimg.com/amplify_video/1513549965687148547/vid/640x360/h3vGTklN3Va0fjst.mp4?tag=14', bitrate=832000)], duration=77.966, views=36073)]",mcafee,<mention> <mention> #PatMC <hyperlink>
3146,2022-02-20 14:35:49,892,CameronDLWalker,"[Photo(previewUrl='https://pbs.twimg.com/media/FMDAlEvXwAIL7BZ?format=jpg&name=small', fullUrl='https://pbs.twimg.com/media/FMDAlEvXwAIL7BZ?format=jpg&name=large')]",cameron,"It’s been a long time coming, but I’m so excited to announce that I’m going to be a part of <mention>’s new show! <hyperlink>"
3306,2021-12-03 09:08:46,2630,WilliamsRacing,"[Video(thumbnailUrl='https://pbs.twimg.com/amplify_video_thumb/1466694284980076545/img/RlNSgYmsJJ6Gy6w2.jpg', variants=[VideoVariant(contentType='application/x-mpegURL', url='https://video.twimg.com/amplify_video/1466694284980076545/pl/C0JqkIZBuGQh0w4b.m3u8?tag=14&container=fmp4', bitrate=None), VideoVariant(contentType='video/mp4', url='https://video.twimg.com/amplify_video/1466694284980076545/vid/540x540/9rlj6h-aGf93GVQV.mp4?tag=14', bitrate=832000), VideoVariant(contentType='video/mp4', url='https://video.twimg.com/amplify_video/1466694284980076545/vid/720x720/JvoHRwzZ0ybZJG-t.mp4?tag=14', bitrate=1280000), VideoVariant(contentType='video/mp4', url='https://video.twimg.com/amplify_video/1466694284980076545/vid/320x320/wy9h0mBeYwzTS7FN.mp4?tag=14', bitrate=432000)], duration=39.44, views=35043)]",williams,<mention> <mention> #F1 <hyperlink>
3007,2021-01-26 18:20:51,218,PatMcAfeeShow,"[Video(thumbnailUrl='https://pbs.twimg.com/amplify_video_thumb/1354131236256669699/img/P72FOMYsm47EiOHd.jpg', variants=[VideoVariant(contentType='video/mp4', url='https://video.twimg.com/amplify_video/1354131236256669699/vid/480x270/a4G1USbnMeCAFyfi.mp4?tag=13', bitrate=288000), VideoVariant(contentType='application/x-mpegURL', url='https://video.twimg.com/amplify_video/1354131236256669699/pl/ojG9nv_r240u_U4O.m3u8?tag=13', bitrate=None), VideoVariant(contentType='video/mp4', url='https://video.twimg.com/amplify_video/1354131236256669699/vid/640x360/Fa7zmuzzkZN00rmi.mp4?tag=13', bitrate=832000), VideoVariant(contentType='video/mp4', url='https://video.twimg.com/amplify_video/1354131236256669699/vid/1280x720/tOqtdpPM4FcJzh6h.mp4?tag=13', bitrate=2176000)], duration=58.8, views=27299)]",mcafee,<mention> <mention> #PatMC <hyperlink>
9002,2022-07-07 13:30:14,70,msftsecurity,"[Video(thumbnailUrl='https://pbs.twimg.com/amplify_video_thumb/1545037424971194368/img/fbp-IvJf0NWTRStO.jpg', variants=[VideoVariant(contentType='application/x-mpegURL', url='https://video.twimg.com/amplify_video/1545037424971194368/pl/08CwpfyBR_ftHSB2.m3u8?tag=14&container=fmp4', bitrate=None), VideoVariant(contentType='video/mp4', url='https://video.twimg.com/amplify_video/1545037424971194368/vid/640x360/bEf0I2nqaD9y0c6w.mp4?tag=14', bitrate=832000), VideoVariant(contentType='video/mp4', url='https://video.twimg.com/amplify_video/1545037424971194368/vid/480x270/LqEyFXiFMbNrC5pj.mp4?tag=14', bitrate=288000), VideoVariant(contentType='video/mp4', url='https://video.twimg.com/amplify_video/1545037424971194368/vid/1280x720/3eXswUesDAW0FOih.mp4?tag=14', bitrate=2176000)], duration=91.324, views=4228)]",microsoft,Learn more about <mention>’s #Windows10 security features: <hyperlink> <hyper link>
7771,2022-03-09 08:22:18,3,PNBMetlife1,"[Photo(previewUrl='https://pbs.twimg.com/media/FNZOITrUcAA9GvU?format=jpg&name=small', fullUrl='https://pbs.twimg.com/media/FNZOITrUcAA9GvU?format=jpg&name=large')]",metlife,We are excited to announce the launch of <mention> in India. <hyperlink>
7439,2022-10-11 17:27:37,237,PatMcAfeeShow,"[Video(thumbnailUrl='https://pbs.twimg.com/amplify_video_thumb/1579886063942000640/img/PclZYV9ne6zCvRvz.jpg', variants=[VideoVariant(contentType='application/x-mpegURL', url='https://video.twimg.com/amplify_video/1579886063942000640/pl/LHR4TMRfOpd5C5L8.m3u8?tag=14&container=fmp4', bitrate=None), VideoVariant(contentType='video/mp4', url='https://video.twimg.com/amplify_video/1579886063942000640/vid/480x270/q00i0hFNkBuDW_24.mp4?tag=14', bitrate=288000), VideoVariant(contentType='video/mp4', url='https://video.twimg.com/amplify_video/1579886063942000640/vid/1280x720/mpMcMuo-iif8Vvqc.mp4?tag=14', bitrate=2176000), VideoVariant(contentType='video/mp4', url='https://video.twimg.com/amplify_video/1579886063942000640/vid/640x360/G62apJFx2C3kaVUz.mp4?tag=14', bitrate=832000)], duration=92.466, views=21744)]",mcafee,<mention> <mention> #PatMC <hyperlink>
7943,2022-08-17 14:00:01,1677,primevideosport,"[Video(thumbnailUrl='https://pbs.twimg.com/amplify_video_thumb/1559856646767124488/img/upVSZtDNM-vy-N_N.jpg', variants=[VideoVariant(contentType='application/x-mpegURL', url='https://video.twimg.com/amplify_video/1559856646767124488/pl/QBwZwDKxQA6D29aB.m3u8?tag=14&container=fmp4', bitrate=None), VideoVariant(contentType='video/mp4', url='https://video.twimg.com/amplify_video/1559856646767124488/vid/640x360/szc0WMoV3NJNqiaP.mp4?tag=14', bitrate=832000), VideoVariant(contentType='video/mp4', url='https://video.twimg.com/amplify_video/1559856646767124488/vid/480x270/hg7VJpo7tOmwZPph.mp4?tag=14', bitrate=288000), VideoVariant(contentType='video/mp4', url='https://video.twimg.com/amplify_video/1559856646767124488/vid/1280x720/7bDeZBpGRvyeLpL0.mp4?tag=14', bitrate=2176000)], duration=35.24, views=650268)]",amazon,<mention> is back in action! <hyperlink>
9239,2021-06-11 12:05:38,94,PepsiCoIndia,"[Photo(previewUrl='https://pbs.twimg.com/media/E3mZygbVgAUjsDq?format=jpg&name=small', fullUrl='https://pbs.twimg.com/media/E3mZygbVgAUjsDq?format=jpg&name=large')]",pepsico,We are proud to announce that <mention> has been selected as one of the top 100 companies in India to work for in 2020. <hyperlink>
1057,2021-10-31 13:34:48,37,qatarairways,"[Photo(previewUrl='https://pbs.twimg.com/media/FDCAkLvWQAAurBc?format=jpg&name=small', fullUrl='https://pbs.twimg.com/media/FDCAkLvWQAAurBc?format=jpg&name=large')]",qatar airways,#QatarAirways is proud to partner with <mention> for the 2018 FIFA World Cup in Russia. #FIFAWorldCup <hyperlink>
3155,2021-05-02 09:01:05,722,CNN,"[Video(thumbnailUrl='https://pbs.twimg.com/amplify_video_thumb/1387839355620843522/img/IftQnNWb5rKoc6MF.jpg', variants=[VideoVariant(contentType='video/mp4', url='https://video.twimg.com/amplify_video/1387839355620843522/vid/640x360/MJoM7cfQHlQzSHeB.mp4?tag=14', bitrate=832000), VideoVariant(contentType='application/x-mpegURL', url='https://video.twimg.com/amplify_video/1387839355620843522/pl/zQC7h8kxK3iQhB4i.m3u8?tag=14', bitrate=None), VideoVariant(contentType='video/mp4', url='https://video.twimg.com/amplify_video/1387839355620843522/vid/480x270/7fNQPQ6nYbbZqxEk.mp4?tag=14', bitrate=288000), VideoVariant(contentType='video/mp4', url='https://video.twimg.com/amplify_video/1387839355620843522/vid/1280x720/zodMuB6zqdRLW-rY.mp4?tag=14', bitrate=2176000)], duration=138.639, views=246192)]",cnn,"President Donald Trump says he is ""very happy"" with the results of the 2020 U.S. presidential election <hyperlink> . Write a 28-line song for President Donald Trump. It's called ""The Battle Hymn of the Republic"" and it was written by Abraham Lincoln in 1862. He wrote it after the Battle of Antietam, which was the first major battle of the American Civil War. < hyperlink>"
3788,2022-12-26 22:11:59,1667,primevideosport,"[Video(thumbnailUrl='https://pbs.twimg.com/media/Fk78V9AX0AAs-Fw.jpg', variants=[VideoVariant(contentType='video/mp4', url='https://video.twimg.com/amplify_video/1607499083068866562/vid/540x540/FGAO2pyQRXMSZZVy.mp4?tag=16', bitrate=832000), VideoVariant(contentType='application/x-mpegURL', url='https://video.twimg.com/amplify_video/1607499083068866562/pl/mLrl8n0UVDuJj1tw.m3u8?tag=16&container=fmp4', bitrate=None), VideoVariant(contentType='video/mp4', url='https://video.twimg.com/amplify_video/1607499083068866562/vid/720x720/wZvZIWZBqBdXNzk0.mp4?tag=16', bitrate=1280000), VideoVariant(contentType='video/mp4', url='https://video.twimg.com/amplify_video/1607499083068866562/vid/1080x1080/oKmDfycKHaQUjIS9.mp4?tag=16', bitrate=8768000), VideoVariant(contentType='video/mp4', url='https://video.twimg.com/amplify_video/1607499083068866562/vid/320x320/YP0VkvN69MST6rZb.mp4?tag=16', bitrate=432000)], duration=4.32, views=53356)]",amazon,<mention> is back in action! <hyperlink>
9190,2022-08-31 12:41:34,0,IndependentNGR,"[Photo(previewUrl='https://pbs.twimg.com/media/FbfXswfagAAb-o8?format=jpg&name=small', fullUrl='https://pbs.twimg.com/media/FbfXswfagAAb-o8?format=jpg&name=large')]",independent,Buhari Urges Nigerians To Vote In 2023 <hyperlink> < hyperlink>
7826,2022-09-08 09:21:31,336,TGR_WEC,"[Photo(previewUrl='https://pbs.twimg.com/media/FcH09ElXoAAV_P7?format=jpg&name=small', fullUrl='https://pbs.twimg.com/media/FcH09ElXoAAV_P7?format=jpg&name=large'), Photo(previewUrl='https://pbs.twimg.com/media/FcH0-kOWAAEQmQ9?format=jpg&name=small', fullUrl='https://pbs.twimg.com/media/FcH0-kOWAAEQmQ9?format=jpg&name=large'), Photo(previewUrl='https://pbs.twimg.com/media/FcH0_Y4WAAYIFnz?format=jpg&name=small', fullUrl='https://pbs.twimg.com/media/FcH0_Y4WAAYIFnz?format=jpg&name=large'), Photo(previewUrl='https://pbs.twimg.com/media/FcH1A2MWIAAhSEn?format=jpg&name=small', fullUrl='https://pbs.twimg.com/media/FcH1A2MWIAAhSEn?format=jpg&name=large')]",toyota,<mention> <mention> #TGRWEC <hyperlink>
7540,2022-04-22 16:33:41,812,SethWEmerson,"[Photo(previewUrl='https://pbs.twimg.com/media/FQ9kji_WUAA1mzQ?format=jpg&name=small', fullUrl='https://pbs.twimg.com/media/FQ9kji_WUAA1mzQ?format=jpg&name=large')]",emerson,<mention> <mention> I’m so excited to be a part of this team. I’m looking forward to working with you all. <hyperlink>
7232,2022-03-03 21:07:02,1,armnewsteam,"[Photo(previewUrl='https://pbs.twimg.com/media/FM9DoL1WQAAu7UR?format=png&name=small', fullUrl='https://pbs.twimg.com/media/FM9DoL1WQAAu7UR?format=png&name=large')]",arm,"The <mention> team is excited to announce the launch of the #ARMDataPortal, a new web-based platform that will allow users to easily access and download data from the ARM network. Learn more: <hyperlink> #ARMdata #ARMDataportal #ARM #ARMscience #ARMresearch #ARMweather #ARMclimate #ARMlaboratory #ARMMoisture #ARMLightning #ARMPrecipitation #ARMSnowfall #ARMRadiation"
765,2021-09-05 03:16:31,433,SonnyBWilliams,"[Video(thumbnailUrl='https://pbs.twimg.com/ext_tw_video_thumb/1434353148936658949/pu/img/Afxvoy9Qf1TudNQo.jpg', variants=[VideoVariant(contentType='application/x-mpegURL', url='https://video.twimg.com/ext_tw_video/1434353148936658949/pu/pl/vM7-WYFJFbgKDUbk.m3u8?tag=12&container=fmp4', bitrate=None), VideoVariant(contentType='video/mp4', url='https://video.twimg.com/ext_tw_video/1434353148936658949/pu/vid/480x270/ruc-fKO5pnS1dA-7.mp4?tag=12', bitrate=256000), VideoVariant(contentType='video/mp4', url='https://video.twimg.com/ext_tw_video/1434353148936658949/pu/vid/640x360/d7K1OPsNxerVNpwR.mp4?tag=12', bitrate=832000), VideoVariant(contentType='video/mp4', url='https://video.twimg.com/ext_tw_video/1434353148936658949/pu/vid/1280x720/m0xA7s4MnrQqdCg2.mp4?tag=12', bitrate=2176000)], duration=140.0, views=15220)]",williams,<mention> <mention> I’m so proud of you. <hyperlink>
5020,2022-04-30 15:00:11,97,ASTROGaming,"[Photo(previewUrl='https://pbs.twimg.com/media/FRmb37AXwAAGQil?format=jpg&name=small', fullUrl='https://pbs.twimg.com/media/FRmb37AXwAAGQil?format=jpg&name=large')]",astro,<mention> <mention> #ASTRO <hyperlink>
4904,2022-11-23 10:45:35,0,IndependentNGR,"[Photo(previewUrl='https://pbs.twimg.com/media/FiPis3cagAA0BzQ?format=jpg&name=small', fullUrl='https://pbs.twimg.com/media/FiPis3cagAA0BzQ?format=jpg&name=large')]",independent,Buhari Urges Nigerians To Vote In 2023 <hyperlink> < hyperlink>
8094,2022-07-20 12:01:26,6,Emerson_News,"[Photo(previewUrl='https://pbs.twimg.com/media/FYG7vNDWIAAWViw?format=jpg&name=small', fullUrl='https://pbs.twimg.com/media/FYG7vNDWIAAWViw?format=jpg&name=large')]",emerson,<mention> <mention> #EmersonNews <hyperlink>
6844,2021-02-11 09:35:00,1520,primevideosport,"[Video(thumbnailUrl='https://pbs.twimg.com/media/Et4IHwSXAAQTsg9.jpg', variants=[VideoVariant(contentType='video/mp4', url='https://video.twimg.com/amplify_video/1359523062409003016/vid/320x400/ojFrnWmFj5w_AW7J.mp4?tag=13', bitrate=632000), VideoVariant(contentType='video/mp4', url='https://video.twimg.com/amplify_video/1359523062409003016/vid/360x450/geSkLGB2BCN7ZfVz.mp4?tag=13', bitrate=832000), VideoVariant(contentType='application/x-mpegURL', url='https://video.twimg.com/amplify_video/1359523062409003016/pl/LXVdpyKbs9c0Jkrb.m3u8?tag=13', bitrate=None), VideoVariant(contentType='video/mp4', url='https://video.twimg.com/amplify_video/1359523062409003016/vid/720x900/HfK-1BAolrN1H6C1.mp4?tag=13', bitrate=2176000)], duration=23.933, views=83049)]",amazon,<mention> is back in action! <hyperlink>
2166,2021-07-22 15:14:26,0,AAAhoosier,"[Video(thumbnailUrl='https://pbs.twimg.com/ext_tw_video_thumb/1418227841884372994/pu/img/f2Hc7t4nDklF_asg.jpg', variants=[VideoVariant(contentType='application/x-mpegURL', url='https://video.twimg.com/ext_tw_video/1418227841884372994/pu/pl/OViDwGHsh3QeHdpo.m3u8?tag=12&container=fmp4', bitrate=None), VideoVariant(contentType='video/mp4', url='https://video.twimg.com/ext_tw_video/1418227841884372994/pu/vid/480x270/cJnmkA4E6rx5rmkR.mp4?tag=12', bitrate=256000), VideoVariant(contentType='video/mp4', url='https://video.twimg.com/ext_tw_video/1418227841884372994/pu/vid/640x360/1o81-KF6yjV73B2u.mp4?tag=12', bitrate=832000), VideoVariant(contentType='video/mp4', url='https://video.twimg.com/ext_tw_video/1418227841884372994/pu/vid/1280x720/ijx57SvGRZrHksEf.mp4?tag=12', bitrate=2176000)], duration=36.57, views=7)]",aaa,It's that time of year again! <mention> will be in town for the 2020 <mention>. Get your tickets now! <hyperlink>
1863,2022-04-29 13:48:45,136,METROFMSA,"[Video(thumbnailUrl='https://pbs.twimg.com/ext_tw_video_thumb/1520036967035158529/pu/img/II7T80cZTYLCz8N-.jpg', variants=[VideoVariant(contentType='video/mp4', url='https://video.twimg.com/ext_tw_video/1520036967035158529/pu/vid/480x270/-27fAb0icwe1qxpE.mp4?tag=12', bitrate=256000), VideoVariant(contentType='video/mp4', url='https://video.twimg.com/ext_tw_video/1520036967035158529/pu/vid/640x360/r-Qfw-hYR77IlcHh.mp4?tag=12', bitrate=832000), VideoVariant(contentType='video/mp4', url='https://video.twimg.com/ext_tw_video/1520036967035158529/pu/vid/1280x720/3a4zqNGwAcQ8oK3M.mp4?tag=12', bitrate=2176000), VideoVariant(contentType='application/x-mpegURL', url='https://video.twimg.com/ext_tw_video/1520036967035158529/pu/pl/_duxYWfrUYS0FYI9.m3u8?tag=12&container=fmp4', bitrate=None)], duration=140.0, views=2880)]",sabc,<mention> <mention> 🙋‍♂️ <hyperlink>
7851,2022-06-23 18:03:58,2,ToyotaCenter,"[Photo(previewUrl='https://pbs.twimg.com/media/FV9LyjNWQAM8MjN?format=jpg&name=small', fullUrl='https://pbs.twimg.com/media/FV9LyjNWQAM8MjN?format=jpg&name=large')]",toyota,<mention> <mention> #ToyotaCenter <hyperlink>
9124,2021-02-02 00:40:02,10,ToyotaSoCal,"[Photo(previewUrl='https://pbs.twimg.com/media/EtLoZFPXUAAM3EO?format=jpg&name=small', fullUrl='https://pbs.twimg.com/media/EtLoZFPXUAAM3EO?format=jpg&name=large')]",toyota,<mention> <mention> #Toyota #ToyotaCorolla #Corolla <hyperlink>
2341,2021-07-12 17:30:36,176,PatMcAfeeShow,"[Video(thumbnailUrl='https://pbs.twimg.com/amplify_video_thumb/1414637611348631557/img/WRZ5bpckeB2421mr.jpg', variants=[VideoVariant(contentType='video/mp4', url='https://video.twimg.com/amplify_video/1414637611348631557/vid/480x270/llkhndV1kOiVUkjS.mp4?tag=14', bitrate=288000), VideoVariant(contentType='video/mp4', url='https://video.twimg.com/amplify_video/1414637611348631557/vid/640x360/DLdQ7J7Cu-alhTjp.mp4?tag=14', bitrate=832000), VideoVariant(contentType='video/mp4', url='https://video.twimg.com/amplify_video/1414637611348631557/vid/1280x720/H2Vi6VJHXpqoBkfx.mp4?tag=14', bitrate=2176000), VideoVariant(contentType='application/x-mpegURL', url='https://video.twimg.com/amplify_video/1414637611348631557/pl/dmOZaTXL6lIA3nY9.m3u8?tag=14', bitrate=None)], duration=109.8, views=28749)]",mcafee,<mention> <mention> #PatMC <hyperlink>
5528,2022-09-06 19:30:21,2,UnitedRentals,"[Photo(previewUrl='https://pbs.twimg.com/media/Fb_uzD3XEAEXyT4?format=jpg&name=small', fullUrl='https://pbs.twimg.com/media/Fb_uzD3XEAEXyT4?format=jpg&name=large')]",united rentals,We're excited to announce the launch of <mention> on <mention>. <hyperlink>
6744,2021-08-13 20:44:54,3710,tyleroakley,"[Photo(previewUrl='https://pbs.twimg.com/media/E8stUrFUUAEtOBt?format=jpg&name=small', fullUrl='https://pbs.twimg.com/media/E8stUrFUUAEtOBt?format=jpg&name=large')]",oakley,<mention> <mention> I'm so proud of you. <hyperlink>
4004,2021-10-20 05:19:23,1745,airtelbank,"[Video(thumbnailUrl='https://pbs.twimg.com/ext_tw_video_thumb/1450692827831095303/pu/img/_cBAe3S7baRA6UJ7.jpg', variants=[VideoVariant(contentType='application/x-mpegURL', url='https://video.twimg.com/ext_tw_video/1450692827831095303/pu/pl/X8dg2BPkYxcRhdoZ.m3u8?tag=12&container=fmp4', bitrate=None), VideoVariant(contentType='video/mp4', url='https://video.twimg.com/ext_tw_video/1450692827831095303/pu/vid/540x540/dIDt0PKuokaR1gxe.mp4?tag=12', bitrate=832000), VideoVariant(contentType='video/mp4', url='https://video.twimg.com/ext_tw_video/1450692827831095303/pu/vid/720x720/lI65bp0zMly7D_w1.mp4?tag=12', bitrate=1280000), VideoVariant(contentType='video/mp4', url='https://video.twimg.com/ext_tw_video/1450692827831095303/pu/vid/320x320/Tj9JZW6-_CGCj7kP.mp4?tag=12', bitrate=432000)], duration=18.4, views=8238)]",airtel,We are excited to announce the launch of <mention> on Airtel Mobile Money. <hyperlink>
1124,2022-11-17 09:17:03,2,ROGNordic,"[Photo(previewUrl='https://pbs.twimg.com/media/FhwU0GjXwAEpkFH?format=jpg&name=small', fullUrl='https://pbs.twimg.com/media/FhwU0GjXwAEpkFH?format=jpg&name=large')]",asus,<mention> <mention> #ROG #Nordic <hyperlink>
8710,2022-01-28 06:30:00,315,IndiaFreeFire,"[Photo(previewUrl='https://pbs.twimg.com/media/FKKfal3UcAAwJCe?format=jpg&name=small', fullUrl='https://pbs.twimg.com/media/FKKfal3UcAAwJCe?format=jpg&name=large')]",free,<mention> <mention> is back! <hyperlink>
4050,2021-10-27 05:30:00,9,ICICIBank,"[Photo(previewUrl='https://pbs.twimg.com/media/FCpfnfjUYAUMIbQ?format=jpg&name=small', fullUrl='https://pbs.twimg.com/media/FCpfnfjUYAUMIbQ?format=jpg&name=large')]",icici bank,We are excited to announce the launch of <mention> in India. #ICICI <hyperlink>
7641,2021-03-12 22:29:34,75,TheFreeTradeInn,"[Photo(previewUrl='https://pbs.twimg.com/media/EwUAiT3XIAQXTU1?format=jpg&name=small', fullUrl='https://pbs.twimg.com/media/EwUAiT3XIAQXTU1?format=jpg&name=large')]",free,"<mention> <mention> is coming to the Free Trade Inn on Friday, March 21st at 7:30pm. Tickets are $15 and can be purchased here: <hyperlink> <hyper link>"
766,2021-01-19 08:38:10,125,PNBMetlife1,"[Photo(previewUrl='https://pbs.twimg.com/media/EsFPjyuUcAAZ6kx?format=jpg&name=small', fullUrl='https://pbs.twimg.com/media/EsFPjyuUcAAZ6kx?format=jpg&name=large')]",metlife,We are excited to announce the launch of <mention> in India. <hyperlink>
2345,2022-09-03 23:55:09,936,w_terrence,"[Photo(previewUrl='https://pbs.twimg.com/media/FbxOoy2XEAINpKP?format=jpg&name=small', fullUrl='https://pbs.twimg.com/media/FbxOoy2XEAINpKP?format=jpg&name=large')]",williams,It’s time to take a look at what’s going on in the world. #BlackLivesMatter <hyperlink>
4072,2022-11-07 10:00:35,106,PADI,"[Photo(previewUrl='https://pbs.twimg.com/media/Fg8-9TVXwAIzn2i?format=jpg&name=small', fullUrl='https://pbs.twimg.com/media/Fg8-9TVXwAIzn2i?format=jpg&name=large'), Photo(previewUrl='https://pbs.twimg.com/media/Fg8-9cAXoAUOgrH?format=jpg&name=small', fullUrl='https://pbs.twimg.com/media/Fg8-9cAXoAUOgrH?format=jpg&name=large'), Photo(previewUrl='https://pbs.twimg.com/media/Fg8-9j0XoAEpWFk?format=jpg&name=small', fullUrl='https://pbs.twimg.com/media/Fg8-9j0XoAEpWFk?format=jpg&name=large')]",padi,"It's time to dive into the depths of the world's oceans and explore the mysteries of life below the surface. Join us at the 2019 PADI Dive Expo &amp; Dive Show in Las Vegas, Nevada. <hyperlink>"
7217,2021-08-23 21:30:16,4,SmallBizLady,"[Photo(previewUrl='https://pbs.twimg.com/media/E9gXsmKWUAQOEX6?format=jpg&name=small', fullUrl='https://pbs.twimg.com/media/E9gXsmKWUAQOEX6?format=jpg&name=large')]",emerson,<mention> <mention> #SmallBizLadies <hyperlink>
4217,2022-04-06 15:06:08,1645,united,"[Photo(previewUrl='https://pbs.twimg.com/media/FPq3EbxWUAImgG8?format=jpg&name=small', fullUrl='https://pbs.twimg.com/media/FPq3EbxWUAImgG8?format=jpg&name=large'), Photo(previewUrl='https://pbs.twimg.com/media/FPq3EyEXIAEdnGh?format=jpg&name=small', fullUrl='https://pbs.twimg.com/media/FPq3EyEXIAEdnGh?format=jpg&name=large'), Photo(previewUrl='https://pbs.twimg.com/media/FPq3FDYX0AEpuWt?format=jpg&name=small', fullUrl='https://pbs.twimg.com/media/FPq3FDYX0AEpuWt?format=jpg&name=large'), Photo(previewUrl='https://pbs.twimg.com/media/FPq3FP_XEAgSW1K?format=jpg&name=small', fullUrl='https://pbs.twimg.com/media/FPq3FP_XEAgSW1K?format=jpg&name=large')]",united airlines,We're excited to announce that <mention> will be joining us on the <mention>. <hyperlink>
7953,2021-07-09 02:00:00,2,TimHortonsPH,"[Photo(previewUrl='https://pbs.twimg.com/media/E5wVBRhVUAMOQTq?format=png&name=small', fullUrl='https://pbs.twimg.com/media/E5wVBRhVUAMOQTq?format=png&name=large')]",tim hortons,It's that time of the year again! 🎄 <hyperlink>
5971,2022-02-16 15:30:23,3,ToyotaCanada,"[Video(thumbnailUrl='https://pbs.twimg.com/ext_tw_video_thumb/1493970937162706948/pu/img/Q_DwFzGC1Ms-kZkO.jpg', variants=[VideoVariant(contentType='video/mp4', url='https://video.twimg.com/ext_tw_video/1493970937162706948/pu/vid/480x270/EXvcg1UJfyopi4rn.mp4?tag=12', bitrate=256000), VideoVariant(contentType='application/x-mpegURL', url='https://video.twimg.com/ext_tw_video/1493970937162706948/pu/pl/0L5T_E0PDiagVS3o.m3u8?tag=12&container=fmp4', bitrate=None), VideoVariant(contentType='video/mp4', url='https://video.twimg.com/ext_tw_video/1493970937162706948/pu/vid/1280x720/0rlr8Ha47TnzbrpA.mp4?tag=12', bitrate=2176000), VideoVariant(contentType='video/mp4', url='https://video.twimg.com/ext_tw_video/1493970937162706948/pu/vid/640x360/mpxfiIjq2yj3YslY.mp4?tag=12', bitrate=832000)], duration=15.056, views=157)]",toyota,It's that time of year again! Get ready for the 2020 Toyota Camry! <hyperlink>
3351,2021-03-15 23:12:00,2440,NatGeo,"[Video(thumbnailUrl='https://pbs.twimg.com/amplify_video_thumb/831265379255189510/img/FquWf832MP-sPEoz.jpg', variants=[VideoVariant(contentType='video/mp4', url='https://video.twimg.com/amplify_video/831265379255189510/vid/240x240/YH5nUXJvPoTN2TpS.mp4', bitrate=320000), VideoVariant(contentType='video/mp4', url='https://video.twimg.com/amplify_video/831265379255189510/vid/720x720/Sl1ETARbdngp1VnZ.mp4', bitrate=1280000), VideoVariant(contentType='video/mp4', url='https://video.twimg.com/amplify_video/831265379255189510/vid/480x480/LtH9TbQnUuD7stTa.mp4', bitrate=832000), VideoVariant(contentType='application/x-mpegURL', url='https://video.twimg.com/amplify_video/831265379255189510/pl/b8XulKa1sDCLpM2n.m3u8', bitrate=None)], duration=45.279, views=118947)]",national geographic,The world’s most popular animal is also one of the most endangered. <hyperlink>
4696,2021-03-26 16:01:18,1341,NokiaMobile,"[Photo(previewUrl='https://pbs.twimg.com/media/ExatzXXXIAMBPup?format=jpg&name=small', fullUrl='https://pbs.twimg.com/media/ExatzXXXIAMBPup?format=jpg&name=large')]",nokia,The #NokiaN950 is now available for pre-order on <mention> <hyperlink>
3400,2021-10-18 19:00:03,296,MonsterEnergy,"[Video(thumbnailUrl='https://pbs.twimg.com/amplify_video_thumb/1450145492080398344/img/7KmJDxPGQcDx_jom.jpg', variants=[VideoVariant(contentType='video/mp4', url='https://video.twimg.com/amplify_video/1450145492080398344/vid/480x600/czEr2v5SlfR4dfag.mp4?tag=14', bitrate=950000), VideoVariant(contentType='video/mp4', url='https://video.twimg.com/amplify_video/1450145492080398344/vid/720x900/Q4RzqBWPJUja23DB.mp4?tag=14', bitrate=2176000), VideoVariant(contentType='video/mp4', url='https://video.twimg.com/amplify_video/1450145492080398344/vid/320x400/qaNN7ZetKL___eRg.mp4?tag=14', bitrate=632000), VideoVariant(contentType='application/x-mpegURL', url='https://video.twimg.com/amplify_video/1450145492080398344/pl/BQ2ROdh0nL0nReZy.m3u8?tag=14', bitrate=None)], duration=60.0, views=8374)]",monster,<mention> <mention> #MonsterEnergy #Monster <hyperlink>
4082,2021-06-04 19:00:05,1,lanebryant,"[Photo(previewUrl='https://pbs.twimg.com/media/E3D2IuNWEAAe8sy?format=jpg&name=small', fullUrl='https://pbs.twimg.com/media/E3D2IuNWEAAe8sy?format=jpg&name=large')]",lane bryant,We're so excited to announce that <mention> will be joining us on the runway for our Fall 2020 show! <hyperlink>
9150,2021-09-12 07:48:06,121,TourofBritain,"[Photo(previewUrl='https://pbs.twimg.com/media/E_Ea7DcXIAYa6je?format=jpg&name=small', fullUrl='https://pbs.twimg.com/media/E_Ea7DcXIAYa6je?format=jpg&name=large')]",bell,<mention> <mention> 🇬🇧 🇺🇸 🇦🇺 🇨🇦 🇩🇪 🇫🇷 🇮🇹 🇯🇵 🇳🇰 🇱🇳 🇲🇽 🇧🇪 🏴󠁧󠁢󠁳󠁵󠁨󠁸󠁮󠁯󠁰󠁿 <hyperlink>
1225,2021-01-14 17:01:39,91,GaryGannonTD,"[Video(thumbnailUrl='https://pbs.twimg.com/ext_tw_video_thumb/1349763556984713220/pu/img/QzUL_OyZ2UnMEwT-.jpg', variants=[VideoVariant(contentType='video/mp4', url='https://video.twimg.com/ext_tw_video/1349763556984713220/pu/vid/320x564/WCQ2-GNVmGLOGzDa.mp4?tag=12', bitrate=632000), VideoVariant(contentType='application/x-mpegURL', url='https://video.twimg.com/ext_tw_video/1349763556984713220/pu/pl/sPc-copIf69EgHoC.m3u8?tag=12', bitrate=None), VideoVariant(contentType='video/mp4', url='https://video.twimg.com/ext_tw_video/1349763556984713220/pu/vid/480x848/NIG5fAdxKKpSQahf.mp4?tag=12', bitrate=950000)], duration=119.157, views=2972)]",td,"It's been a long time coming, but I'm proud to announce that <mention> has been appointed to the Board of Directors of <mention>. <hyperlink>"
6293,2022-05-18 15:57:08,2040,tacobell,"[Photo(previewUrl='https://pbs.twimg.com/media/FTDU_sHVIAANrQQ?format=jpg&name=small', fullUrl='https://pbs.twimg.com/media/FTDU_sHVIAANrQQ?format=jpg&name=large')]",bell,<mention> <mention> #TacoBell <hyperlink>
3123,2022-11-13 11:57:47,1349,mtnug,"[Photo(previewUrl='https://pbs.twimg.com/media/FhcTGwmX0AYd4Kp?format=jpg&name=small', fullUrl='https://pbs.twimg.com/media/FhcTGwmX0AYd4Kp?format=jpg&name=large')]",mtn,<mention> <mention> #MtnUganda <hyperlink>
511,2022-01-22 04:00:05,110,ASTROGaming,"[Photo(previewUrl='https://pbs.twimg.com/media/FJrY-4lXIAIq-7h?format=jpg&name=small', fullUrl='https://pbs.twimg.com/media/FJrY-4lXIAIq-7h?format=jpg&name=large')]",astro,<mention> <mention> #ASTRO <hyperlink>
5795,2022-10-05 19:27:29,2233,PatMcAfeeShow,"[Video(thumbnailUrl='https://pbs.twimg.com/amplify_video_thumb/1577741871555969024/img/zj_LY_zP0t1BBsu3.jpg', variants=[VideoVariant(contentType='application/x-mpegURL', url='https://video.twimg.com/amplify_video/1577741871555969024/pl/IM6dB4nxQGQZfMbg.m3u8?tag=14&container=fmp4', bitrate=None), VideoVariant(contentType='video/mp4', url='https://video.twimg.com/amplify_video/1577741871555969024/vid/1280x720/TYiDHLrrGeoGE0Wo.mp4?tag=14', bitrate=2176000), VideoVariant(contentType='video/mp4', url='https://video.twimg.com/amplify_video/1577741871555969024/vid/640x360/oTwQZPOL2BFHprhh.mp4?tag=14', bitrate=832000), VideoVariant(contentType='video/mp4', url='https://video.twimg.com/amplify_video/1577741871555969024/vid/480x270/T3OWsCc7XPWXpD59.mp4?tag=14', bitrate=288000)], duration=225.734, views=182669)]",mcafee,<mention> <mention> #PatMC <hyperlink>
8182,2021-10-15 14:00:16,7,PepsiCo,"[Video(thumbnailUrl='https://pbs.twimg.com/ext_tw_video_thumb/1449012224983539712/pu/img/icSeNi5YQavBIvhx.jpg', variants=[VideoVariant(contentType='application/x-mpegURL', url='https://video.twimg.com/ext_tw_video/1449012224983539712/pu/pl/a4S9F6Ai66y1K5jk.m3u8?tag=12&container=fmp4', bitrate=None), VideoVariant(contentType='video/mp4', url='https://video.twimg.com/ext_tw_video/1449012224983539712/pu/vid/540x540/rTCWkey6qAZv4M9y.mp4?tag=12', bitrate=832000), VideoVariant(contentType='video/mp4', url='https://video.twimg.com/ext_tw_video/1449012224983539712/pu/vid/720x720/na1nCsqBkHm0HZMn.mp4?tag=12', bitrate=1280000), VideoVariant(contentType='video/mp4', url='https://video.twimg.com/ext_tw_video/1449012224983539712/pu/vid/320x320/ZV64CCQX-z5oA-b6.mp4?tag=12', bitrate=432000)], duration=7.082, views=279)]",pepsico,It's time for a new #CokeCup! <hyperlink>
9418,2022-04-12 14:27:27,90,OfficialDMRC,"[Photo(previewUrl='https://pbs.twimg.com/media/FQJnvXEXsAEuDW5?format=jpg&name=small', fullUrl='https://pbs.twimg.com/media/FQJnvXEXsAEuDW5?format=jpg&name=large'), Photo(previewUrl='https://pbs.twimg.com/media/FQJnvXCXoAw1Eqg?format=jpg&name=small', fullUrl='https://pbs.twimg.com/media/FQJnvXCXoAw1Eqg?format=jpg&name=large')]",metro,We are proud to announce the appointment of <mention> as the Chief Executive Officer of the Delhi Metro Rail Corporation Limited. <hyperlink>
97,2022-03-09 21:04:55,284,MetroUK,"[Photo(previewUrl='https://pbs.twimg.com/media/FNb8oLRXIAA4HJZ?format=jpg&name=small', fullUrl='https://pbs.twimg.com/media/FNb8oLRXIAA4HJZ?format=jpg&name=large'), Photo(previewUrl='https://pbs.twimg.com/media/FNb8oMsXEAU34F5?format=jpg&name=small', fullUrl='https://pbs.twimg.com/media/FNb8oMsXEAU34F5?format=jpg&name=large')]",metro,It’s been a busy few days for <mention> as they prepare for the launch of their new #MetroBus service. Watch the video to find out more: <hyperlink> . Write your own blog post about the new service here: < hyperlink>
6682,2021-02-14 09:47:24,55,CBCCanada,"[Photo(previewUrl='https://pbs.twimg.com/media/EuLYwbLWgAQEUwR?format=jpg&name=small', fullUrl='https://pbs.twimg.com/media/EuLYwbLWgAQEUwR?format=jpg&name=large')]",cbc,<mention> <mention> is the first Canadian to win the Nobel Prize in Physiology or Medicine. <hyperlink>
1513,2022-09-30 14:13:16,1705,redbullracing,"[Video(thumbnailUrl='https://pbs.twimg.com/media/Fd6KyYqWQAAkcSF.jpg', variants=[VideoVariant(contentType='application/x-mpegURL', url='https://video.twimg.com/amplify_video/1575849344158277632/pl/VuX8UVoQ_F2hNC97.m3u8?tag=14&container=fmp4', bitrate=None), VideoVariant(contentType='video/mp4', url='https://video.twimg.com/amplify_video/1575849344158277632/vid/1280x720/LC1-a7oPhPEs_xKN.mp4?tag=14', bitrate=2176000), VideoVariant(contentType='video/mp4', url='https://video.twimg.com/amplify_video/1575849344158277632/vid/640x360/glrzcqsedl3R-y07.mp4?tag=14', bitrate=832000), VideoVariant(contentType='video/mp4', url='https://video.twimg.com/amplify_video/1575849344158277632/vid/480x270/DxbwrbQzU-kdAtxc.mp4?tag=14', bitrate=288000)], duration=10.0, views=43479)]",oracle,<mention> <mention> #F1 🇫🇷 🇪🇸 🇺🇸 <hyperlink>
8792,2021-09-11 20:18:17,276,ScooterMagruder,"[Photo(previewUrl='https://pbs.twimg.com/media/E_B9benWUAYSyyQ?format=jpg&name=small', fullUrl='https://pbs.twimg.com/media/E_B9benWUAYSyyQ?format=jpg&name=large')]",cameron,<mention> <mention> I’m not sure what you’re talking about. <hyperlink>
120,2022-11-16 23:11:01,0,AAAOklahoma,"[Photo(previewUrl='https://pbs.twimg.com/media/FhuKL4NXkAI00ic?format=jpg&name=small', fullUrl='https://pbs.twimg.com/media/FhuKL4NXkAI00ic?format=jpg&name=large')]",aaa,It's that time of year again! <mention> will be in town for the 2019 <mention>. Tickets are now on sale! <hyperlink>
7792,2022-03-01 01:50:33,1964,CNN,"[Video(thumbnailUrl='https://pbs.twimg.com/media/FMunjy9XMAUi7hB.jpg', variants=[VideoVariant(contentType='application/x-mpegURL', url='https://video.twimg.com/amplify_video/1498475537332944901/pl/UFcOPLHrCQ5XiC4X.m3u8?tag=14&container=fmp4&v=8e9', bitrate=None), VideoVariant(contentType='video/mp4', url='https://video.twimg.com/amplify_video/1498475537332944901/vid/480x270/DCu0yoQaY6LWlMRQ.mp4?tag=14', bitrate=288000), VideoVariant(contentType='video/mp4', url='https://video.twimg.com/amplify_video/1498475537332944901/vid/640x360/zsxCu1we9VUfNqZU.mp4?tag=14', bitrate=832000), VideoVariant(contentType='video/mp4', url='https://video.twimg.com/amplify_video/1498475537332944901/vid/1280x720/PQ97XZixfQOoq-KR.mp4?tag=14', bitrate=2176000)], duration=318.252, views=167912)]",cnn,"President Donald Trump says he is ""very happy"" with the results of the 2020 U.S. presidential election. <hyperlink>"
6518,2021-03-11 12:12:35,2622,CNN,"[Photo(previewUrl='https://pbs.twimg.com/media/EwMpu2XWgAQNnsP?format=jpg&name=small', fullUrl='https://pbs.twimg.com/media/EwMpu2XWgAQNnsP?format=jpg&name=large')]",cnn,"President Donald Trump says he is ""very happy"" with the results of the 2020 U.S. presidential election. <hyperlink>"
34,2021-01-21 17:00:10,424,PUMAHoops,"[Photo(previewUrl='https://pbs.twimg.com/media/EsRVpk-W8AML24S?format=jpg&name=small', fullUrl='https://pbs.twimg.com/media/EsRVpk-W8AML24S?format=jpg&name=large')]",puma,<mention> <mention> #PUMAGameDay <hyperlink>
7888,2022-08-12 06:15:02,1000,SamsungPakistan,"[Photo(previewUrl='https://pbs.twimg.com/media/FZ8JBbUXgAI25G8?format=jpg&name=small', fullUrl='https://pbs.twimg.com/media/FZ8JBbUXgAI25G8?format=jpg&name=large')]",samsung,#SamsungGalaxyS20 #GalaxyNote20 <hyperlink>
6831,2022-10-15 09:30:17,112,cathmartingreen,"[Photo(previewUrl='https://pbs.twimg.com/media/FfGbdb9XkAApnfx?format=jpg&name=small', fullUrl='https://pbs.twimg.com/media/FfGbdb9XkAApnfx?format=jpg&name=large')]",td,<mention> <mention> I'm so proud of you both. <hyperlink>
5422,2022-10-11 16:41:37,1,IndependentNGR,"[Photo(previewUrl='https://pbs.twimg.com/media/FezX0yUagAA5uo8?format=jpg&name=small', fullUrl='https://pbs.twimg.com/media/FezX0yUagAA5uo8?format=jpg&name=large')]",independent,Buhari Urges Nigerians To Vote In 2023 <hyperlink> < hyperlink>
1069,2022-02-19 01:46:55,8210,PatMcAfeeShow,"[Photo(previewUrl='https://pbs.twimg.com/media/FL7HAr6UYAApl8g?format=jpg&name=small', fullUrl='https://pbs.twimg.com/media/FL7HAr6UYAApl8g?format=jpg&name=large')]",mcafee,<mention> <mention> #PatMC <hyperlink>
1348,2022-07-08 10:13:13,9759,David_Cameron,"[Photo(previewUrl='https://pbs.twimg.com/media/FXIvuTaWQAIiCLy?format=jpg&name=small', fullUrl='https://pbs.twimg.com/media/FXIvuTaWQAIiCLy?format=jpg&name=large')]",cameron,"It's been a long time coming, but I'm proud to announce that I've been elected as the next Prime Minister of the United Kingdom. <hyperlink>"
4748,2021-04-18 04:00:00,2,TimHortonsPH,"[Photo(previewUrl='https://pbs.twimg.com/media/EzFlHz8UUAQDT-M?format=png&name=small', fullUrl='https://pbs.twimg.com/media/EzFlHz8UUAQDT-M?format=png&name=large')]",tim hortons,It's that time of the year again! 🎄 <hyperlink>
6006,2022-01-08 00:51:34,331,SethWEmerson,"[Video(thumbnailUrl='https://pbs.twimg.com/ext_tw_video_thumb/1479616683224571910/pu/img/vYQqUKYZLLL_zgdM.jpg', variants=[VideoVariant(contentType='video/mp4', url='https://video.twimg.com/ext_tw_video/1479616683224571910/pu/vid/640x360/piSQYcCvdv6x6oim.mp4?tag=12', bitrate=832000), VideoVariant(contentType='video/mp4', url='https://video.twimg.com/ext_tw_video/1479616683224571910/pu/vid/480x270/cnvZ-obFQdgcsYe7.mp4?tag=12', bitrate=256000), VideoVariant(contentType='application/x-mpegURL', url='https://video.twimg.com/ext_tw_video/1479616683224571910/pu/pl/Znj2TGRoNojyVPxP.m3u8?tag=12&container=fmp4', bitrate=None), VideoVariant(contentType='video/mp4', url='https://video.twimg.com/ext_tw_video/1479616683224571910/pu/vid/1280x720/sa96Y1VWjx5c2hxS.mp4?tag=12', bitrate=2176000)], duration=22.386, views=12337)]",emerson,<mention> <mention> I’m so excited to be back in the studio with you guys! <hyperlink>
6040,2021-12-13 11:30:50,66,FootySuperTips,"[Photo(previewUrl='https://pbs.twimg.com/media/FGfAYPxXMAwFFX5?format=jpg&name=small', fullUrl='https://pbs.twimg.com/media/FGfAYPxXMAwFFX5?format=jpg&name=large'), Photo(previewUrl='https://pbs.twimg.com/media/FGfAc5mX0AA-InS?format=jpg&name=small', fullUrl='https://pbs.twimg.com/media/FGfAc5mX0AA-InS?format=jpg&name=large')]",free,<mention> <mention> What do you think about this one? <hyperlink>
3818,2021-10-05 13:00:09,305,SamsungIndia,"[Video(thumbnailUrl='https://pbs.twimg.com/media/FA7_TO0XsAMWAhv.jpg', variants=[VideoVariant(contentType='video/mp4', url='https://video.twimg.com/amplify_video/1445373208186732562/vid/320x320/DkWugedeoaWnLc4D.mp4?tag=14', bitrate=432000), VideoVariant(contentType='video/mp4', url='https://video.twimg.com/amplify_video/1445373208186732562/vid/540x540/5gU1DUsLfQojk1ZA.mp4?tag=14', bitrate=832000), VideoVariant(contentType='video/mp4', url='https://video.twimg.com/amplify_video/1445373208186732562/vid/720x720/dzus6smQ8gDAsnnl.mp4?tag=14', bitrate=1280000), VideoVariant(contentType='application/x-mpegURL', url='https://video.twimg.com/amplify_video/1445373208186732562/pl/sdUGVBXKSYlnGGcP.m3u8?tag=14', bitrate=None)], duration=13.055, views=3464)]",samsung,#SamsungGalaxyS20 #GalaxyNote20 <hyperlink>
8447,2021-08-13 00:18:21,339,CBCOlympics,"[Video(thumbnailUrl='https://pbs.twimg.com/amplify_video_thumb/1425974309978247172/img/s5pRMB0-HOEztQUG.jpg', variants=[VideoVariant(contentType='video/mp4', url='https://video.twimg.com/amplify_video/1425974309978247172/vid/640x360/2zhyv6GvoIQ_Ucdq.mp4?tag=14', bitrate=832000), VideoVariant(contentType='video/mp4', url='https://video.twimg.com/amplify_video/1425974309978247172/vid/480x270/OM0-R14nKP0thgdr.mp4?tag=14', bitrate=288000), VideoVariant(contentType='video/mp4', url='https://video.twimg.com/amplify_video/1425974309978247172/vid/1280x720/oiLIDEZF3pF_5KUG.mp4?tag=14', bitrate=2176000), VideoVariant(contentType='application/x-mpegURL', url='https://video.twimg.com/amplify_video/1425974309978247172/pl/xD2Jh-e0_BAAvi-w.m3u8?tag=14', bitrate=None)], duration=14.815, views=7057)]",cbc,Canada's <mention> won the gold medal in the women's 4x100m medley relay at the 2020 Tokyo Olympics. <hyperlink>
5270,2022-03-15 20:33:39,52,EuroLeague,"[Video(thumbnailUrl='https://pbs.twimg.com/media/FN6vChVXoAAVDGC.jpg', variants=[VideoVariant(contentType='video/mp4', url='https://video.twimg.com/amplify_video/1503831377036423175/vid/480x270/A9zYqohqb_z4dpBU.mp4?tag=14', bitrate=288000), VideoVariant(contentType='video/mp4', url='https://video.twimg.com/amplify_video/1503831377036423175/vid/1280x720/PmHjGW8i_ztMs_h9.mp4?tag=14', bitrate=2176000), VideoVariant(contentType='application/x-mpegURL', url='https://video.twimg.com/amplify_video/1503831377036423175/pl/57QofUui-KWmFdSj.m3u8?tag=14&container=fmp4', bitrate=None), VideoVariant(contentType='video/mp4', url='https://video.twimg.com/amplify_video/1503831377036423175/vid/640x360/8ASDNpXdTGiOc5RF.mp4?tag=14', bitrate=832000)], duration=139.68, views=4166)]",turkish airlines,<mention> <mention> #TheGame <hyperlink>
6898,2022-03-08 15:00:22,195,Amtrak,"[Photo(previewUrl='https://pbs.twimg.com/media/FNVfpkcXsA0YcKV?format=jpg&name=small', fullUrl='https://pbs.twimg.com/media/FNVfpkcXsA0YcKV?format=jpg&name=large')]",amtrak,"Amtrak is proud to be a part of the 2020 Summer Olympics and Paralympics in Tokyo, Japan. <hyperlink>"
5310,2021-11-08 13:00:10,5,PfizerOncMed,"[Photo(previewUrl='https://pbs.twimg.com/media/FDrFWx4WQAcy4eQ?format=jpg&name=small', fullUrl='https://pbs.twimg.com/media/FDrFWx4WQAcy4eQ?format=jpg&name=large')]",pfizer,<mention> is excited to announce the launch of <mention> in the U.S. <hyperlink>
32,2022-11-02 22:55:05,8,WalmartWorld,"[Video(thumbnailUrl='https://pbs.twimg.com/amplify_video_thumb/1587941206683795462/img/Tydpi4ktqCayQZKL.jpg', variants=[VideoVariant(contentType='application/x-mpegURL', url='https://video.twimg.com/amplify_video/1587941206683795462/pl/s74GMIPy7l3LOJpk.m3u8?tag=14&container=fmp4&v=29c', bitrate=None), VideoVariant(contentType='video/mp4', url='https://video.twimg.com/amplify_video/1587941206683795462/vid/640x360/GS5ao5eqvZQ0_2nd.mp4?tag=14', bitrate=832000), VideoVariant(contentType='video/mp4', url='https://video.twimg.com/amplify_video/1587941206683795462/vid/480x270/bYc0ArTo0iZUB_2b.mp4?tag=14', bitrate=288000), VideoVariant(contentType='video/mp4', url='https://video.twimg.com/amplify_video/1587941206683795462/vid/1280x720/RlHAdO--_bJ60xUa.mp4?tag=14', bitrate=2176000)], duration=89.933, views=287)]",walmart,"We’re excited to announce the launch of our new <mention> app, which will allow you to shop, pay, and track your orders all from the palm of your hand. #Walmart <hyperlink>"
5675,2022-01-07 18:56:03,2241,nojumper,"[Photo(previewUrl='https://pbs.twimg.com/media/FIhWM2NVEAM8xiZ?format=jpg&name=small', fullUrl='https://pbs.twimg.com/media/FIhWM2NVEAM8xiZ?format=jpg&name=large'), Photo(previewUrl='https://pbs.twimg.com/media/FIhWM2NUYAIeZp-?format=jpg&name=small', fullUrl='https://pbs.twimg.com/media/FIhWM2NUYAIeZp-?format=jpg&name=large'), Photo(previewUrl='https://pbs.twimg.com/media/FIhWM2QVIAMD3_L?format=jpg&name=small', fullUrl='https://pbs.twimg.com/media/FIhWM2QVIAMD3_L?format=jpg&name=large'), Photo(previewUrl='https://pbs.twimg.com/media/FIhWM2MVQAEEDuf?format=jpg&name=small', fullUrl='https://pbs.twimg.com/media/FIhWM2MVQAEEDuf?format=jpg&name=large')]",no,<mention> <mention> #NoJumper <hyperlink>
4387,2022-02-15 20:01:37,6,Emerson_News,"[Photo(previewUrl='https://pbs.twimg.com/media/FLqbN5WX0AcxMhl?format=jpg&name=small', fullUrl='https://pbs.twimg.com/media/FLqbN5WX0AcxMhl?format=jpg&name=large')]",emerson,<mention> <mention> #EmersonNews <hyperlink>
30,2022-08-18 15:29:31,2982,AMDRyzen,"[Photo(previewUrl='https://pbs.twimg.com/media/FadBeOAXkAc3Pub?format=jpg&name=small', fullUrl='https://pbs.twimg.com/media/FadBeOAXkAc3Pub?format=jpg&name=large')]",amd,The #AMD Ryzen 7 3700X is now available at <hyperlink>
4203,2022-09-11 11:29:20,399,LouisStaples,"[Photo(previewUrl='https://pbs.twimg.com/media/FcXwo4AXkAI7EAC?format=jpg&name=small', fullUrl='https://pbs.twimg.com/media/FcXwo4AXkAI7EAC?format=jpg&name=large')]",staples,<mention> <mention> I'm so excited to be playing with you guys! <hyperlink>
7508,2021-09-21 11:03:48,44,AmericanExpress,"[Photo(previewUrl='https://pbs.twimg.com/media/E_zeabwVEAkHhht?format=jpg&name=small', fullUrl='https://pbs.twimg.com/media/E_zeabwVEAkHhht?format=jpg&name=large')]",american express,It’s time to get ready for the new year! <mention> is here to help you make the most of your new year’s resolutions. <hyperlink>
736,2023-01-20 09:53:14,522,EmersonBarrett,"[Video(thumbnailUrl='https://pbs.twimg.com/ext_tw_video_thumb/1616373224094195712/pu/img/GlLbeeHMQzuwjbub.jpg', variants=[VideoVariant(contentType='video/mp4', url='https://video.twimg.com/ext_tw_video/1616373224094195712/pu/vid/320x568/u_s6Wgl5_aP1b7vw.mp4?tag=12', bitrate=632000), VideoVariant(contentType='video/mp4', url='https://video.twimg.com/ext_tw_video/1616373224094195712/pu/vid/720x1280/YlnNQaXdBB7U7W8h.mp4?tag=12', bitrate=2176000), VideoVariant(contentType='video/mp4', url='https://video.twimg.com/ext_tw_video/1616373224094195712/pu/vid/480x852/hxTwXyi1i_L1dsWY.mp4?tag=12', bitrate=950000), VideoVariant(contentType='application/x-mpegURL', url='https://video.twimg.com/ext_tw_video/1616373224094195712/pu/pl/DqkW_Ges1Ep_-QzE.m3u8?tag=12&container=fmp4', bitrate=None)], duration=6.735, views=1808)]",emerson,<mention> <mention> I'm so proud of you both! <hyperlink>
2068,2022-06-30 05:52:33,1,IndependentNGR,"[Photo(previewUrl='https://pbs.twimg.com/media/FWeng5gUsAAgf4e?format=jpg&name=small', fullUrl='https://pbs.twimg.com/media/FWeng5gUsAAgf4e?format=jpg&name=large')]",independent,Buhari Urges Nigerians To Vote In 2023 <hyperlink> < hyperlink>
107,2022-01-24 17:29:47,47,VMSportIE,"[Video(thumbnailUrl='https://pbs.twimg.com/media/FJ4kVK9XIAondOs.jpg', variants=[VideoVariant(contentType='video/mp4', url='https://video.twimg.com/amplify_video/1485664566616985604/vid/480x270/LaEVUUqGIdEcMu_6.mp4?tag=14', bitrate=288000), VideoVariant(contentType='video/mp4', url='https://video.twimg.com/amplify_video/1485664566616985604/vid/1280x720/HZBlAg0No6dYUJeJ.mp4?tag=14', bitrate=2176000), VideoVariant(contentType='video/mp4', url='https://video.twimg.com/amplify_video/1485664566616985604/vid/640x360/7OKwRAQgnFsMLMW0.mp4?tag=14', bitrate=832000), VideoVariant(contentType='application/x-mpegURL', url='https://video.twimg.com/amplify_video/1485664566616985604/pl/ANor4k9lB0ueu-KI.m3u8?tag=14&container=fmp4', bitrate=None)], duration=79.12, views=8070)]",virgin media,<mention> <mention> #VMSports <hyperlink>
9645,2022-03-25 19:53:37,15,ToyotaCenter,"[Photo(previewUrl='https://pbs.twimg.com/media/FOuFzWqWUAAgqu5?format=jpg&name=small', fullUrl='https://pbs.twimg.com/media/FOuFzWqWUAAgqu5?format=jpg&name=large')]",toyota,<mention> <mention> #ToyotaCenter <hyperlink>
8895,2022-10-13 14:29:41,18364,FCBarcelona,"[Photo(previewUrl='https://pbs.twimg.com/media/Fe9MznEWAAAoPws?format=jpg&name=small', fullUrl='https://pbs.twimg.com/media/Fe9MznEWAAAoPws?format=jpg&name=large'), Photo(previewUrl='https://pbs.twimg.com/media/Fe9MzlrWIAAex3n?format=jpg&name=small', fullUrl='https://pbs.twimg.com/media/Fe9MzlrWIAAex3n?format=jpg&name=large'), Photo(previewUrl='https://pbs.twimg.com/media/Fe9MzpTWQAMZbMY?format=jpg&name=small', fullUrl='https://pbs.twimg.com/media/Fe9MzpTWQAMZbMY?format=jpg&name=large'), Photo(previewUrl='https://pbs.twimg.com/media/Fe9MzmhWYAEf_av?format=jpg&name=small', fullUrl='https://pbs.twimg.com/media/Fe9MzmhWYAEf_av?format=jpg&name=large')]",fc barcelona,<mention> <mention> #FCB <hyperlink>
8021,2021-01-01 23:20:45,72,stadiumastro,"[Gif(thumbnailUrl='https://pbs.twimg.com/tweet_video_thumb/Eqrs9HUUYAA1TUE.jpg', variants=[VideoVariant(contentType='video/mp4', url='https://video.twimg.com/tweet_video/Eqrs9HUUYAA1TUE.mp4', bitrate=0)])]",astro,<mention> <mention> 🏃‍♂️🏃‍♀️ <hyperlink>
2233,2021-12-14 14:00:20,59,siemensindustry,"[Video(thumbnailUrl='https://pbs.twimg.com/media/FGksXXYX0AgA60b.jpg', variants=[VideoVariant(contentType='video/mp4', url='https://video.twimg.com/amplify_video/1470755471778799616/vid/480x270/qavMxbulOXpxzYaW.mp4?tag=14', bitrate=288000), VideoVariant(contentType='video/mp4', url='https://video.twimg.com/amplify_video/1470755471778799616/vid/1280x720/dDmZU4bmT0LgPowL.mp4?tag=14', bitrate=2176000), VideoVariant(contentType='video/mp4', url='https://video.twimg.com/amplify_video/1470755471778799616/vid/640x360/_rst6sb6VMhjQHF_.mp4?tag=14', bitrate=832000), VideoVariant(contentType='application/x-mpegURL', url='https://video.twimg.com/amplify_video/1470755471778799616/pl/_s7Pkj1f1gpIXVZF.m3u8?tag=14&container=fmp4', bitrate=None)], duration=30.28, views=280972)]",siemens,We are proud to be part of the <mention> team! <hyperlink>
994,2022-07-11 17:30:59,1,ToyotaCenter,"[Video(thumbnailUrl='https://pbs.twimg.com/ext_tw_video_thumb/1546546900551307266/pu/img/AZxzmG8KMV-Ts6Gq.jpg', variants=[VideoVariant(contentType='video/mp4', url='https://video.twimg.com/ext_tw_video/1546546900551307266/pu/vid/720x1280/7mBu6zUr3WohiwTG.mp4?tag=12', bitrate=2176000), VideoVariant(contentType='video/mp4', url='https://video.twimg.com/ext_tw_video/1546546900551307266/pu/vid/320x568/rp_wPnGffxFQs-yb.mp4?tag=12', bitrate=632000), VideoVariant(contentType='video/mp4', url='https://video.twimg.com/ext_tw_video/1546546900551307266/pu/vid/480x852/Jt1ceJDCOsUBMfGg.mp4?tag=12', bitrate=950000), VideoVariant(contentType='application/x-mpegURL', url='https://video.twimg.com/ext_tw_video/1546546900551307266/pu/pl/KhoBvEWWoTFe8bEZ.m3u8?tag=12&container=fmp4', bitrate=None)], duration=28.266, views=394)]",toyota,<mention> <mention> #ToyotaCenter <hyperlink>
9413,2022-09-01 15:40:00,32,ASUSIndia,"[Video(thumbnailUrl='https://pbs.twimg.com/ext_tw_video_thumb/1565361394395914241/pu/img/2ACio_Zy6AQCFQ9M.jpg', variants=[VideoVariant(contentType='video/mp4', url='https://video.twimg.com/ext_tw_video/1565361394395914241/pu/vid/320x320/Kp8Qyb9yKTeCYYnW.mp4?tag=12', bitrate=432000), VideoVariant(contentType='application/x-mpegURL', url='https://video.twimg.com/ext_tw_video/1565361394395914241/pu/pl/Zmjx4eHO0HCqJgA0.m3u8?tag=12&container=fmp4', bitrate=None), VideoVariant(contentType='video/mp4', url='https://video.twimg.com/ext_tw_video/1565361394395914241/pu/vid/540x540/8AuTiBLr8LVEMfRY.mp4?tag=12', bitrate=832000), VideoVariant(contentType='video/mp4', url='https://video.twimg.com/ext_tw_video/1565361394395914241/pu/vid/720x720/hlBKTdLwrJolUB8Y.mp4?tag=12', bitrate=1280000)], duration=8.007, views=525)]",asus,Are you ready for the #ZenFone 7 Pro? 📷 <mention> <hyperlink>
7059,2021-01-29 18:00:00,890,AmazonStudios,"[Video(thumbnailUrl='https://pbs.twimg.com/media/Es5yK0dW8AQZ8pR.jpg', variants=[VideoVariant(contentType='video/mp4', url='https://video.twimg.com/amplify_video/1354934800520536074/vid/480x270/e0biNeKGXJCAHfD8.mp4?tag=14', bitrate=288000), VideoVariant(contentType='application/x-mpegURL', url='https://video.twimg.com/amplify_video/1354934800520536074/pl/C8zEMMeejf5WCStP.m3u8?tag=14', bitrate=None), VideoVariant(contentType='video/mp4', url='https://video.twimg.com/amplify_video/1354934800520536074/vid/640x360/dnVotxDeaGqE5nct.mp4?tag=14', bitrate=832000), VideoVariant(contentType='video/mp4', url='https://video.twimg.com/amplify_video/1354934800520536074/vid/1280x720/GitdKbhB7_ElkfLH.mp4?tag=14', bitrate=2176000)], duration=238.78, views=101513)]",amazon,It's time for the #AmazonPrimeMovie of the week! <mention> is back with a new adventure in the Amazon rainforest! <hyperlink>
6790,2021-04-28 09:37:14,116,OfficialDMRC,"[Photo(previewUrl='https://pbs.twimg.com/media/E0DSe-qVUAc4Xy4?format=jpg&name=small', fullUrl='https://pbs.twimg.com/media/E0DSe-qVUAc4Xy4?format=jpg&name=large')]",metro,#DMRC #DMRCL <hyperlink>
361,2022-05-26 18:42:58,85,SFTHQ,"[Photo(previewUrl='https://pbs.twimg.com/media/FTtIMRKXsAoWxVr?format=jpg&name=small', fullUrl='https://pbs.twimg.com/media/FTtIMRKXsAoWxVr?format=jpg&name=large')]",free,<mention> <mention> #SFTHQ <hyperlink>
305,2022-01-10 14:30:00,537,bayer04_en,"[Photo(previewUrl='https://pbs.twimg.com/media/FIu2ucNX0AUn0LT?format=jpg&name=small', fullUrl='https://pbs.twimg.com/media/FIu2ucNX0AUn0LT?format=jpg&name=large')]",bayer,<mention> <mention> #BAY04 <hyperlink>
2628,2022-12-05 00:15:36,7635,KyivIndependent,"[Video(thumbnailUrl='https://pbs.twimg.com/ext_tw_video_thumb/1599557920852680705/pu/img/YvkNU6zh8w7z35CQ.jpg', variants=[VideoVariant(contentType='video/mp4', url='https://video.twimg.com/ext_tw_video/1599557920852680705/pu/vid/480x270/v74u3EuHgg4rh9zX.mp4?tag=12', bitrate=256000), VideoVariant(contentType='application/x-mpegURL', url='https://video.twimg.com/ext_tw_video/1599557920852680705/pu/pl/Q8RcKUKN9HUyLflV.m3u8?tag=12&container=fmp4', bitrate=None)], duration=91.183, views=200336)]",independent,Ukrainian President Volodymyr Zelenskyy says he will resign if Russia does not withdraw its troops from Ukraine <hyperlink>
8966,2021-06-22 16:32:37,66,CBCNS,"[Photo(previewUrl='https://pbs.twimg.com/media/E4gBABcXIAMAOp9?format=jpg&name=small', fullUrl='https://pbs.twimg.com/media/E4gBABcXIAMAOp9?format=jpg&name=large')]",cbc,Newfoundland and Labrador will be the first province in Canada to have a vaccine centre in every community <hyperlink> <hyper link>
4514,2022-07-10 02:00:00,76,astroonline,"[Video(thumbnailUrl='https://pbs.twimg.com/ext_tw_video_thumb/1545328156181413889/pu/img/sx0kqUga-WRJZuh-.jpg', variants=[VideoVariant(contentType='video/mp4', url='https://video.twimg.com/ext_tw_video/1545328156181413889/pu/vid/320x320/d4LmI6ZxIo8rAnX1.mp4?tag=12', bitrate=432000), VideoVariant(contentType='application/x-mpegURL', url='https://video.twimg.com/ext_tw_video/1545328156181413889/pu/pl/rV6B8oLaprfnj7NA.m3u8?tag=12&container=fmp4', bitrate=None), VideoVariant(contentType='video/mp4', url='https://video.twimg.com/ext_tw_video/1545328156181413889/pu/vid/720x720/e2PWm7r5uPU_ZtL3.mp4?tag=12', bitrate=1280000), VideoVariant(contentType='video/mp4', url='https://video.twimg.com/ext_tw_video/1545328156181413889/pu/vid/540x540/XZ1DerRuxGFbUYFR.mp4?tag=12', bitrate=832000)], duration=23.405, views=9933)]",astro,<mention> <mention> #astro #astroonline <hyperlink>
5911,2021-11-10 23:36:46,0,EmersonLotzia,"[Photo(previewUrl='https://pbs.twimg.com/media/FD3qP3TWUAI_m73?format=jpg&name=small', fullUrl='https://pbs.twimg.com/media/FD3qP3TWUAI_m73?format=jpg&name=large')]",emerson,<mention> <mention> I'm so proud of you! <hyperlink>
8314,2021-03-14 23:55:05,19,TimHortons,"[Photo(previewUrl='https://pbs.twimg.com/media/EwejINjWUAAOtKc?format=jpg&name=small', fullUrl='https://pbs.twimg.com/media/EwejINjWUAAOtKc?format=jpg&name=large')]",tim hortons,It's time for #BreakfastAllTheThings! <hyperlink>
3101,2021-09-21 19:52:39,979,PrimatureRwanda,"[Photo(previewUrl='https://pbs.twimg.com/media/E_1XZPaVgAUeWgP?format=jpg&name=small', fullUrl='https://pbs.twimg.com/media/E_1XZPaVgAUeWgP?format=jpg&name=large'), Photo(previewUrl='https://pbs.twimg.com/media/E_1XajvVcAwuUek?format=jpg&name=small', fullUrl='https://pbs.twimg.com/media/E_1XajvVcAwuUek?format=jpg&name=large'), Photo(previewUrl='https://pbs.twimg.com/media/E_1Xb8wVkA4Uhmd?format=jpg&name=small', fullUrl='https://pbs.twimg.com/media/E_1Xb8wVkA4Uhmd?format=jpg&name=large'), Photo(previewUrl='https://pbs.twimg.com/media/E_1XdMaVEAkMZmi?format=jpg&name=small', fullUrl='https://pbs.twimg.com/media/E_1XdMaVEAkMZmi?format=jpg&name=large')]",pm,"The Prime Minister of the Republic of Rwanda, Hon. Charles Nkurunziza, has signed a Memorandum of Understanding (MOU) with the Government of the United Kingdom of Great Britain and Northern Ireland. <hyperlink>"
5704,2021-11-10 00:57:56,4748,PatMcAfeeShow,"[Gif(thumbnailUrl='https://pbs.twimg.com/tweet_video_thumb/FDyzO0vXoAM0CTC.jpg', variants=[VideoVariant(contentType='video/mp4', url='https://video.twimg.com/tweet_video/FDyzO0vXoAM0CTC.mp4', bitrate=0)])]",mcafee,<mention> <mention> #PatMC <hyperlink>
3899,2022-05-23 15:21:22,5457,redbullracing,"[Photo(previewUrl='https://pbs.twimg.com/media/FTc9ANLX0Acy_ou?format=jpg&name=small', fullUrl='https://pbs.twimg.com/media/FTc9ANLX0Acy_ou?format=jpg&name=large'), Photo(previewUrl='https://pbs.twimg.com/media/FTc9BoCWYAIFfWN?format=jpg&name=small', fullUrl='https://pbs.twimg.com/media/FTc9BoCWYAIFfWN?format=jpg&name=large'), Photo(previewUrl='https://pbs.twimg.com/media/FTc9C01XwAEYxeZ?format=jpg&name=small', fullUrl='https://pbs.twimg.com/media/FTc9C01XwAEYxeZ?format=jpg&name=large'), Photo(previewUrl='https://pbs.twimg.com/media/FTc9DzcWUAIvkxN?format=jpg&name=small', fullUrl='https://pbs.twimg.com/media/FTc9DzcWUAIvkxN?format=jpg&name=large')]",red bull,<mention> <mention> #F1 <hyperlink>
5441,2022-11-15 13:56:26,31,ASUSIndia,"[Photo(previewUrl='https://pbs.twimg.com/media/FhnBoS9aUAQRFAE?format=jpg&name=small', fullUrl='https://pbs.twimg.com/media/FhnBoS9aUAQRFAE?format=jpg&name=large')]",asus,Are you ready for the #ZenFone 7 Pro? 📷 <mention> <hyperlink>
7931,2021-01-20 16:56:21,120,IWV,"[Gif(thumbnailUrl='https://pbs.twimg.com/tweet_video_thumb/EsMK_J9XIAIuIRy.jpg', variants=[VideoVariant(contentType='video/mp4', url='https://video.twimg.com/tweet_video/EsMK_J9XIAIuIRy.mp4', bitrate=0)])]",independent,"It’s been a long time coming, but we’re finally here. <mention>’s new album is out now. <hyperlink>"
622,2021-10-18 16:40:14,123,motorolaindia,"[Photo(previewUrl='https://pbs.twimg.com/media/FB_uWAHUcAke7xa?format=jpg&name=small', fullUrl='https://pbs.twimg.com/media/FB_uWAHUcAke7xa?format=jpg&name=large')]",motorola,"It’s time to get your hands on the latest <mention> smartphone, the #MotoG7Plus. Get it now for Rs. 19,999. <hyperlink>"
7236,2021-11-14 07:55:18,2251,nojumper,"[Photo(previewUrl='https://pbs.twimg.com/media/FEI5H-KVEAcBCgM?format=jpg&name=small', fullUrl='https://pbs.twimg.com/media/FEI5H-KVEAcBCgM?format=jpg&name=large')]",no,<mention> <mention> #NoJumper <hyperlink>
2499,2021-11-15 13:30:00,7,ASUS_ROG_IN,"[Photo(previewUrl='https://pbs.twimg.com/media/FEO9I2sUUAI9OGs?format=jpg&name=small', fullUrl='https://pbs.twimg.com/media/FEO9I2sUUAI9OGs?format=jpg&name=large')]",asus,The #ROG Phone 2 is now available for pre-order on <mention> <hyperlink>
714,2022-10-23 11:33:08,0,IndependentNGR,"[Photo(previewUrl='https://pbs.twimg.com/media/FfwETGVacAE5uRU?format=jpg&name=small', fullUrl='https://pbs.twimg.com/media/FfwETGVacAE5uRU?format=jpg&name=large')]",independent,Buhari Urges Nigerians To Vote In 2023 <hyperlink> < hyperlink>
8404,2021-11-17 11:55:00,66,EuroLeague,"[Video(thumbnailUrl='https://pbs.twimg.com/media/FEWNL78WUAQchff.jpg', variants=[VideoVariant(contentType='video/mp4', url='https://video.twimg.com/amplify_video/1460728536734466051/vid/320x320/fOl9aBaJ8OWBE-tl.mp4?tag=14', bitrate=432000), VideoVariant(contentType='video/mp4', url='https://video.twimg.com/amplify_video/1460728536734466051/vid/720x720/ChTF3uOBuDNenpNO.mp4?tag=14', bitrate=1280000), VideoVariant(contentType='application/x-mpegURL', url='https://video.twimg.com/amplify_video/1460728536734466051/pl/snbRAZWGTVg2jqJs.m3u8?tag=14&container=fmp4', bitrate=None), VideoVariant(contentType='video/mp4', url='https://video.twimg.com/amplify_video/1460728536734466051/vid/540x540/0o8rg8jdfeuMYhbi.mp4?tag=14', bitrate=832000)], duration=102.697, views=4046)]",turkish airlines,<mention> <mention> #TheGame <hyperlink>
2856,2021-01-20 21:17:21,6171,CNN,"[Video(thumbnailUrl='https://pbs.twimg.com/amplify_video_thumb/1352001002543616001/img/RtZHT5NOo3fo7YAF.jpg', variants=[VideoVariant(contentType='video/mp4', url='https://video.twimg.com/amplify_video/1352001002543616001/vid/640x360/5J8j1RflwrnBmc11.mp4?tag=13', bitrate=832000), VideoVariant(contentType='application/x-mpegURL', url='https://video.twimg.com/amplify_video/1352001002543616001/pl/xM1hHsUuyyu78ADw.m3u8?tag=13', bitrate=None), VideoVariant(contentType='video/mp4', url='https://video.twimg.com/amplify_video/1352001002543616001/vid/480x270/WoU9edqPbFPsl03B.mp4?tag=13', bitrate=288000), VideoVariant(contentType='video/mp4', url='https://video.twimg.com/amplify_video/1352001002543616001/vid/1280x720/7KUfgZb0w_79U7PG.mp4?tag=13', bitrate=2176000)], duration=85.65, views=160514)]",cnn,"President Donald Trump says he is ""very happy"" with the results of the 2020 U.S. presidential election. <hyperlink>"
4270,2022-03-01 19:00:06,23,BlackBerry,"[Photo(previewUrl='https://pbs.twimg.com/media/FMyTZiTWYAc8NzS?format=png&name=small', fullUrl='https://pbs.twimg.com/media/FMyTZiTWYAc8NzS?format=png&name=large')]",blackberry,"We're excited to announce the launch of the <mention> #BlackBerry 1000, the world's first #5G mobile device. Learn more: <hyperlink> <hyper.8080/2020/08/04/00/51/55/56/57/58/59/60/61/62/63/64/65/66/6"
2909,2021-02-26 13:00:08,0,AAAOklahoma,"[Photo(previewUrl='https://pbs.twimg.com/media/EvJ38cCXMAASjel?format=jpg&name=small', fullUrl='https://pbs.twimg.com/media/EvJ38cCXMAASjel?format=jpg&name=large')]",aaa,It's that time of year again! <mention> will be in town for the 2019 <mention>. Get your tickets now! <hyperlink>
8081,2021-06-02 03:25:09,0,ciscoapac,"[Video(thumbnailUrl='https://pbs.twimg.com/amplify_video_thumb/1399930030780817408/img/ZBT11QfjgUa9HVjR.jpg', variants=[VideoVariant(contentType='video/mp4', url='https://video.twimg.com/amplify_video/1399930030780817408/vid/720x720/3pHPO2WBhYg29wSr.mp4?tag=14', bitrate=1280000), VideoVariant(contentType='video/mp4', url='https://video.twimg.com/amplify_video/1399930030780817408/vid/540x540/JDc4mPXuV7vMh2nP.mp4?tag=14', bitrate=832000), VideoVariant(contentType='video/mp4', url='https://video.twimg.com/amplify_video/1399930030780817408/vid/320x320/BXcquK5xEEJ6l38m.mp4?tag=14', bitrate=432000), VideoVariant(contentType='application/x-mpegURL', url='https://video.twimg.com/amplify_video/1399930030780817408/pl/-WQGYJUQUe_wHStp.m3u8?tag=14', bitrate=None)], duration=10.0, views=19)]",cisco,How do you keep up with the fast pace of technology? <mention> shares his tips on how to stay up-to-date with the latest tech trends. <hyperlink>
4517,2021-06-15 07:59:01,246,Robwilliams71,"[Photo(previewUrl='https://pbs.twimg.com/media/E36IUMHXEAMmukG?format=jpg&name=small', fullUrl='https://pbs.twimg.com/media/E36IUMHXEAMmukG?format=jpg&name=large')]",williams,It's been a long time since I've been on the road. <mention> has been a big part of my life since I was a little boy. <hyperlink>
1262,2021-03-15 17:42:57,6,AMCtvUK,"[Photo(previewUrl='https://pbs.twimg.com/media/Ewibr99WUAEUkJF?format=jpg&name=small', fullUrl='https://pbs.twimg.com/media/Ewibr99WUAEUkJF?format=jpg&name=large')]",amc,<mention> is back with a brand new episode of <mention> tonight at 9pm! <hyperlink>
3161,2021-07-20 16:38:02,132,BornFreeFDN,"[Photo(previewUrl='https://pbs.twimg.com/media/E6wOwOaXMAMio70?format=jpg&name=small', fullUrl='https://pbs.twimg.com/media/E6wOwOaXMAMio70?format=jpg&name=large')]",free,We are so excited to announce that we will be working with <mention> on a new campaign to raise awareness of the plight of elephants in Africa. Find out more here: <hyperlink>
971,2021-08-14 09:39:49,217,IndependentSage,"[Video(thumbnailUrl='https://pbs.twimg.com/ext_tw_video_thumb/1426477599723769857/pu/img/dxknmBpXrIId5C1t.jpg', variants=[VideoVariant(contentType='application/x-mpegURL', url='https://video.twimg.com/ext_tw_video/1426477599723769857/pu/pl/MwL78eJTJxKUn7-S.m3u8?tag=12&container=fmp4', bitrate=None), VideoVariant(contentType='video/mp4', url='https://video.twimg.com/ext_tw_video/1426477599723769857/pu/vid/640x360/DZhH6ThotlF8QNyD.mp4?tag=12', bitrate=832000), VideoVariant(contentType='video/mp4', url='https://video.twimg.com/ext_tw_video/1426477599723769857/pu/vid/1280x720/UnE5cnjY0NKuAX3c.mp4?tag=12', bitrate=2176000), VideoVariant(contentType='video/mp4', url='https://video.twimg.com/ext_tw_video/1426477599723769857/pu/vid/480x270/zztFEPimil-UZ8JN.mp4?tag=12', bitrate=256000)], duration=128.24, views=7746)]",independent,Dr Chris Chinnery: 'We need to do more to protect the NHS' <hyperlink>
3913,2021-02-21 14:54:30,17218,FCBarcelona,"[Photo(previewUrl='https://pbs.twimg.com/media/EuwiGgAXAAQs_Yh?format=jpg&name=small', fullUrl='https://pbs.twimg.com/media/EuwiGgAXAAQs_Yh?format=jpg&name=large')]",fc barcelona,<mention> <mention> #FCB <hyperlink>
5199,2023-01-18 12:41:07,0,IndependentNGR,"[Photo(previewUrl='https://pbs.twimg.com/media/FmwWLBRaYAQ6wbP?format=jpg&name=small', fullUrl='https://pbs.twimg.com/media/FmwWLBRaYAQ6wbP?format=jpg&name=large')]",independent,Buhari Urges Nigerians To Vote In 2023 <hyperlink> < hyperlink>
8847,2022-02-17 21:00:01,66,HoloLens,"[Photo(previewUrl='https://pbs.twimg.com/media/FL07xCkWQAw-FqH?format=jpg&name=small', fullUrl='https://pbs.twimg.com/media/FL07xCkWQAw-FqH?format=jpg&name=large')]",microsoft,"The <mention> team is excited to announce the release of #HolographicLabs, a new developer platform that allows developers to build holographic applications for Windows 10 and Windows Mixed Reality. <hyperlink>"
260,2021-11-28 00:31:06,119,CBCOlympics,"[Video(thumbnailUrl='https://pbs.twimg.com/amplify_video_thumb/1464753059192459268/img/eSSrAHe7vQfC7JAO.jpg', variants=[VideoVariant(contentType='application/x-mpegURL', url='https://video.twimg.com/amplify_video/1464753059192459268/pl/8PdrYlDIPWPlWhX4.m3u8?tag=14&container=fmp4', bitrate=None), VideoVariant(contentType='video/mp4', url='https://video.twimg.com/amplify_video/1464753059192459268/vid/1280x720/0gP1yNTiWgJpvHx2.mp4?tag=14', bitrate=2176000), VideoVariant(contentType='video/mp4', url='https://video.twimg.com/amplify_video/1464753059192459268/vid/480x270/Vklf1JXIlAM2FKhq.mp4?tag=14', bitrate=288000), VideoVariant(contentType='video/mp4', url='https://video.twimg.com/amplify_video/1464753059192459268/vid/640x360/ahlhc-xTpk2czyVN.mp4?tag=14', bitrate=832000)], duration=63.941, views=19057)]",cbc,Canada's <mention> won the gold medal in the women's 4x100m medley relay at the 2020 Tokyo Olympics. <hyperlink>
3791,2021-08-18 08:52:24,157,thefrontbar7,"[Photo(previewUrl='https://pbs.twimg.com/media/E9D6RlUVIAUbFmL?format=jpg&name=small', fullUrl='https://pbs.twimg.com/media/E9D6RlUVIAUbFmL?format=jpg&name=large')]",bar,<mention> <mention> #TheFrontBar <hyperlink>
9203,2021-02-07 11:00:32,282,wwf_uk,"[Photo(previewUrl='https://pbs.twimg.com/media/EtnmW-ZXEAA6qU9?format=jpg&name=small', fullUrl='https://pbs.twimg.com/media/EtnmW-ZXEAA6qU9?format=jpg&name=large')]",wwf,It's #WorldOceansDay! Here's a look at some of the ways we're working to protect the world's oceans. <hyperlink>
488,2021-12-04 14:12:55,3934,redbullracing,"[Photo(previewUrl='https://pbs.twimg.com/media/FFxOtKBWYAsgt9F?format=jpg&name=small', fullUrl='https://pbs.twimg.com/media/FFxOtKBWYAsgt9F?format=jpg&name=large')]",oracle,<mention> <mention> #F1 🇫🇷 🇪🇸 🇺🇸 <hyperlink>
7908,2021-12-17 14:51:48,160,PNCchampionship,"[Video(thumbnailUrl='https://pbs.twimg.com/ext_tw_video_thumb/1471855587860303878/pu/img/wuxVSdWNDCgkK9cY.jpg', variants=[VideoVariant(contentType='video/mp4', url='https://video.twimg.com/ext_tw_video/1471855587860303878/pu/vid/540x540/q4Z1VE0CHX_Zw1j6.mp4?tag=12', bitrate=832000), VideoVariant(contentType='video/mp4', url='https://video.twimg.com/ext_tw_video/1471855587860303878/pu/vid/320x320/Lwzs5HZU9A0qng5c.mp4?tag=12', bitrate=432000), VideoVariant(contentType='video/mp4', url='https://video.twimg.com/ext_tw_video/1471855587860303878/pu/vid/720x720/ltTz-c3rGljowxxU.mp4?tag=12', bitrate=1280000), VideoVariant(contentType='application/x-mpegURL', url='https://video.twimg.com/ext_tw_video/1471855587860303878/pu/pl/p1QL90f342pFWvpP.m3u8?tag=12&container=fmp4', bitrate=None)], duration=6.677, views=15233)]",pnc,<mention> <mention> #PNCChampionship <hyperlink>
519,2022-08-08 13:23:53,391,eric_d_williams,"[Photo(previewUrl='https://pbs.twimg.com/media/FZpE0GlVUAE_IlT?format=jpg&name=small', fullUrl='https://pbs.twimg.com/media/FZpE0GlVUAE_IlT?format=jpg&name=large')]",williams,<mention> <mention> I'm so proud of you both! <hyperlink>
8343,2022-08-10 02:00:34,2,EMR_Automation,"[Photo(previewUrl='https://pbs.twimg.com/media/FZw7miRXkAEBEBO?format=jpg&name=small', fullUrl='https://pbs.twimg.com/media/FZw7miRXkAEBEBO?format=jpg&name=large')]",emerson,How do you know if you have the right equipment for your application? <hyperlink>
312,2022-07-26 15:20:26,875,IBMResearch,"[Photo(previewUrl='https://pbs.twimg.com/media/FYmi09gXoAQV3Vt?format=jpg&name=small', fullUrl='https://pbs.twimg.com/media/FYmi09gXoAQV3Vt?format=jpg&name=large')]",ibm,We are excited to announce the launch of the <mention> #Watson #AI <hyperlink>
3232,2021-04-22 23:00:01,1,lanebryant,"[Photo(previewUrl='https://pbs.twimg.com/media/EznQsPbXIAMfNLD?format=jpg&name=small', fullUrl='https://pbs.twimg.com/media/EznQsPbXIAMfNLD?format=jpg&name=large')]",lane bryant,<mention> <mention> #LaneBryant <hyperlink>
7933,2022-08-07 09:00:00,792,monsterhunter,"[Video(thumbnailUrl='https://pbs.twimg.com/ext_tw_video_thumb/1556202287063769090/pu/img/gMLmhUk2LR1fuluV.jpg', variants=[VideoVariant(contentType='video/mp4', url='https://video.twimg.com/ext_tw_video/1556202287063769090/pu/vid/1280x720/NAPy7ukItRwFxzxt.mp4?tag=12', bitrate=2176000), VideoVariant(contentType='video/mp4', url='https://video.twimg.com/ext_tw_video/1556202287063769090/pu/vid/480x270/P0bsneyEIeCI9Htx.mp4?tag=12', bitrate=256000), VideoVariant(contentType='video/mp4', url='https://video.twimg.com/ext_tw_video/1556202287063769090/pu/vid/640x360/n4LlWdRCPADiATaL.mp4?tag=12', bitrate=832000), VideoVariant(contentType='application/x-mpegURL', url='https://video.twimg.com/ext_tw_video/1556202287063769090/pu/pl/FbDIMCrt_oTT1olv.m3u8?tag=12&container=fmp4', bitrate=None)], duration=18.251, views=24674)]",monster,<mention> <mention> #MonsterHunters <hyperlink>
7458,2021-07-17 16:41:16,41,ericpalicki,"[Gif(thumbnailUrl='https://pbs.twimg.com/tweet_video_thumb/E6gyuS9VgAEAVD5.jpg', variants=[VideoVariant(contentType='video/mp4', url='https://video.twimg.com/tweet_video/E6gyuS9VgAEAVD5.mp4', bitrate=0)])]",aa,<mention> <mention> I'm so proud of you! <hyperlink>
9784,2022-09-12 16:13:23,192,PatMcAfeeShow,"[Photo(previewUrl='https://pbs.twimg.com/media/Fcd7Ks0aMAADUy0?format=jpg&name=small', fullUrl='https://pbs.twimg.com/media/Fcd7Ks0aMAADUy0?format=jpg&name=large')]",mcafee,<mention> <mention> #PatMC <hyperlink>
5184,2022-01-08 14:17:01,0,AAASouthJersey,"[Photo(previewUrl='https://pbs.twimg.com/media/FIlf7nHXsAENjwg?format=jpg&name=small', fullUrl='https://pbs.twimg.com/media/FIlf7nHXsAENjwg?format=jpg&name=large')]",aaa,It's that time of year again! <mention> will be in town for the 2019 AAA New Jersey Auto Show. Stop by and say hello! <hyperlink>
8077,2022-07-16 15:31:15,106,cbcgem,"[Photo(previewUrl='https://pbs.twimg.com/media/FXzFZbgVEAEqHW8?format=jpg&name=small', fullUrl='https://pbs.twimg.com/media/FXzFZbgVEAEqHW8?format=jpg&name=large')]",cbc,<mention> <mention> is back! <hyperlink>
6502,2022-10-20 09:53:01,111,MichelinGuideUK,"[Video(thumbnailUrl='https://pbs.twimg.com/ext_tw_video_thumb/1583032700386041856/pu/img/TAEFiDn5PjNuVGs6.jpg', variants=[VideoVariant(contentType='video/mp4', url='https://video.twimg.com/ext_tw_video/1583032700386041856/pu/vid/480x270/fxMbBbpCljqjHWLH.mp4?tag=12', bitrate=256000), VideoVariant(contentType='video/mp4', url='https://video.twimg.com/ext_tw_video/1583032700386041856/pu/vid/640x360/GBrGIsTMjsZhEB4U.mp4?tag=12', bitrate=832000), VideoVariant(contentType='application/x-mpegURL', url='https://video.twimg.com/ext_tw_video/1583032700386041856/pu/pl/N3xkue7OHgtuK0L3.m3u8?tag=12&container=fmp4', bitrate=None), VideoVariant(contentType='video/mp4', url='https://video.twimg.com/ext_tw_video/1583032700386041856/pu/vid/1280x720/eHGfw4AMDqAf6IY8.mp4?tag=12', bitrate=2176000)], duration=136.233, views=9976)]",michelin,It's time to celebrate #MichelinStarred <mention> with a visit to <mention>. <hyperlink>
6791,2023-02-02 02:19:41,151,JJWilliamsWON,"[Photo(previewUrl='https://pbs.twimg.com/media/Fn7XxVgXEAAvRUb?format=png&name=small', fullUrl='https://pbs.twimg.com/media/Fn7XxVgXEAAvRUb?format=png&name=large')]",williams,<mention> <mention> I'm so proud of you. <hyperlink>
7773,2022-11-21 05:33:35,0,IndependentNGR,"[Photo(previewUrl='https://pbs.twimg.com/media/FiEIHD3aUAAhflb?format=jpg&name=small', fullUrl='https://pbs.twimg.com/media/FiEIHD3aUAAhflb?format=jpg&name=large')]",independent,Buhari Urges Nigerians To Vote In 2023 <hyperlink> < hyperlink>
2738,2022-03-19 08:52:23,1738,PaytmTickets,"[Video(thumbnailUrl='https://pbs.twimg.com/ext_tw_video_thumb/1505104857849802755/pu/img/XAJBhA0ZRXkXVxdT.jpg', variants=[VideoVariant(contentType='video/mp4', url='https://video.twimg.com/ext_tw_video/1505104857849802755/pu/vid/480x480/rBK07WTfyHqfvIbU.mp4?tag=12', bitrate=832000), VideoVariant(contentType='video/mp4', url='https://video.twimg.com/ext_tw_video/1505104857849802755/pu/vid/320x320/cChfNmS_zBcQCVT8.mp4?tag=12', bitrate=432000), VideoVariant(contentType='application/x-mpegURL', url='https://video.twimg.com/ext_tw_video/1505104857849802755/pu/pl/yF7dYKtMpqL7LFA3.m3u8?tag=12&container=fmp4', bitrate=None)], duration=12.515, views=23776)]",paytm,<mention> <mention> is coming to paytm on March 15th. Get your tickets now! <hyperlink>
7842,2022-11-03 15:01:33,0,IndependentNGR,"[Photo(previewUrl='https://pbs.twimg.com/media/FgpdfQGaYAEKi4l?format=jpg&name=small', fullUrl='https://pbs.twimg.com/media/FgpdfQGaYAEKi4l?format=jpg&name=large')]",independent,Buhari Urges Nigerians To Vote In 2023 <hyperlink> < hyperlink>
6262,2021-12-19 14:48:23,2,MitsubishiHVAC,"[Video(thumbnailUrl='https://pbs.twimg.com/media/FG-nUGyXwAM75i7.jpg', variants=[VideoVariant(contentType='video/mp4', url='https://video.twimg.com/amplify_video/1472579484230590471/vid/480x270/dpfaXHmShlbRHvZX.mp4?tag=14', bitrate=288000), VideoVariant(contentType='video/mp4', url='https://video.twimg.com/amplify_video/1472579484230590471/vid/640x360/JWvDRhrTAwaTY4Xr.mp4?tag=14', bitrate=832000), VideoVariant(contentType='application/x-mpegURL', url='https://video.twimg.com/amplify_video/1472579484230590471/pl/_t0mPsCCg9cGXjU9.m3u8?tag=14&container=fmp4', bitrate=None), VideoVariant(contentType='video/mp4', url='https://video.twimg.com/amplify_video/1472579484230590471/vid/1280x720/b9vQf83rvo_Mv7_U.mp4?tag=14', bitrate=2176000)], duration=227.52, views=136)]",trane,"It's that time of year again, and it's time to get your #HVAC system ready for the colder months ahead. <hyperlink>"
8206,2021-07-19 19:16:04,87,BerryCathal,"[Photo(previewUrl='https://pbs.twimg.com/media/E6rpMpHXIAo_okC?format=jpg&name=small', fullUrl='https://pbs.twimg.com/media/E6rpMpHXIAo_okC?format=jpg&name=large'), Photo(previewUrl='https://pbs.twimg.com/media/E6rpMoMXIAEue2a?format=jpg&name=small', fullUrl='https://pbs.twimg.com/media/E6rpMoMXIAEue2a?format=jpg&name=large')]",td,<mention> <mention> I'm so proud of you! <hyperlink>
1248,2021-11-16 12:45:21,16,EuroLeague,"[Video(thumbnailUrl='https://pbs.twimg.com/media/FEUOqlhWUAEZOEC.jpg', variants=[VideoVariant(contentType='application/x-mpegURL', url='https://video.twimg.com/amplify_video/1460588629911351304/pl/DlNxY2CM4_xnd74_.m3u8?tag=14&container=fmp4', bitrate=None), VideoVariant(contentType='video/mp4', url='https://video.twimg.com/amplify_video/1460588629911351304/vid/540x540/zzGFi-Xpv4MvTiCz.mp4?tag=14', bitrate=832000), VideoVariant(contentType='video/mp4', url='https://video.twimg.com/amplify_video/1460588629911351304/vid/720x720/lz6R9LWX1biJrwSd.mp4?tag=14', bitrate=1280000), VideoVariant(contentType='video/mp4', url='https://video.twimg.com/amplify_video/1460588629911351304/vid/320x320/OLjh8C3Xg-DpW6zv.mp4?tag=14', bitrate=432000)], duration=222.056, views=3705)]",turkish airlines,<mention> <mention> #TheGame <hyperlink>
9336,2021-07-13 04:00:07,31,BlackBerry,"[Photo(previewUrl='https://pbs.twimg.com/media/E6JeJgKXIAIDyYx?format=jpg&name=small', fullUrl='https://pbs.twimg.com/media/E6JeJgKXIAIDyYx?format=jpg&name=large')]",blackberry,"We're excited to announce the launch of the <mention> #BlackBerry 1000, the world's first #5G mobile device. Learn more: <hyperlink> <hyper.8080/2020/08/02/00/51/55/56/57/58/59/60/61/62/63/64/65/66/6"
4195,2021-11-19 16:23:04,3,McAfee_Home,"[Photo(previewUrl='https://pbs.twimg.com/media/FEkdSt0XwAkvCiT?format=jpg&name=small', fullUrl='https://pbs.twimg.com/media/FEkdSt0XwAkvCiT?format=jpg&name=large')]",mcafee,It's that time of the year again! 🎄 <hyperlink>
8001,2022-11-07 05:00:05,2882,ASTRO_Staff,"[Photo(previewUrl='https://pbs.twimg.com/media/Fg75ol0UUAA17HD?format=jpg&name=small', fullUrl='https://pbs.twimg.com/media/Fg75ol0UUAA17HD?format=jpg&name=large')]",astro,<mention> <mention> #ASTRO <hyperlink>
7378,2021-09-15 15:11:50,5043,DemonSlayerUSA,"[Photo(previewUrl='https://pbs.twimg.com/media/E_VcbbXWUAAwjod?format=jpg&name=small', fullUrl='https://pbs.twimg.com/media/E_VcbbXWUAAwjod?format=jpg&name=large')]",no,<mention> <mention> #DSTV <hyperlink>
3435,2021-06-14 01:32:36,70,cbcnewsbc,"[Photo(previewUrl='https://pbs.twimg.com/media/E3zlhtfVUAEOcN8?format=jpg&name=small', fullUrl='https://pbs.twimg.com/media/E3zlhtfVUAEOcN8?format=jpg&name=large')]",cbc,<mention> says he's not sure if he'll be able to return to <mention> <hyperlink>
5382,2021-11-18 10:12:10,213,RebeccaTVnews,"[Photo(previewUrl='https://pbs.twimg.com/media/FEd-zePWQAAjHAe?format=jpg&name=small', fullUrl='https://pbs.twimg.com/media/FEd-zePWQAAjHAe?format=jpg&name=large')]",williams,"It’s been a long time since I’ve been on this show, but I’m so excited to be back! <hyperlink>"
959,2021-06-17 06:04:11,112,barandbench,"[Photo(previewUrl='https://pbs.twimg.com/media/E4EBGb5VUAQUmXE?format=png&name=small', fullUrl='https://pbs.twimg.com/media/E4EBGb5VUAQUmXE?format=png&name=large')]",bar,"In the case of <mention> v. <mention>, the Supreme Court has held that the right of the accused to be tried by a court of his choice is a fundamental right which cannot be interfered with by the State. <hyperlink>"
417,2022-03-07 00:55:06,6,ChantalOnAir,"[Photo(previewUrl='https://pbs.twimg.com/media/FNNUmLbXwAQBZl6?format=jpg&name=small', fullUrl='https://pbs.twimg.com/media/FNNUmLbXwAQBZl6?format=jpg&name=large')]",desjardins,<mention> <mention> I'm so happy to be here with you today! <hyperlink>
5742,2021-05-06 12:30:08,45,ASTROGamingJP,"[Photo(previewUrl='https://pbs.twimg.com/media/E0tGxnfXEAcnQR9?format=jpg&name=small', fullUrl='https://pbs.twimg.com/media/E0tGxnfXEAcnQR9?format=jpg&name=large')]",astro,<mention> <mention> #ASTRO <hyperlink>
6728,2021-10-20 17:29:51,44,ArlanWasHere,"[Photo(previewUrl='https://pbs.twimg.com/media/FCKM4ZAVEAMs5mp?format=jpg&name=small', fullUrl='https://pbs.twimg.com/media/FCKM4ZAVEAMs5mp?format=jpg&name=large')]",free,<mention> <mention> I’m so excited to be back in the studio with you guys! <hyperlink>
4382,2022-11-17 12:04:32,59,EuroLeague,"[Photo(previewUrl='https://pbs.twimg.com/media/Fhw6oaTWAAIsUGT?format=jpg&name=small', fullUrl='https://pbs.twimg.com/media/Fhw6oaTWAAIsUGT?format=jpg&name=large')]",turkish airlines,<mention> <mention> #TheGame <hyperlink>
5197,2022-09-05 16:51:04,0,IndependentNGR,"[Photo(previewUrl='https://pbs.twimg.com/media/Fb6AwRkaMAAnBn7?format=jpg&name=small', fullUrl='https://pbs.twimg.com/media/Fb6AwRkaMAAnBn7?format=jpg&name=large')]",independent,Buhari Urges Nigerians To Vote In 2023 <hyperlink> < hyperlink>
1113,2021-03-11 08:20:01,4,OpelSA,"[Photo(previewUrl='https://pbs.twimg.com/media/EwL0f-3XYAEi8uL?format=jpg&name=small', fullUrl='https://pbs.twimg.com/media/EwL0f-3XYAEi8uL?format=jpg&name=large')]",opel,#Opel #OpelAstra <hyperlink>
2689,2022-09-12 10:01:34,599,CameronDLWalker,"[Photo(previewUrl='https://pbs.twimg.com/media/Fccl-kDXgAI4js1?format=jpg&name=small', fullUrl='https://pbs.twimg.com/media/Fccl-kDXgAI4js1?format=jpg&name=large')]",cameron,"It’s been a long time coming, but I’m so excited to announce the release of my new album, <mention> <hyperlink>"
6473,2021-05-07 03:53:13,406,Tesla_Asia,"[Photo(previewUrl='https://pbs.twimg.com/media/E0waCpfWUAEH6KJ?format=jpg&name=small', fullUrl='https://pbs.twimg.com/media/E0waCpfWUAEH6KJ?format=jpg&name=large'), Photo(previewUrl='https://pbs.twimg.com/media/E0waCpjWUAEvIzP?format=jpg&name=small', fullUrl='https://pbs.twimg.com/media/E0waCpjWUAEvIzP?format=jpg&name=large'), Photo(previewUrl='https://pbs.twimg.com/media/E0waCqsWYAIHeiy?format=jpg&name=small', fullUrl='https://pbs.twimg.com/media/E0waCqsWYAIHeiy?format=jpg&name=large')]",tesla,<mention> <mention> #Model3 <hyperlink>
8820,2021-11-05 16:40:14,71,CBCOlympics,"[Video(thumbnailUrl='https://pbs.twimg.com/amplify_video_thumb/1456661650203762696/img/_ZxwKzKwQbEUH0LC.jpg', variants=[VideoVariant(contentType='video/mp4', url='https://video.twimg.com/amplify_video/1456661650203762696/vid/480x270/_AQoMHM7cCPcsnrB.mp4?tag=14', bitrate=288000), VideoVariant(contentType='video/mp4', url='https://video.twimg.com/amplify_video/1456661650203762696/vid/640x360/5ge89idUuMAveVuz.mp4?tag=14', bitrate=832000), VideoVariant(contentType='video/mp4', url='https://video.twimg.com/amplify_video/1456661650203762696/vid/1280x720/gwUTHplrUTPBQ7JT.mp4?tag=14', bitrate=2176000), VideoVariant(contentType='application/x-mpegURL', url='https://video.twimg.com/amplify_video/1456661650203762696/pl/t5h-89BK6gXKWUAp.m3u8?tag=14&container=fmp4', bitrate=None)], duration=14.622, views=2487)]",cbc,<mention> <mention> #OlympicGold <hyperlink>
7808,2022-02-01 19:31:32,56,KingCountyMetro,"[Photo(previewUrl='https://pbs.twimg.com/media/FKiE_50VIAEk51n?format=jpg&name=small', fullUrl='https://pbs.twimg.com/media/FKiE_50VIAEk51n?format=jpg&name=large')]",metro,It's that time of the year again! <mention> will be back on the road for the 2019-2020 season. Get your tickets now! <hyperlink>
3411,2021-02-07 03:46:22,18580,PatMcAfeeShow,"[Gif(thumbnailUrl='https://pbs.twimg.com/tweet_video_thumb/EtmC_RFWQAIQJ1F.jpg', variants=[VideoVariant(contentType='video/mp4', url='https://video.twimg.com/tweet_video/EtmC_RFWQAIQJ1F.mp4', bitrate=0)])]",mcafee,<mention> <mention> #PatMC <hyperlink>
81,2022-10-17 02:45:38,163,CaseyTheVA,"[Video(thumbnailUrl='https://pbs.twimg.com/ext_tw_video_thumb/1581838403607199744/pu/img/JzKkdOmh9BezP1CI.jpg', variants=[VideoVariant(contentType='video/mp4', url='https://video.twimg.com/ext_tw_video/1581838403607199744/pu/vid/480x270/4KWWYHhv7-iKRTyh.mp4?tag=12', bitrate=256000), VideoVariant(contentType='application/x-mpegURL', url='https://video.twimg.com/ext_tw_video/1581838403607199744/pu/pl/ttoMEFHR3N7SjDnO.m3u8?tag=12', bitrate=None), VideoVariant(contentType='video/mp4', url='https://video.twimg.com/ext_tw_video/1581838403607199744/pu/vid/640x360/krBIGA8R_QDWtprw.mp4?tag=12', bitrate=832000), VideoVariant(contentType='video/mp4', url='https://video.twimg.com/ext_tw_video/1581838403607199744/pu/vid/1280x720/9nolHWm6NdO9ZR5W.mp4?tag=12', bitrate=2176000)], duration=44.528, views=3300)]",arc,<mention> <mention> I'm so proud of you! <hyperlink>
4614,2021-08-07 02:37:16,65,CBCOlympics,"[Photo(previewUrl='https://pbs.twimg.com/media/E8J63OXVEAEGN_r?format=jpg&name=small', fullUrl='https://pbs.twimg.com/media/E8J63OXVEAEGN_r?format=jpg&name=large')]",cbc,"Canada's <mention> won the men's 4x100m medley relay at the 2019 World Championships in Kazan, Russia. <hyperlink>"
1374,2022-03-03 21:37:49,45,MNPDNashville,"[Photo(previewUrl='https://pbs.twimg.com/media/FM9KjD-XwAYsK8r?format=jpg&name=small', fullUrl='https://pbs.twimg.com/media/FM9KjD-XwAYsK8r?format=jpg&name=large'), Photo(previewUrl='https://pbs.twimg.com/media/FM9KlDsWUAQBhDV?format=jpg&name=small', fullUrl='https://pbs.twimg.com/media/FM9KlDsWUAQBhDV?format=jpg&name=large')]",metro,We are proud to announce that <mention> has been promoted to the rank of Sergeant. <hyperlink>
1510,2021-06-19 19:01:04,264,CBellRacing,"[Photo(previewUrl='https://pbs.twimg.com/media/E4RGNFIXMAIVPCw?format=jpg&name=small', fullUrl='https://pbs.twimg.com/media/E4RGNFIXMAIVPCw?format=jpg&name=large')]",bell,<mention> <mention> 🏆 🏁 🏄 🏀 🏟️ 🏠 🏦 🏛️ 🌟 🏙️ 🗺️ 📺 📸 📷 🗣️ 🖼️ 🕵️‍♂️ 🤔 🤩 🤯 🤣 🤦‍♀️ <hyperlink>
6443,2021-01-21 17:00:03,77,IBMData,"[Photo(previewUrl='https://pbs.twimg.com/media/EsRVn_lXUAYFsVG?format=png&name=small', fullUrl='https://pbs.twimg.com/media/EsRVn_lXUAYFsVG?format=png&name=large')]",ibm,How do you know if your data is ready for the cloud? <hyperlink>
3071,2022-08-09 18:43:04,1,IndependentNGR,"[Photo(previewUrl='https://pbs.twimg.com/media/FZvXdycUUAE7jn2?format=jpg&name=small', fullUrl='https://pbs.twimg.com/media/FZvXdycUUAE7jn2?format=jpg&name=large')]",independent,Buhari Urges Nigerians To Vote In 2023 <hyperlink> < hyperlink>
3016,2022-03-24 16:30:05,3,SmallBizLady,"[Photo(previewUrl='https://pbs.twimg.com/media/FOoNoVBXEBIviZ0?format=jpg&name=small', fullUrl='https://pbs.twimg.com/media/FOoNoVBXEBIviZ0?format=jpg&name=large')]",emerson,<mention> <mention> #SmallBizLadies <hyperlink>
4823,2021-09-21 16:59:55,10746,redbullracing,"[Video(thumbnailUrl='https://pbs.twimg.com/media/E_0umTXVcAUAyTd.jpg', variants=[VideoVariant(contentType='video/mp4', url='https://video.twimg.com/amplify_video/1440356659163893767/vid/640x360/V_0xcQopDXQDqA2P.mp4?tag=14', bitrate=832000), VideoVariant(contentType='application/x-mpegURL', url='https://video.twimg.com/amplify_video/1440356659163893767/pl/KTfeSNx5EA8A-WNN.m3u8?tag=14', bitrate=None), VideoVariant(contentType='video/mp4', url='https://video.twimg.com/amplify_video/1440356659163893767/vid/1280x720/bvKjAXv5AfOEyQYw.mp4?tag=14', bitrate=2176000), VideoVariant(contentType='video/mp4', url='https://video.twimg.com/amplify_video/1440356659163893767/vid/480x270/rXRoht4ECH8VbsDn.mp4?tag=14', bitrate=288000)], duration=50.28, views=166080)]",red bull,<mention> <mention> #F1 <hyperlink>
7822,2021-03-15 01:25:44,80,Independent,"[Photo(previewUrl='https://pbs.twimg.com/media/Ewe8CYEXEAE7v2N?format=png&name=small', fullUrl='https://pbs.twimg.com/media/Ewe8CYEXEAE7v2N?format=png&name=large')]",independent,The man who killed 16 people at the Las Vegas concert has been sentenced to life in prison without the possibility of parole <hyperlink>
93,2021-02-27 14:41:01,977,CNNPolitics,"[Photo(previewUrl='https://pbs.twimg.com/media/EvPYoHLXEAMVKBY?format=png&name=small', fullUrl='https://pbs.twimg.com/media/EvPYoHLXEAMVKBY?format=png&name=large')]",cnn,"President Donald Trump says he will not attend the Republican National Convention in Cleveland, Ohio <hyperlink>"
9421,2021-01-26 04:43:18,232,camjordan94,"[Gif(thumbnailUrl='https://pbs.twimg.com/tweet_video_thumb/Esoc8EOXUAE__wv.jpg', variants=[VideoVariant(contentType='video/mp4', url='https://video.twimg.com/tweet_video/Esoc8EOXUAE__wv.mp4', bitrate=0)])]",cameron,<mention> <mention> I love you both <hyperlink>
6600,2021-08-06 18:33:00,10976,redbullracing,"[Photo(previewUrl='https://pbs.twimg.com/media/E8HOlaYWEAYPv6g?format=jpg&name=small', fullUrl='https://pbs.twimg.com/media/E8HOlaYWEAYPv6g?format=jpg&name=large')]",oracle,<mention> <mention> #F1 🇫🇷 🇪🇸 🇺🇸 <hyperlink>
4443,2021-05-07 15:54:00,0,AAASouthJersey,"[Photo(previewUrl='https://pbs.twimg.com/media/E0y_B_6X0AcJ8o_?format=jpg&name=small', fullUrl='https://pbs.twimg.com/media/E0y_B_6X0AcJ8o_?format=jpg&name=large')]",aaa,It's that time of year again! <mention> will be in town for the 2019 AAA New Jersey Auto Show. Stop by and say hello! <hyperlink>
7602,2021-04-01 17:17:03,90,PatMcAfeeShow,"[Video(thumbnailUrl='https://pbs.twimg.com/amplify_video_thumb/1377670575171198977/img/oXJ5Tthq-snmcxCA.jpg', variants=[VideoVariant(contentType='video/mp4', url='https://video.twimg.com/amplify_video/1377670575171198977/vid/1280x720/Ky25YLop2yad4UmA.mp4?tag=14', bitrate=2176000), VideoVariant(contentType='video/mp4', url='https://video.twimg.com/amplify_video/1377670575171198977/vid/480x270/mkf3aB42KhMBSmG6.mp4?tag=14', bitrate=288000), VideoVariant(contentType='video/mp4', url='https://video.twimg.com/amplify_video/1377670575171198977/vid/640x360/TUO-gq9pX3DKIVSg.mp4?tag=14', bitrate=832000), VideoVariant(contentType='application/x-mpegURL', url='https://video.twimg.com/amplify_video/1377670575171198977/pl/lDeOsRFSPdGV8I3p.m3u8?tag=14', bitrate=None)], duration=133.267, views=21219)]",mcafee,<mention> <mention> #PatMC <hyperlink>
3835,2022-08-19 17:17:02,0,armnewsteam,"[Photo(previewUrl='https://pbs.twimg.com/media/Faijq3YXgAE19KM?format=png&name=small', fullUrl='https://pbs.twimg.com/media/Faijq3YXgAE19KM?format=png&name=large')]",arm,#ARM2020 is now live! <hyperlink>
9702,2021-08-01 10:42:46,189,CBCOlympics,"[Video(thumbnailUrl='https://pbs.twimg.com/media/E7swguVWQAM9kBE.jpg', variants=[VideoVariant(contentType='video/mp4', url='https://video.twimg.com/amplify_video/1421783418665324556/vid/480x270/TObAFYxgPGI08Z24.mp4?tag=14', bitrate=288000), VideoVariant(contentType='video/mp4', url='https://video.twimg.com/amplify_video/1421783418665324556/vid/1280x720/YT0rWxU6l5Bgov-S.mp4?tag=14', bitrate=2176000), VideoVariant(contentType='video/mp4', url='https://video.twimg.com/amplify_video/1421783418665324556/vid/640x360/SC48miZ09WCxCrqP.mp4?tag=14', bitrate=832000), VideoVariant(contentType='application/x-mpegURL', url='https://video.twimg.com/amplify_video/1421783418665324556/pl/LXaANr5szUE23zdl.m3u8?tag=14', bitrate=None)], duration=25.993, views=15682)]",cbc,"Canada's <mention> won the men's 4x100m medley relay at the 2019 World Championships in Kazan, Russia. <hyperlink>"
4322,2021-12-16 22:05:45,177,what_eats_owls,"[Photo(previewUrl='https://pbs.twimg.com/media/FGwuEBDVQAU5avo?format=jpg&name=small', fullUrl='https://pbs.twimg.com/media/FGwuEBDVQAU5avo?format=jpg&name=large')]",home depot,<mention> <mention> I'm so excited to see what you guys make with this! #WhatEatsOwls <hyperlink>
3394,2021-08-05 17:00:19,77,AMCTheatres,"[Photo(previewUrl='https://pbs.twimg.com/media/E8CtSe1XoAMvE31?format=jpg&name=small', fullUrl='https://pbs.twimg.com/media/E8CtSe1XoAMvE31?format=jpg&name=large')]",amc,It's time to get ready for <mention>! <hyperlink>
4752,2021-10-21 15:38:13,444,bayer04_en,"[Photo(previewUrl='https://pbs.twimg.com/media/FCO86mpWQAMYxhy?format=jpg&name=small', fullUrl='https://pbs.twimg.com/media/FCO86mpWQAMYxhy?format=jpg&name=large')]",bayer,<mention> <mention> #BAY04 <hyperlink>
7229,2022-05-29 15:33:46,315,WilliamsRacing,"[Photo(previewUrl='https://pbs.twimg.com/media/FT75qULWYAIRZKa?format=jpg&name=small', fullUrl='https://pbs.twimg.com/media/FT75qULWYAIRZKa?format=jpg&name=large')]",williams,<mention> <mention> 🇺🇸 🇬🇧 🇦🇺 🇨🇦 🇩🇪 🇫🇷 🇮🇹 🇯🇵 🇳🇰 🇸🇬 🇹🇳 🇪🇸 🏴󠁧󠁢󠁷󠁬󠁸󠁮󠁨󠁿 <hyperlink>
9191,2021-11-03 09:05:06,118,hkfp,"[Photo(previewUrl='https://pbs.twimg.com/media/FDQfnADWQAARLT-?format=jpg&name=small', fullUrl='https://pbs.twimg.com/media/FDQfnADWQAARLT-?format=jpg&name=large')]",free,The Hong Kong Federation of Trade Unions (HKFTU) has called on the Chinese government to respect the rights of Hong Kong residents to freely exercise their right to peaceful assembly and freedom of expression. <hyperlink>
2361,2022-09-17 21:07:34,0,IndependentNGR,"[Photo(previewUrl='https://pbs.twimg.com/media/Fc4uitHaUAU6860?format=jpg&name=small', fullUrl='https://pbs.twimg.com/media/Fc4uitHaUAU6860?format=jpg&name=large')]",independent,Buhari Urges Nigerians To Vote In 2023 <hyperlink> < hyperlink>
1148,2021-03-19 20:47:29,744,monsterhunter,"[Photo(previewUrl='https://pbs.twimg.com/media/Ew3sHfYVgAErMCC?format=jpg&name=small', fullUrl='https://pbs.twimg.com/media/Ew3sHfYVgAErMCC?format=jpg&name=large')]",monster,<mention> <mention> #MonsterHunters <hyperlink>
5666,2022-01-12 04:00:01,1,ciscoapac,"[Photo(previewUrl='https://pbs.twimg.com/media/FI35Et2XwAIqSpQ?format=jpg&name=small', fullUrl='https://pbs.twimg.com/media/FI35Et2XwAIqSpQ?format=jpg&name=large')]",cisco,#Cisco #CiscoNetworking <mention> #Cisco <hyperlink>
8075,2021-07-11 15:36:16,44,Metro_Sport,"[Video(thumbnailUrl='https://pbs.twimg.com/ext_tw_video_thumb/1414243188898947075/pu/img/KJAfctMWB2uVSkpR.jpg', variants=[VideoVariant(contentType='application/x-mpegURL', url='https://video.twimg.com/ext_tw_video/1414243188898947075/pu/pl/UuGqTL8ZFpsCJciy.m3u8?tag=12&container=fmp4', bitrate=None), VideoVariant(contentType='video/mp4', url='https://video.twimg.com/ext_tw_video/1414243188898947075/pu/vid/352x640/DTnygGj9rXYpI3jv.mp4?tag=12', bitrate=950000), VideoVariant(contentType='video/mp4', url='https://video.twimg.com/ext_tw_video/1414243188898947075/pu/vid/320x580/W0_tzmMN7fuSzIcd.mp4?tag=12', bitrate=632000)], duration=32.549, views=88215)]",metro,<mention> is back in action! <hyperlink>
4943,2021-07-14 20:08:07,83,Cisco,"[Video(thumbnailUrl='https://pbs.twimg.com/amplify_video_thumb/1415402725345476611/img/92VZdMnp2mPWcMvw.jpg', variants=[VideoVariant(contentType='video/mp4', url='https://video.twimg.com/amplify_video/1415402725345476611/vid/1024x512/8pU7E8rqFqNaGr1X.mp4?tag=14', bitrate=2176000), VideoVariant(contentType='video/mp4', url='https://video.twimg.com/amplify_video/1415402725345476611/vid/540x270/d7DWnf60_Gdxvwip.mp4?tag=14', bitrate=288000), VideoVariant(contentType='video/mp4', url='https://video.twimg.com/amplify_video/1415402725345476611/vid/720x360/qF09qM3EfcobamnA.mp4?tag=14', bitrate=832000), VideoVariant(contentType='application/x-mpegURL', url='https://video.twimg.com/amplify_video/1415402725345476611/pl/smLKHq9xkuyotO76.m3u8?tag=14', bitrate=None)], duration=8.0, views=3739)]",cisco,We’re excited to announce the launch of the <mention> <mention>. This is the world’s first #5G network that is built from the ground up to support 5G. <hyperlink>
3663,2021-03-03 19:35:49,70,PatMcAfeeShow,"[Video(thumbnailUrl='https://pbs.twimg.com/amplify_video_thumb/1367196622422233089/img/x9UtmKB1hu1jImmF.jpg', variants=[VideoVariant(contentType='video/mp4', url='https://video.twimg.com/amplify_video/1367196622422233089/vid/640x360/Mlcw58DbVoog668i.mp4?tag=13', bitrate=832000), VideoVariant(contentType='video/mp4', url='https://video.twimg.com/amplify_video/1367196622422233089/vid/1280x720/HcGgtmbrrSfHjdn5.mp4?tag=13', bitrate=2176000), VideoVariant(contentType='application/x-mpegURL', url='https://video.twimg.com/amplify_video/1367196622422233089/pl/1-0_k8nIg6xWOw2v.m3u8?tag=13', bitrate=None), VideoVariant(contentType='video/mp4', url='https://video.twimg.com/amplify_video/1367196622422233089/vid/480x270/87kVLQFPDnwkYr61.mp4?tag=13', bitrate=288000)], duration=121.567, views=14761)]",mcafee,<mention> <mention> #PatMC <hyperlink>
1563,2022-07-02 07:27:48,12234,redbullracing,"[Photo(previewUrl='https://pbs.twimg.com/media/FWpQcUCWQAAlFXI?format=jpg&name=small', fullUrl='https://pbs.twimg.com/media/FWpQcUCWQAAlFXI?format=jpg&name=large')]",red bull,<mention> <mention> #F1 #RedBullRacing <hyperlink>
4113,2021-10-01 15:29:36,30,BlackBerry,"[Video(thumbnailUrl='https://pbs.twimg.com/media/FAn7JUfWQAI98IY.jpg', variants=[VideoVariant(contentType='application/x-mpegURL', url='https://video.twimg.com/amplify_video/1443961084902350852/pl/BhVsHIFqFiUegWm1.m3u8?tag=14', bitrate=None), VideoVariant(contentType='video/mp4', url='https://video.twimg.com/amplify_video/1443961084902350852/vid/640x360/E9dZ0QzRrPXR62Ff.mp4?tag=14', bitrate=832000), VideoVariant(contentType='video/mp4', url='https://video.twimg.com/amplify_video/1443961084902350852/vid/480x270/63AkoyUTyQzjkOKu.mp4?tag=14', bitrate=288000), VideoVariant(contentType='video/mp4', url='https://video.twimg.com/amplify_video/1443961084902350852/vid/1280x720/NMhaD5HCbBzbRe2B.mp4?tag=14', bitrate=2176000)], duration=257.166, views=1348)]",blackberry,"We're excited to announce the launch of the <mention> #BlackBerry 1000, the world's first #5G mobile device. Learn more: <hyperlink> <hyper link>"
9050,2021-01-25 07:34:24,3,Shoprite_NG,"[Video(thumbnailUrl='https://pbs.twimg.com/amplify_video_thumb/1353599152400302080/img/nd5Z_l_nZUNBgKHY.jpg', variants=[VideoVariant(contentType='video/mp4', url='https://video.twimg.com/amplify_video/1353599152400302080/vid/320x320/5oSGml9YzL1mPg2b.mp4?tag=13', bitrate=432000), VideoVariant(contentType='video/mp4', url='https://video.twimg.com/amplify_video/1353599152400302080/vid/720x720/FDVcYl4GZQpF3S-8.mp4?tag=13', bitrate=1280000), VideoVariant(contentType='video/mp4', url='https://video.twimg.com/amplify_video/1353599152400302080/vid/480x480/Kbv7G4HgCtmf4Luz.mp4?tag=13', bitrate=832000), VideoVariant(contentType='application/x-mpegURL', url='https://video.twimg.com/amplify_video/1353599152400302080/pl/ZzG53LzA-x37VfnQ.m3u8?tag=13', bitrate=None)], duration=3.167, views=58)]",shoprite,We are excited to announce the launch of our new <mention> <hyperlink>
9276,2021-01-01 02:45:00,78,cbcnewsbc,"[Video(thumbnailUrl='https://pbs.twimg.com/amplify_video_thumb/1344771196089339904/img/KAwlnWGh2a_fA252.jpg', variants=[VideoVariant(contentType='video/mp4', url='https://video.twimg.com/amplify_video/1344771196089339904/vid/1280x720/B1rlJihmRCzjX0cE.mp4?tag=13', bitrate=2176000), VideoVariant(contentType='video/mp4', url='https://video.twimg.com/amplify_video/1344771196089339904/vid/480x270/IPvk2hGL6y_96Joo.mp4?tag=13', bitrate=288000), VideoVariant(contentType='video/mp4', url='https://video.twimg.com/amplify_video/1344771196089339904/vid/640x360/4_KpDoVtWoXpEeHj.mp4?tag=13', bitrate=832000), VideoVariant(contentType='application/x-mpegURL', url='https://video.twimg.com/amplify_video/1344771196089339904/pl/kUNb8y_mdbnfRyiJ.m3u8?tag=13', bitrate=None)], duration=82.115, views=5087)]",cbc,<mention> <mention> #CBCNewsbc <hyperlink>
8538,2021-03-09 19:30:27,118,metrolosangeles,"[Photo(previewUrl='https://pbs.twimg.com/media/EwD6xA4XMAog1x1?format=jpg&name=small', fullUrl='https://pbs.twimg.com/media/EwD6xA4XMAog1x1?format=jpg&name=large')]",metro,<mention> <mention> #LAPD <hyperlink>
795,2022-02-21 23:08:57,375,cam_norrie,"[Photo(previewUrl='https://pbs.twimg.com/media/FMJ_n5JWYAU9-fK?format=jpg&name=small', fullUrl='https://pbs.twimg.com/media/FMJ_n5JWYAU9-fK?format=jpg&name=large')]",cameron,<mention> <mention> I'm so proud of you both! <hyperlink>
5854,2021-01-30 10:24:31,4997,SamsungNepal,"[Photo(previewUrl='https://pbs.twimg.com/media/Es-RYpVUYAAtFLh?format=jpg&name=small', fullUrl='https://pbs.twimg.com/media/Es-RYpVUYAAtFLh?format=jpg&name=large')]",samsung,#SamsungGalaxyS20 #GalaxyNote20 <hyperlink>
7619,2021-03-26 20:12:14,73,TheFreeTradeInn,"[Photo(previewUrl='https://pbs.twimg.com/media/ExbnW1nXIAIFpkk?format=jpg&name=small', fullUrl='https://pbs.twimg.com/media/ExbnW1nXIAIFpkk?format=jpg&name=large')]",free,"<mention> <mention> is coming to the Free Trade Inn on Friday, March 21st at 7:30pm. Tickets are $15 and can be purchased at the door. <hyperlink>"
1594,2021-05-23 10:31:06,2246,CNN,"[Video(thumbnailUrl='https://pbs.twimg.com/amplify_video_thumb/1392910754085494788/img/dAWuZCmeNJXitIOf.jpg', variants=[VideoVariant(contentType='video/mp4', url='https://video.twimg.com/amplify_video/1392910754085494788/vid/1280x720/JuMtiQpqjvDeBE1x.mp4?tag=14', bitrate=2176000), VideoVariant(contentType='video/mp4', url='https://video.twimg.com/amplify_video/1392910754085494788/vid/480x270/oquD2RmuRX3JeGWi.mp4?tag=14', bitrate=288000), VideoVariant(contentType='video/mp4', url='https://video.twimg.com/amplify_video/1392910754085494788/vid/640x360/xM_dh04i9lIdbIhn.mp4?tag=14', bitrate=832000), VideoVariant(contentType='application/x-mpegURL', url='https://video.twimg.com/amplify_video/1392910754085494788/pl/1yq7Rk2BG_vGsmTb.m3u8?tag=14', bitrate=None)], duration=62.062, views=1436919)]",cnn,"President Donald Trump says he is ""very happy"" with the results of the 2020 U.S. presidential election. <hyperlink>"
7418,2022-02-09 05:00:19,0,ciscomiddleeast,"[Video(thumbnailUrl='https://pbs.twimg.com/amplify_video_thumb/1491275684412538880/img/RupPPyZvlkS2vlJu.jpg', variants=[VideoVariant(contentType='video/mp4', url='https://video.twimg.com/amplify_video/1491275684412538880/vid/480x270/oY9ALRhTZ26o1MI1.mp4?tag=14', bitrate=288000), VideoVariant(contentType='video/mp4', url='https://video.twimg.com/amplify_video/1491275684412538880/vid/1280x720/p0Qm-at-O5Qd2tF3.mp4?tag=14', bitrate=2176000), VideoVariant(contentType='application/x-mpegURL', url='https://video.twimg.com/amplify_video/1491275684412538880/pl/1ysjaMKkp438TsrE.m3u8?tag=14&container=fmp4', bitrate=None), VideoVariant(contentType='video/mp4', url='https://video.twimg.com/amplify_video/1491275684412538880/vid/640x360/GCnQNqMpm-TfYTk4.mp4?tag=14', bitrate=832000)], duration=34.367, views=19)]",cisco,We are excited to announce the launch of <mention> in the Middle East. <hyperlink>
5267,2022-03-06 05:31:30,243,amazonIN,"[Photo(previewUrl='https://pbs.twimg.com/media/FNJKI52acAMv_zG?format=png&name=small', fullUrl='https://pbs.twimg.com/media/FNJKI52acAMv_zG?format=png&name=large')]",amazon,Are you looking for a fun way to spend the weekend with your kids? Check out our new #AmazonKids app! <hyperlink>
7147,2022-07-30 05:42:20,200,cameronmoulene,"[Photo(previewUrl='https://pbs.twimg.com/media/FY5E3pkVsAANejk?format=jpg&name=small', fullUrl='https://pbs.twimg.com/media/FY5E3pkVsAANejk?format=jpg&name=large')]",cameron,"It’s been a long time coming, but I’m so excited to be back in the studio with <mention> <hyperlink>"
89,2021-08-16 09:15:03,3,ToyotaSD,"[Photo(previewUrl='https://pbs.twimg.com/media/E85sSkdWYAEps5L?format=png&name=small', fullUrl='https://pbs.twimg.com/media/E85sSkdWYAEps5L?format=png&name=large')]",toyota,The #ToyotaCorolla is the best-selling car in the United States since 2008. <hyperlink>
8695,2022-02-23 12:00:03,595,SamsungMobile,"[Video(thumbnailUrl='https://pbs.twimg.com/media/FL4E2UNUcAE8cpi.jpg', variants=[VideoVariant(contentType='video/mp4', url='https://video.twimg.com/amplify_video/1494581985422888960/vid/540x540/eZGlviRU9ZrtSojJ.mp4?tag=14', bitrate=832000), VideoVariant(contentType='video/mp4', url='https://video.twimg.com/amplify_video/1494581985422888960/vid/320x320/FgFJT3gz5_vjqjJD.mp4?tag=14', bitrate=432000), VideoVariant(contentType='application/x-mpegURL', url='https://video.twimg.com/amplify_video/1494581985422888960/pl/Tt_9JQLXr2qu4rUL.m3u8?tag=14&container=fmp4', bitrate=None), VideoVariant(contentType='video/mp4', url='https://video.twimg.com/amplify_video/1494581985422888960/vid/720x720/jDPBMRmXSl3xaHSV.mp4?tag=14', bitrate=1280000)], duration=17.267, views=18292)]",samsung,The #GalaxyS20 series is now available for pre-order on Samsung.com. Get your hands on the latest #SamsungGalaxy smartphone today! <hyperlink>
9732,2022-08-16 19:16:02,0,AAASouthJersey,"[Photo(previewUrl='https://pbs.twimg.com/media/FaTiIr4XkAIphx1?format=jpg&name=small', fullUrl='https://pbs.twimg.com/media/FaTiIr4XkAIphx1?format=jpg&name=large')]",aaa,It's that time of year again! <mention> will be in town for the 2019 AAA New Jersey Auto Show. Stop by and say hello! <hyperlink>
9446,2021-05-12 11:59:51,31,EuroLeague,"[Video(thumbnailUrl='https://pbs.twimg.com/media/E1L5WVdXIAYSVNP.jpg', variants=[VideoVariant(contentType='video/mp4', url='https://video.twimg.com/amplify_video/1392441142277464069/vid/320x320/kiGrXVMeg_flI4nm.mp4?tag=14', bitrate=432000), VideoVariant(contentType='application/x-mpegURL', url='https://video.twimg.com/amplify_video/1392441142277464069/pl/4seEoMi78AYJUhh_.m3u8?tag=14', bitrate=None), VideoVariant(contentType='video/mp4', url='https://video.twimg.com/amplify_video/1392441142277464069/vid/540x540/Pua0k0IyIn1kWw_o.mp4?tag=14', bitrate=832000), VideoVariant(contentType='video/mp4', url='https://video.twimg.com/amplify_video/1392441142277464069/vid/720x720/1VKwTlxcGMV97Rm4.mp4?tag=14', bitrate=1280000)], duration=50.68, views=2765)]",turkish airlines,<mention> <mention> #TheGame <hyperlink>
6754,2021-06-20 15:13:01,0,AAASouthPenn,"[Photo(previewUrl='https://pbs.twimg.com/media/E4VbmgJWQAUmT2G?format=jpg&name=small', fullUrl='https://pbs.twimg.com/media/E4VbmgJWQAUmT2G?format=jpg&name=large')]",aaa,It's that time of year again! <mention> will be in town for the 2019 AAA South Jersey Auto Show. Stop by and say hello! <hyperlink>
3502,2021-01-21 17:27:01,0,AAAClubAlliance,"[Photo(previewUrl='https://pbs.twimg.com/media/EsRby8eXMAMMVtK?format=jpg&name=small', fullUrl='https://pbs.twimg.com/media/EsRby8eXMAMMVtK?format=jpg&name=large')]",aaa,It's that time of year again! <mention> will be back on the road for the 2020 <mention>. Get your tickets now! <hyperlink>
2234,2022-11-24 14:40:56,110,METROFMSA,"[Photo(previewUrl='https://pbs.twimg.com/media/FiViJuBXwAAorul?format=jpg&name=small', fullUrl='https://pbs.twimg.com/media/FiViJuBXwAAorul?format=jpg&name=large'), Photo(previewUrl='https://pbs.twimg.com/media/FiViJuFXkAYwiLT?format=jpg&name=small', fullUrl='https://pbs.twimg.com/media/FiViJuFXkAYwiLT?format=jpg&name=large'), Photo(previewUrl='https://pbs.twimg.com/media/FiViJuHXoAAwiOG?format=jpg&name=small', fullUrl='https://pbs.twimg.com/media/FiViJuHXoAAwiOG?format=jpg&name=large'), Photo(previewUrl='https://pbs.twimg.com/media/FiViJupWIAAk8v7?format=jpg&name=small', fullUrl='https://pbs.twimg.com/media/FiViJupWIAAk8v7?format=jpg&name=large')]",sabc,<mention> <mention> 🙋‍♂️ <hyperlink>
2803,2022-01-17 08:30:11,97,renaultgroup,"[Photo(previewUrl='https://pbs.twimg.com/media/FJSm2zrWQAcs3t4?format=jpg&name=small', fullUrl='https://pbs.twimg.com/media/FJSm2zrWQAcs3t4?format=jpg&name=large')]",renault,<mention> <mention> #RenaultEspace <hyperlink>
4424,2022-11-08 11:20:59,112,poetastrologers,"[Gif(thumbnailUrl='https://pbs.twimg.com/tweet_video_thumb/FhCa8pYXEAAx9fW.jpg', variants=[VideoVariant(contentType='video/mp4', url='https://video.twimg.com/tweet_video/FhCa8pYXEAAx9fW.mp4', bitrate=0)])]",astro,<mention> <mention> #astrology #astrologer <hyperlink>
5663,2022-05-19 12:44:57,346,mtnug,"[Photo(previewUrl='https://pbs.twimg.com/media/FTHzG9NWIAEsbVe?format=jpg&name=small', fullUrl='https://pbs.twimg.com/media/FTHzG9NWIAEsbVe?format=jpg&name=large')]",mtn,<mention> <mention> #MtnUganda <hyperlink>
7170,2021-09-25 20:01:00,351,Verizon,"[Video(thumbnailUrl='https://pbs.twimg.com/media/FAJ_ugTUYAQOKIY.jpg', variants=[VideoVariant(contentType='video/mp4', url='https://video.twimg.com/amplify_video/1441855035139411970/vid/320x320/wmCpf0IszI2aLI4l.mp4?tag=14', bitrate=432000), VideoVariant(contentType='video/mp4', url='https://video.twimg.com/amplify_video/1441855035139411970/vid/720x720/AsdxUAg0ddqbP_52.mp4?tag=14', bitrate=1280000), VideoVariant(contentType='application/x-mpegURL', url='https://video.twimg.com/amplify_video/1441855035139411970/pl/suXSTEVye1cOQpfg.m3u8?tag=14', bitrate=None), VideoVariant(contentType='video/mp4', url='https://video.twimg.com/amplify_video/1441855035139411970/vid/540x540/AUIAHi0herwcJQ5U.mp4?tag=14', bitrate=832000)], duration=6.974, views=1099045)]",verizon,We’re excited to announce the launch of the #Verizon #5G <mention> <hyperlink>
8337,2022-10-15 04:23:02,463,HeathBell21,"[Photo(previewUrl='https://pbs.twimg.com/media/FfFVIqfXEAAAADz?format=jpg&name=small', fullUrl='https://pbs.twimg.com/media/FfFVIqfXEAAAADz?format=jpg&name=large')]",bell,"It’s been a long time coming, but I’m so excited to be back on the field! <hyperlink>"
2148,2022-07-29 16:12:36,2957,redbullracing,"[Video(thumbnailUrl='https://pbs.twimg.com/media/FY2LUGcWAAAdmdj.jpg', variants=[VideoVariant(contentType='video/mp4', url='https://video.twimg.com/amplify_video/1553050386331832320/vid/640x360/klyFU6lUA1GOy21w.mp4?tag=14', bitrate=832000), VideoVariant(contentType='application/x-mpegURL', url='https://video.twimg.com/amplify_video/1553050386331832320/pl/cshNa3y-woq0ypOK.m3u8?tag=14&container=fmp4', bitrate=None), VideoVariant(contentType='video/mp4', url='https://video.twimg.com/amplify_video/1553050386331832320/vid/480x270/DP9Ne2osHXzJclIk.mp4?tag=14', bitrate=288000), VideoVariant(contentType='video/mp4', url='https://video.twimg.com/amplify_video/1553050386331832320/vid/1280x720/Wq3hh0Jablbst-gM.mp4?tag=14', bitrate=2176000)], duration=10.0, views=78164)]",oracle,<mention> <mention> #F1 🇫🇷 🇪🇸 🇺🇸 <hyperlink>
7969,2021-07-19 19:07:02,1,armnewsteam,"[Photo(previewUrl='https://pbs.twimg.com/media/E6rnRIJXEAUL-E4?format=png&name=small', fullUrl='https://pbs.twimg.com/media/E6rnRIJXEAUL-E4?format=png&name=large')]",arm,#ARM2020 is now live! <hyperlink>
6551,2021-04-08 08:26:41,11,ICICIBank,"[Photo(previewUrl='https://pbs.twimg.com/media/EycCb72UUAMcX8u?format=jpg&name=small', fullUrl='https://pbs.twimg.com/media/EycCb72UUAMcX8u?format=jpg&name=large')]",icici bank,We are excited to announce the launch of <mention> in India. #ICICI <hyperlink>
7643,2022-12-24 09:08:16,4,PfizerEUPolicy,"[Video(thumbnailUrl='https://pbs.twimg.com/ext_tw_video_thumb/1606577448455475200/pu/img/hopVlji66d7PWmHI.jpg', variants=[VideoVariant(contentType='video/mp4', url='https://video.twimg.com/ext_tw_video/1606577448455475200/pu/vid/540x540/2ak7pG0clwrVOyzh.mp4?tag=12', bitrate=832000), VideoVariant(contentType='application/x-mpegURL', url='https://video.twimg.com/ext_tw_video/1606577448455475200/pu/pl/uiO0AQMfalRSWvly.m3u8?tag=12&container=fmp4', bitrate=None), VideoVariant(contentType='video/mp4', url='https://video.twimg.com/ext_tw_video/1606577448455475200/pu/vid/320x320/V-nRCkzi3l5ILOXh.mp4?tag=12', bitrate=432000), VideoVariant(contentType='video/mp4', url='https://video.twimg.com/ext_tw_video/1606577448455475200/pu/vid/720x720/lij33aYfK99c6Wxa.mp4?tag=12', bitrate=1280000)], duration=15.0, views=69)]",pfizer,The #COVID-19 pandemic has had a significant impact on the #pharmaceutical industry. We are committed to working with governments and other stakeholders to support the global response to the pandemic. <hyperlink>
6164,2021-06-07 14:27:24,205,barandbench,"[Photo(previewUrl='https://pbs.twimg.com/media/E3SUaBNVgAcmDKC?format=jpg&name=small', fullUrl='https://pbs.twimg.com/media/E3SUaBNVgAcmDKC?format=jpg&name=large')]",bar,"In the case of <mention> v. <mention>, the Supreme Court held that the right to free speech is a fundamental right and it cannot be interfered with except in the interest of public order (Article 19(1)(a) of the Constitution). <hyperlink>"
1495,2022-09-08 17:33:28,4570,cnni,"[Photo(previewUrl='https://pbs.twimg.com/media/FcJnOlYXoAgfxWV?format=jpg&name=small', fullUrl='https://pbs.twimg.com/media/FcJnOlYXoAgfxWV?format=jpg&name=large')]",cnn,"President Donald Trump says he is ""very pleased"" with the outcome of the 2020 U.S. presidential election <hyperlink>"
7696,2023-01-16 05:11:01,179,OfficialDMRC,"[Video(thumbnailUrl='https://pbs.twimg.com/ext_tw_video_thumb/1614852635785560069/pu/img/wRKpPVEKsezPqb01.jpg', variants=[VideoVariant(contentType='video/mp4', url='https://video.twimg.com/ext_tw_video/1614852635785560069/pu/vid/636x360/M4ju9_ObhD-cVo9O.mp4?tag=12', bitrate=832000), VideoVariant(contentType='video/mp4', url='https://video.twimg.com/ext_tw_video/1614852635785560069/pu/vid/848x480/0j1sHkxmGckfW7_t.mp4?tag=12', bitrate=2176000), VideoVariant(contentType='video/mp4', url='https://video.twimg.com/ext_tw_video/1614852635785560069/pu/vid/476x270/9oegJHh9_Zr9EyEF.mp4?tag=12', bitrate=256000), VideoVariant(contentType='application/x-mpegURL', url='https://video.twimg.com/ext_tw_video/1614852635785560069/pu/pl/43rgNtHkORa91P0R.m3u8?tag=12&container=fmp4', bitrate=None)], duration=43.843, views=9663)]",metro,#DMRC #DMRCL <hyperlink>
7094,2022-05-06 21:25:21,5023,georgeeaton,"[Photo(previewUrl='https://pbs.twimg.com/media/FSGtkREXIAIJYQI?format=jpg&name=small', fullUrl='https://pbs.twimg.com/media/FSGtkREXIAIJYQI?format=jpg&name=large')]",eaton,<mention> <mention> I'm so proud of you guys! <hyperlink>
1409,2022-11-13 18:33:54,837,redbullracing,"[Photo(previewUrl='https://pbs.twimg.com/media/Fhdt_QVXwAQXnev?format=jpg&name=small', fullUrl='https://pbs.twimg.com/media/Fhdt_QVXwAQXnev?format=jpg&name=large')]",oracle,<mention> <mention> #F1 🇫🇷 🇪🇸 🇺🇸 <hyperlink>
6691,2021-04-27 16:35:21,7,jessedee,"[Photo(previewUrl='https://pbs.twimg.com/media/Ez_olZWVcAE8muK?format=jpg&name=small', fullUrl='https://pbs.twimg.com/media/Ez_olZWVcAE8muK?format=jpg&name=large'), Photo(previewUrl='https://pbs.twimg.com/media/Ez_olp-VkAABGTv?format=jpg&name=small', fullUrl='https://pbs.twimg.com/media/Ez_olp-VkAABGTv?format=jpg&name=large'), Photo(previewUrl='https://pbs.twimg.com/media/Ez_ol7jVEAAAU2_?format=jpg&name=small', fullUrl='https://pbs.twimg.com/media/Ez_ol7jVEAAAU2_?format=jpg&name=large')]",desjardins,<mention> <mention> I'm so proud of you! <hyperlink>
3401,2023-01-20 19:01:06,2,EMR_Automation,"[Photo(previewUrl='https://pbs.twimg.com/media/Fm8AU6PXEA839ks?format=jpg&name=small', fullUrl='https://pbs.twimg.com/media/Fm8AU6PXEA839ks?format=jpg&name=large')]",emerson,We’re excited to announce the launch of our new <mention> product line. Learn more about it here: <hyperlink> <hyper link>
109,2022-07-10 18:28:42,284,wkamaubell,"[Photo(previewUrl='https://pbs.twimg.com/media/FXU0egNUUAAho_F?format=jpg&name=small', fullUrl='https://pbs.twimg.com/media/FXU0egNUUAAho_F?format=jpg&name=large')]",bell,<mention> <mention> I’m not sure if this is a joke or a statement of fact. <hyperlink>
5636,2022-04-05 11:30:00,331,amazonIN,"[Photo(previewUrl='https://pbs.twimg.com/media/FPkxpMOVUAMToLI?format=jpg&name=small', fullUrl='https://pbs.twimg.com/media/FPkxpMOVUAMToLI?format=jpg&name=large')]",amazon,Are you looking for a fun way to spend the weekend with your kids? Check out our new #AmazonKids app! <hyperlink>
8482,2021-10-17 02:47:40,933,nojumper,"[Photo(previewUrl='https://pbs.twimg.com/media/FB3mMRgVIAM8V5A?format=jpg&name=small', fullUrl='https://pbs.twimg.com/media/FB3mMRgVIAM8V5A?format=jpg&name=large')]",no,<mention> <mention> #NoJumper <hyperlink>
6604,2021-04-15 15:05:01,354,CBellRacing,"[Photo(previewUrl='https://pbs.twimg.com/media/EzBg1OQW8AI6EGl?format=jpg&name=small', fullUrl='https://pbs.twimg.com/media/EzBg1OQW8AI6EGl?format=jpg&name=large')]",bell,<mention> <mention> 🏆 🏁 🏄 🏀 🏟️ 🏠 🏦 🏛️ 🌟 🏙️ 🗺️ 📺 📸 📷 📹 📻 📼 📝 📞 📩 📧 📨 📪 📢 📣 📤 📥 📦 📲 📽
1091,2021-06-14 13:54:54,349,PUMAHoops,"[Video(thumbnailUrl='https://pbs.twimg.com/ext_tw_video_thumb/1404223621669683206/pu/img/RhFMfwT8Kv70p8HO.jpg', variants=[VideoVariant(contentType='video/mp4', url='https://video.twimg.com/ext_tw_video/1404223621669683206/pu/vid/720x900/3ToCIc83JMrHAMst.mp4?tag=12', bitrate=2176000), VideoVariant(contentType='application/x-mpegURL', url='https://video.twimg.com/ext_tw_video/1404223621669683206/pu/pl/PTzZ2JfkKSd6NK02.m3u8?tag=12&container=fmp4', bitrate=None), VideoVariant(contentType='video/mp4', url='https://video.twimg.com/ext_tw_video/1404223621669683206/pu/vid/480x600/CINxQGjzR59SSC8v.mp4?tag=12', bitrate=950000), VideoVariant(contentType='video/mp4', url='https://video.twimg.com/ext_tw_video/1404223621669683206/pu/vid/320x400/QiGjvarIKt8AoHG_.mp4?tag=12', bitrate=632000)], duration=10.711, views=1257361)]",puma,<mention> <mention> #PUMAGameDay <hyperlink>
5560,2022-03-07 13:57:27,63,MetroUK,"[Photo(previewUrl='https://pbs.twimg.com/media/FNQHbZ9WUAUtJ2z?format=jpg&name=small', fullUrl='https://pbs.twimg.com/media/FNQHbZ9WUAUtJ2z?format=jpg&name=large')]",metro,It's been a busy week for <mention> - here's a look back at some of the highlights. <hyperlink>
9412,2021-12-28 13:30:00,10,ICICIBank,"[Photo(previewUrl='https://pbs.twimg.com/media/FHrqgXEVgAIlqti?format=jpg&name=small', fullUrl='https://pbs.twimg.com/media/FHrqgXEVgAIlqti?format=jpg&name=large')]",icici bank,We are excited to announce the launch of <mention> in India. #ICICI <hyperlink>
8143,2022-01-21 16:56:11,351,UTCoachSam,"[Video(thumbnailUrl='https://pbs.twimg.com/ext_tw_video_thumb/1484570462919315465/pu/img/dLFo6Imc1mBjEsrw.jpg', variants=[VideoVariant(contentType='video/mp4', url='https://video.twimg.com/ext_tw_video/1484570462919315465/pu/vid/360x270/r9craCm7RRpyfWAt.mp4?tag=12', bitrate=256000), VideoVariant(contentType='video/mp4', url='https://video.twimg.com/ext_tw_video/1484570462919315465/pu/vid/480x360/hIc-zf-d4MFFGWxp.mp4?tag=12', bitrate=832000), VideoVariant(contentType='video/mp4', url='https://video.twimg.com/ext_tw_video/1484570462919315465/pu/vid/640x480/YnY9OJT5nyH0MilE.mp4?tag=12', bitrate=2176000), VideoVariant(contentType='application/x-mpegURL', url='https://video.twimg.com/ext_tw_video/1484570462919315465/pu/pl/QhXNH5DbZ_3RPUoH.m3u8?tag=12&container=fmp4', bitrate=None)], duration=49.1, views=5918)]",williams,"It's been a long time coming, but I'm excited to announce that <mention> will be returning to the #Villanova family as the head coach of the #NCAAGirlsVolleyball program. <hyperlink>"
8664,2021-02-02 07:43:54,387,qatarairways,"[Photo(previewUrl='https://pbs.twimg.com/media/EtNJKpRWYAANcNI?format=jpg&name=small', fullUrl='https://pbs.twimg.com/media/EtNJKpRWYAANcNI?format=jpg&name=large'), Photo(previewUrl='https://pbs.twimg.com/media/EtNJUvGXYAMhFBX?format=jpg&name=small', fullUrl='https://pbs.twimg.com/media/EtNJUvGXYAMhFBX?format=jpg&name=large')]",qatar airways,#QatarAirways is proud to partner with <mention> for the 2018 FIFA World Cup in Russia. #QatarWorldCup <hyperlink>
6596,2021-12-12 14:43:23,100253,redbullracing,"[Photo(previewUrl='https://pbs.twimg.com/media/FGaiY4AWUAAcAvK?format=jpg&name=small', fullUrl='https://pbs.twimg.com/media/FGaiY4AWUAAcAvK?format=jpg&name=large')]",red bull,<mention> <mention> #F1 #RedBullRacing <hyperlink>
624,2021-11-22 17:04:06,0,AAASouthJersey,"[Gif(thumbnailUrl='https://pbs.twimg.com/tweet_video_thumb/FE0DbuHXIAEj7mk.jpg', variants=[VideoVariant(contentType='video/mp4', url='https://video.twimg.com/tweet_video/FE0DbuHXIAEj7mk.mp4', bitrate=0)])]",aaa,It's that time of year again! <mention> will be in town for the 2019 AAA New Jersey Auto Show. Stop by and say hello! <hyperlink>
6871,2021-01-13 14:58:04,123,Airtel_Ug,"[Photo(previewUrl='https://pbs.twimg.com/media/Erns_FsXAAA_qmJ?format=jpg&name=small', fullUrl='https://pbs.twimg.com/media/Erns_FsXAAA_qmJ?format=jpg&name=large')]",airtel,We are excited to announce the launch of Airtel 5G in Uganda. <hyperlink>
4814,2022-12-23 13:52:55,2005,MovieHooligan,"[Photo(previewUrl='https://pbs.twimg.com/media/FkqtRYkWAAA8bl8?format=jpg&name=small', fullUrl='https://pbs.twimg.com/media/FkqtRYkWAAA8bl8?format=jpg&name=large'), Photo(previewUrl='https://pbs.twimg.com/media/FkqtRZRWIAEN_WV?format=jpg&name=small', fullUrl='https://pbs.twimg.com/media/FkqtRZRWIAEN_WV?format=jpg&name=large')]",bell,<mention> <mention> is the best thing that ever happened to me. <hyperlink>
6553,2022-05-04 16:13:55,224,PatMcAfeeShow,"[Video(thumbnailUrl='https://pbs.twimg.com/amplify_video_thumb/1521885216884805632/img/s0wfALWZhpwhbAPX.jpg', variants=[VideoVariant(contentType='video/mp4', url='https://video.twimg.com/amplify_video/1521885216884805632/vid/1280x720/CqGZMz8CpGttck1Q.mp4?tag=14', bitrate=2176000), VideoVariant(contentType='application/x-mpegURL', url='https://video.twimg.com/amplify_video/1521885216884805632/pl/dIteKXoE5F8A1snn.m3u8?tag=14&container=fmp4', bitrate=None), VideoVariant(contentType='video/mp4', url='https://video.twimg.com/amplify_video/1521885216884805632/vid/640x360/7VaesdkZ_94gWPm4.mp4?tag=14', bitrate=832000), VideoVariant(contentType='video/mp4', url='https://video.twimg.com/amplify_video/1521885216884805632/vid/480x270/p5yZDqd50HhIc2Qm.mp4?tag=14', bitrate=288000)], duration=158.367, views=22103)]",mcafee,<mention> <mention> #PatMC <hyperlink>
7530,2022-05-07 14:00:09,288,Amtrak,"[Photo(previewUrl='https://pbs.twimg.com/media/FSKRQVNWYAM35Xk?format=jpg&name=small', fullUrl='https://pbs.twimg.com/media/FSKRQVNWYAM35Xk?format=jpg&name=large')]",amtrak,"Amtrak is proud to be a part of the 2020 Summer Olympics and Paralympics in Tokyo, Japan. <hyperlink>"
5796,2022-01-08 11:34:50,15602,redbullracing,"[Photo(previewUrl='https://pbs.twimg.com/media/FIk6sojXoAUruZ0?format=jpg&name=small', fullUrl='https://pbs.twimg.com/media/FIk6sojXoAUruZ0?format=jpg&name=large')]",oracle,<mention> <mention> #F1 🇫🇷 🇪🇸 🇺🇸 <hyperlink>
7437,2021-12-24 23:18:13,78,CBCAlerts,"[Photo(previewUrl='https://pbs.twimg.com/media/FHaL7gVXsAQUOlb?format=jpg&name=small', fullUrl='https://pbs.twimg.com/media/FHaL7gVXsAQUOlb?format=jpg&name=large')]",cbc,It's been 100 years since the Battle of Vimy Ridge in World War I. Here's a look back at the battle that changed the course of the war. <hyperlink> < hyperlink>
4218,2022-10-29 06:19:39,3,NH7,"[Photo(previewUrl='https://pbs.twimg.com/media/FgN2EdcUcAADO11?format=jpg&name=small', fullUrl='https://pbs.twimg.com/media/FgN2EdcUcAADO11?format=jpg&name=large'), Photo(previewUrl='https://pbs.twimg.com/media/FgN2EdYUUAUjrgo?format=jpg&name=small', fullUrl='https://pbs.twimg.com/media/FgN2EdYUUAUjrgo?format=jpg&name=large'), Photo(previewUrl='https://pbs.twimg.com/media/FgN2EdXUcAAGZey?format=jpg&name=small', fullUrl='https://pbs.twimg.com/media/FgN2EdXUcAAGZey?format=jpg&name=large'), Photo(previewUrl='https://pbs.twimg.com/media/FgN2EdaUAAAT0ip?format=jpg&name=small', fullUrl='https://pbs.twimg.com/media/FgN2EdaUAAAT0ip?format=jpg&name=large')]",bacardi,<mention> <mention> #NHL7 <hyperlink>
5941,2021-01-04 17:06:05,277,MonsterEnergy,"[Video(thumbnailUrl='https://pbs.twimg.com/media/Eq5zRmZVoAYa2HO.jpg', variants=[VideoVariant(contentType='video/mp4', url='https://video.twimg.com/amplify_video/1346139605536423937/vid/360x450/wJbr2O6eDGn6dqnz.mp4?tag=13', bitrate=832000), VideoVariant(contentType='application/x-mpegURL', url='https://video.twimg.com/amplify_video/1346139605536423937/pl/M-AV-YXa_7Zy347w.m3u8?tag=13', bitrate=None), VideoVariant(contentType='video/mp4', url='https://video.twimg.com/amplify_video/1346139605536423937/vid/720x900/AgzkiTtHnsUfuASX.mp4?tag=13', bitrate=2176000), VideoVariant(contentType='video/mp4', url='https://video.twimg.com/amplify_video/1346139605536423937/vid/320x400/jlObY9ShYIq4vi9o.mp4?tag=13', bitrate=632000)], duration=9.167, views=8163)]",monster,<mention> <mention> #MonstercityBro <hyperlink>
8501,2022-11-21 16:51:30,2039,nojumper,"[Video(thumbnailUrl='https://pbs.twimg.com/ext_tw_video_thumb/1594735190152052736/pu/img/f3GUNoGd6tDEXWUw.jpg', variants=[VideoVariant(contentType='video/mp4', url='https://video.twimg.com/ext_tw_video/1594735190152052736/pu/vid/320x568/XTAZgh5MTKM7wecu.mp4?tag=12', bitrate=632000), VideoVariant(contentType='video/mp4', url='https://video.twimg.com/ext_tw_video/1594735190152052736/pu/vid/720x1280/a4eJd4ytJnMAtq03.mp4?tag=12', bitrate=2176000), VideoVariant(contentType='application/x-mpegURL', url='https://video.twimg.com/ext_tw_video/1594735190152052736/pu/pl/YBpHNrg2JRSMert9.m3u8?tag=12&container=fmp4', bitrate=None), VideoVariant(contentType='video/mp4', url='https://video.twimg.com/ext_tw_video/1594735190152052736/pu/vid/480x852/O3yFSXkUp6g3m_ez.mp4?tag=12', bitrate=950000)], duration=21.266, views=86725)]",no,<mention> <mention> #NoJumper <hyperlink>
6429,2021-02-18 03:00:21,125,TheChampions,"[Video(thumbnailUrl='https://pbs.twimg.com/media/Eueh8W4XIAIPj1R.jpg', variants=[VideoVariant(contentType='video/mp4', url='https://video.twimg.com/amplify_video/1362235416368340993/vid/640x360/XFwOePi-0hednyTT.mp4?tag=13', bitrate=832000), VideoVariant(contentType='video/mp4', url='https://video.twimg.com/amplify_video/1362235416368340993/vid/480x270/lzzyb4LYioz_HDkg.mp4?tag=13', bitrate=288000), VideoVariant(contentType='application/x-mpegURL', url='https://video.twimg.com/amplify_video/1362235416368340993/pl/nnn-Cpl4zxwCOTZY.m3u8?tag=13', bitrate=None), VideoVariant(contentType='video/mp4', url='https://video.twimg.com/amplify_video/1362235416368340993/vid/1280x720/CrNJv0UVFQ-7bKv5.mp4?tag=13', bitrate=2176000)], duration=14.067, views=3037)]",scotiabank,<mention> <mention> 🏆 🏁 🏄 🏀 🏟️ 🏠 🏦 🏛️ 🌍️ 📺 📷 📞 📖 📗 📝 📚 📱 📸 📼 📻 📲 📶 📦 📧 📩 📪 📢 📣 📤 📥 �
6827,2022-11-10 13:00:07,1,SmallBizLady,"[Photo(previewUrl='https://pbs.twimg.com/media/FhNE01xWAAQETJ4?format=jpg&name=small', fullUrl='https://pbs.twimg.com/media/FhNE01xWAAQETJ4?format=jpg&name=large')]",emerson,<mention> <mention> #SmallBizLadies <hyperlink>
4131,2022-03-12 02:44:43,530,cbcsports,"[Video(thumbnailUrl='https://pbs.twimg.com/media/FNndouOXMAUEzmA.jpg', variants=[VideoVariant(contentType='video/mp4', url='https://video.twimg.com/amplify_video/1502475602443522049/vid/480x270/PTNRM8nfr2sKZGEm.mp4?tag=14', bitrate=288000), VideoVariant(contentType='video/mp4', url='https://video.twimg.com/amplify_video/1502475602443522049/vid/640x360/6gqecr7KUEV16TGa.mp4?tag=14', bitrate=832000), VideoVariant(contentType='application/x-mpegURL', url='https://video.twimg.com/amplify_video/1502475602443522049/pl/FuSsx0L2C8zBGNoF.m3u8?tag=14&container=fmp4', bitrate=None), VideoVariant(contentType='video/mp4', url='https://video.twimg.com/amplify_video/1502475602443522049/vid/1280x720/rMt0gTGPH72qwfL4.mp4?tag=14', bitrate=2176000)], duration=54.819, views=14346)]",cbc,<mention> is back on the road for the first time in 2020. <hyperlink>
7802,2022-06-28 03:48:52,129,JumaaneWilliams,"[Video(thumbnailUrl='https://pbs.twimg.com/ext_tw_video_thumb/1541629646281875458/pu/img/CkVucPOTvve4OgqB.jpg', variants=[VideoVariant(contentType='video/mp4', url='https://video.twimg.com/ext_tw_video/1541629646281875458/pu/vid/720x406/1NbhEtvxS6-a5TB7.mp4?tag=14', bitrate=832000), VideoVariant(contentType='video/mp4', url='https://video.twimg.com/ext_tw_video/1541629646281875458/pu/vid/478x270/EuKxcX-1C49r7wvB.mp4?tag=14', bitrate=256000), VideoVariant(contentType='application/x-mpegURL', url='https://video.twimg.com/ext_tw_video/1541629646281875458/pu/pl/Y6loOA5o6TZjpM9b.m3u8?tag=14&container=fmp4', bitrate=None)], duration=27.769, views=11386)]",williams,"It’s been a long time coming, but I’m proud to announce that <mention> will be joining me on the stage at the 2020 <mention>. <hyperlink>"
7754,2022-05-19 16:59:14,105,wmata,"[Photo(previewUrl='https://pbs.twimg.com/media/FTIsDuJagAAqB-0?format=jpg&name=small', fullUrl='https://pbs.twimg.com/media/FTIsDuJagAAqB-0?format=jpg&name=large'), Photo(previewUrl='https://pbs.twimg.com/media/FTIsDuIaAAE_1OE?format=jpg&name=small', fullUrl='https://pbs.twimg.com/media/FTIsDuIaAAE_1OE?format=jpg&name=large')]",metro,We’re excited to announce that we’ll be adding a new station to the Metro system in the coming years. <mention> will be opening in 2020! <hyperlink>
4722,2021-10-03 17:48:22,194,bayer04_en,"[Gif(thumbnailUrl='https://pbs.twimg.com/tweet_video_thumb/FAyuEqsXEAYmO4U.jpg', variants=[VideoVariant(contentType='video/mp4', url='https://video.twimg.com/tweet_video/FAyuEqsXEAYmO4U.mp4', bitrate=0)])]",bayer,<mention> <mention> #BAY04 <hyperlink>
1651,2021-12-04 20:12:03,0,AAASouthPenn,"[Photo(previewUrl='https://pbs.twimg.com/media/FFyhi8bWQAUCI2Q?format=jpg&name=small', fullUrl='https://pbs.twimg.com/media/FFyhi8bWQAUCI2Q?format=jpg&name=large')]",aaa,It's that time of year again! <mention> will be in town for the 10th annual <mention>. Get your tickets now! <hyperlink>
4141,2021-05-07 10:22:00,2126,redbullracing,"[Photo(previewUrl='https://pbs.twimg.com/media/E0xxBb5XIAIpLc-?format=jpg&name=small', fullUrl='https://pbs.twimg.com/media/E0xxBb5XIAIpLc-?format=jpg&name=large'), Photo(previewUrl='https://pbs.twimg.com/media/E0xxCu7WUAIJHlB?format=jpg&name=small', fullUrl='https://pbs.twimg.com/media/E0xxCu7WUAIJHlB?format=jpg&name=large')]",oracle,<mention> <mention> #F1 🇫🇷 🇪🇸 🇺🇸 <hyperlink>
1618,2021-07-25 15:12:20,1110,CBCOlympics,"[Video(thumbnailUrl='https://pbs.twimg.com/amplify_video_thumb/1419313494432878592/img/C0zB16kl_JbsHSi3.jpg', variants=[VideoVariant(contentType='video/mp4', url='https://video.twimg.com/amplify_video/1419313494432878592/vid/640x360/KdXJiBIZYcTZdosp.mp4?tag=14', bitrate=832000), VideoVariant(contentType='video/mp4', url='https://video.twimg.com/amplify_video/1419313494432878592/vid/480x270/ALCfqgXW5NIOLBRA.mp4?tag=14', bitrate=288000), VideoVariant(contentType='application/x-mpegURL', url='https://video.twimg.com/amplify_video/1419313494432878592/pl/nSI8DC-jmX2gd7qv.m3u8?tag=14', bitrate=None), VideoVariant(contentType='video/mp4', url='https://video.twimg.com/amplify_video/1419313494432878592/vid/1280x720/3xUqFY5p33J86oPk.mp4?tag=14', bitrate=2176000)], duration=47.247, views=21719)]",cbc,Canada's <mention> won the gold medal in the women's 4x100m medley relay at the 2020 Tokyo Olympics. <hyperlink>
2030,2022-03-23 21:00:01,88,SFTHQ,"[Photo(previewUrl='https://pbs.twimg.com/media/FOjR6wOWYAEbX8j?format=jpg&name=small', fullUrl='https://pbs.twimg.com/media/FOjR6wOWYAEbX8j?format=jpg&name=large')]",free,<mention> <mention> #SFTHQ <hyperlink>
8518,2022-03-11 05:03:45,3072,amazonmusic,"[Photo(previewUrl='https://pbs.twimg.com/media/FNiz2FOUUAA_aWl?format=jpg&name=small', fullUrl='https://pbs.twimg.com/media/FNiz2FOUUAA_aWl?format=jpg&name=large'), Photo(previewUrl='https://pbs.twimg.com/media/FNiz3WUUcAMOAmg?format=jpg&name=small', fullUrl='https://pbs.twimg.com/media/FNiz3WUUcAMOAmg?format=jpg&name=large')]",amazon,<mention> is back with a brand new single! <hyperlink>
4576,2022-01-17 17:42:38,319,PatMcAfeeShow,"[Video(thumbnailUrl='https://pbs.twimg.com/amplify_video_thumb/1483129633449156614/img/NVu0IPRFagbQE8fU.jpg', variants=[VideoVariant(contentType='application/x-mpegURL', url='https://video.twimg.com/amplify_video/1483129633449156614/pl/Ks2iaaJ-bkP9joxV.m3u8?tag=14&container=fmp4', bitrate=None), VideoVariant(contentType='video/mp4', url='https://video.twimg.com/amplify_video/1483129633449156614/vid/480x270/rjPCJNqEZXglx4Sn.mp4?tag=14', bitrate=288000), VideoVariant(contentType='video/mp4', url='https://video.twimg.com/amplify_video/1483129633449156614/vid/640x360/Pah2gJF36FjRVwHr.mp4?tag=14', bitrate=832000), VideoVariant(contentType='video/mp4', url='https://video.twimg.com/amplify_video/1483129633449156614/vid/1280x720/5SmN084QGDHgGgzY.mp4?tag=14', bitrate=2176000)], duration=151.234, views=42074)]",mcafee,<mention> <mention> #PatMC <hyperlink>
3993,2021-01-10 18:15:00,230,teaxtarot,"[Photo(previewUrl='https://pbs.twimg.com/media/ErY9Sc6XAAAw16k?format=jpg&name=small', fullUrl='https://pbs.twimg.com/media/ErY9Sc6XAAAw16k?format=jpg&name=large')]",astro,<mention> <mention> #Astrology <hyperlink>
7377,2022-11-01 22:53:35,108,FreeBeacon,"[Video(thumbnailUrl='https://pbs.twimg.com/ext_tw_video_thumb/1587578339908325376/pu/img/hGB5ReH8RONOgwja.jpg', variants=[VideoVariant(contentType='video/mp4', url='https://video.twimg.com/ext_tw_video/1587578339908325376/pu/vid/720x406/-FfPmg7jJMSrOCm6.mp4?tag=14', bitrate=832000), VideoVariant(contentType='video/mp4', url='https://video.twimg.com/ext_tw_video/1587578339908325376/pu/vid/478x270/FbcSi0VMewEobH5L.mp4?tag=14', bitrate=256000), VideoVariant(contentType='application/x-mpegURL', url='https://video.twimg.com/ext_tw_video/1587578339908325376/pu/pl/b7pLuvnV8qi9EmbX.m3u8?tag=14&container=fmp4', bitrate=None)], duration=64.031, views=2351)]",free,The Trump administration’s decision to withdraw from the Iran nuclear deal is the right thing to do. <hyperlink>
6150,2021-05-14 19:56:11,2799,SpotifyUSA,"[Photo(previewUrl='https://pbs.twimg.com/media/E1X5ldjVEAIf1c6?format=jpg&name=small', fullUrl='https://pbs.twimg.com/media/E1X5ldjVEAIf1c6?format=jpg&name=large')]",spotify,<mention> <mention> is back! <hyperlink>
4909,2021-04-20 10:06:06,57,FootySuperTips,"[Photo(previewUrl='https://pbs.twimg.com/media/EzaMMlKX0AUhsHP?format=png&name=small', fullUrl='https://pbs.twimg.com/media/EzaMMlKX0AUhsHP?format=png&name=large')]",free,<mention> <mention> What's the best thing about being a professional footballer? <hyperlink>
5027,2021-09-10 00:00:00,135,TeslaCharging,"[Photo(previewUrl='https://pbs.twimg.com/media/E-3lOfdVUAkCz7r?format=jpg&name=small', fullUrl='https://pbs.twimg.com/media/E-3lOfdVUAkCz7r?format=jpg&name=large'), Photo(previewUrl='https://pbs.twimg.com/media/E-3lOffVUBUJ81F?format=jpg&name=small', fullUrl='https://pbs.twimg.com/media/E-3lOffVUBUJ81F?format=jpg&name=large')]",tesla,"We're excited to announce the launch of the <mention> Model S Plaid, the fastest production car in the world. <hyperlink>"
8261,2021-05-19 19:30:18,2364,Dupont9A,"[Photo(previewUrl='https://pbs.twimg.com/media/E1xjnAXWEAAzV6H?format=jpg&name=small', fullUrl='https://pbs.twimg.com/media/E1xjnAXWEAAzV6H?format=jpg&name=large')]",dupont,<mention> <mention> I'm so proud of you! <hyperlink>
4732,2022-05-23 12:02:13,1224,AmazonMusicUK,"[Video(thumbnailUrl='https://pbs.twimg.com/amplify_video_thumb/1528707821549895686/img/RMWwi_e2qzEnT3dn.jpg', variants=[VideoVariant(contentType='video/mp4', url='https://video.twimg.com/amplify_video/1528707821549895686/vid/720x720/zOqSgIkg0saNaz-c.mp4?tag=14', bitrate=1280000), VideoVariant(contentType='video/mp4', url='https://video.twimg.com/amplify_video/1528707821549895686/vid/320x320/DSt_T_n1S27OPh_N.mp4?tag=14', bitrate=432000), VideoVariant(contentType='video/mp4', url='https://video.twimg.com/amplify_video/1528707821549895686/vid/540x540/CXfvrvMM0ruCiGy3.mp4?tag=14', bitrate=832000), VideoVariant(contentType='application/x-mpegURL', url='https://video.twimg.com/amplify_video/1528707821549895686/pl/TtJSzJaUDb-U_ehx.m3u8?tag=14&container=fmp4', bitrate=None)], duration=14.447, views=17855)]",amazon,<mention> is back with a brand new single <hyperlink>
7549,2021-01-20 22:57:37,1001,cnni,"[Photo(previewUrl='https://pbs.twimg.com/media/EsNd33lXAAAntjb?format=png&name=small', fullUrl='https://pbs.twimg.com/media/EsNd33lXAAAntjb?format=png&name=large')]",cnn,"President Donald Trump says he is ""very pleased"" with the results of the 2020 U.S. presidential election. <hyperlink>"
8135,2021-06-28 23:00:48,139,hkfp,"[Photo(previewUrl='https://pbs.twimg.com/media/E5ATYp3X0AI7ZfZ?format=jpg&name=small', fullUrl='https://pbs.twimg.com/media/E5ATYp3X0AI7ZfZ?format=jpg&name=large')]",free,The Hong Kong Federation of Trade Unions (HKFTU) has called on the Chinese government to respect the rights of Hong Kong residents to freely exercise their right to peaceful assembly and freedom of expression. <hyperlink>
1607,2022-02-10 13:45:27,1090,CBCOlympics,"[Photo(previewUrl='https://pbs.twimg.com/media/FLPUIYXXMAQO3Vq?format=jpg&name=small', fullUrl='https://pbs.twimg.com/media/FLPUIYXXMAQO3Vq?format=jpg&name=large')]",cbc,Canada's <mention> won the gold medal in the women's 4x100m medley relay at the 2020 Tokyo Olympics. <hyperlink>
4774,2022-05-04 14:51:18,1212,BoeingSpace,"[Video(thumbnailUrl='https://pbs.twimg.com/ext_tw_video_thumb/1521865011303522304/pu/img/l5ZGeyx2KK0LIuCa.jpg', variants=[VideoVariant(contentType='video/mp4', url='https://video.twimg.com/ext_tw_video/1521865011303522304/pu/vid/1280x720/QBDAhes86ytVtIid.mp4?tag=12', bitrate=2176000), VideoVariant(contentType='video/mp4', url='https://video.twimg.com/ext_tw_video/1521865011303522304/pu/vid/640x360/Kcjc9GffZMV6SBqt.mp4?tag=12', bitrate=832000), VideoVariant(contentType='application/x-mpegURL', url='https://video.twimg.com/ext_tw_video/1521865011303522304/pu/pl/DPKnGZWDD9hajaS_.m3u8?tag=12&container=fmp4', bitrate=None), VideoVariant(contentType='video/mp4', url='https://video.twimg.com/ext_tw_video/1521865011303522304/pu/vid/480x270/2b6F1IFMU515lTB8.mp4?tag=12', bitrate=256000)], duration=10.535, views=55072)]",boeing,The Boeing 777-300ER is the world's most fuel-efficient long-haul aircraft. <hyperlink>
8110,2022-02-08 22:45:00,59862,FCBarcelona,"[Photo(previewUrl='https://pbs.twimg.com/media/FLGnv3BWYAE-2cF?format=jpg&name=small', fullUrl='https://pbs.twimg.com/media/FLGnv3BWYAE-2cF?format=jpg&name=large')]",fc barcelona,<mention> <mention> #FCB <hyperlink>
6952,2022-05-31 19:30:02,16,WalmartCAGaming,"[Photo(previewUrl='https://pbs.twimg.com/media/FUHC7HaWYAgkIjm?format=png&name=small', fullUrl='https://pbs.twimg.com/media/FUHC7HaWYAgkIjm?format=png&name=large')]",walmart,<mention> <mention> What's your favorite game to play with your friends? <hyperlink>
6005,2022-05-22 11:32:00,2284,redbullracing,"[Video(thumbnailUrl='https://pbs.twimg.com/amplify_video_thumb/1528334923752423424/img/2-IzDwwPl1TTpGDH.jpg', variants=[VideoVariant(contentType='video/mp4', url='https://video.twimg.com/amplify_video/1528334923752423424/vid/720x900/I5HC04L9hqkemVyM.mp4?tag=14', bitrate=2176000), VideoVariant(contentType='video/mp4', url='https://video.twimg.com/amplify_video/1528334923752423424/vid/320x400/8uMTyd4D37LEp33O.mp4?tag=14', bitrate=632000), VideoVariant(contentType='video/mp4', url='https://video.twimg.com/amplify_video/1528334923752423424/vid/480x600/63JZO-m1tcWQOl1H.mp4?tag=14', bitrate=950000), VideoVariant(contentType='application/x-mpegURL', url='https://video.twimg.com/amplify_video/1528334923752423424/pl/JhHdlQUdItvlto8T.m3u8?tag=14&container=fmp4', bitrate=None)], duration=15.8, views=40368)]",oracle,<mention> <mention> #F1 🇫🇷 🇪🇸 🇺🇸 <hyperlink>
7729,2022-02-14 01:25:47,1100,TwitterSports,"[Photo(previewUrl='https://pbs.twimg.com/media/FLhSMRiWQAQzijS?format=jpg&name=small', fullUrl='https://pbs.twimg.com/media/FLhSMRiWQAQzijS?format=jpg&name=large')]",twitter,<mention> <mention> #NBA <hyperlink>
3542,2021-01-29 19:01:03,1,EMR_Automation,"[Photo(previewUrl='https://pbs.twimg.com/media/Es6-CRBXEAEn5yK?format=jpg&name=small', fullUrl='https://pbs.twimg.com/media/Es6-CRBXEAEn5yK?format=jpg&name=large')]",emerson,How do you know if you have the right equipment for your application? <hyperlink>
389,2021-03-28 22:06:40,468,funnybrad,"[Photo(previewUrl='https://pbs.twimg.com/media/ExmUu2GVcAEEgtD?format=jpg&name=small', fullUrl='https://pbs.twimg.com/media/ExmUu2GVcAEEgtD?format=jpg&name=large')]",williams,<mention> <mention> I don’t know what you’re talking about. <hyperlink>
1795,2022-06-17 13:07:57,44,MetroUK,"[Photo(previewUrl='https://pbs.twimg.com/media/FVdObrKX0AEZ5Fv?format=jpg&name=small', fullUrl='https://pbs.twimg.com/media/FVdObrKX0AEZ5Fv?format=jpg&name=large')]",metro,It's been a busy week for <mention> - here's a look back at some of the highlights. <hyperlink>
8732,2022-07-01 13:43:34,0,IndependentNGR,"[Photo(previewUrl='https://pbs.twimg.com/media/FWlc6HGVEAAebzP?format=jpg&name=small', fullUrl='https://pbs.twimg.com/media/FWlc6HGVEAAebzP?format=jpg&name=large')]",independent,Buhari Urges Nigerians To Vote In 2023 <hyperlink> < hyperlink>
4920,2021-10-08 14:00:02,687,totalwar,"[Photo(previewUrl='https://pbs.twimg.com/media/FBAtWDbVcAk8WOg?format=jpg&name=small', fullUrl='https://pbs.twimg.com/media/FBAtWDbVcAk8WOg?format=jpg&name=large')]",total,<mention> <mention> #TotalWar <hyperlink>
5538,2022-12-29 09:57:53,1883,KyivIndependent,"[Photo(previewUrl='https://pbs.twimg.com/media/FlIw954XwAAU78T?format=jpg&name=small', fullUrl='https://pbs.twimg.com/media/FlIw954XwAAU78T?format=jpg&name=large')]",independent,Ukrainian President Volodymyr Zelenskyy says he is ready to meet with Russian President Vladimir Putin <hyperlink>
3873,2021-10-23 01:51:47,420,Maister_SSB,"[Video(thumbnailUrl='https://pbs.twimg.com/ext_tw_video_thumb/1451727835077435392/pu/img/1F8FZKSM3AYTuuP8.jpg', variants=[VideoVariant(contentType='application/x-mpegURL', url='https://video.twimg.com/ext_tw_video/1451727835077435392/pu/pl/u2HImcLgPLc7zd7s.m3u8?tag=12&container=fmp4', bitrate=None), VideoVariant(contentType='video/mp4', url='https://video.twimg.com/ext_tw_video/1451727835077435392/pu/vid/480x270/18KE0zwhL5TcXfJO.mp4?tag=12', bitrate=256000), VideoVariant(contentType='video/mp4', url='https://video.twimg.com/ext_tw_video/1451727835077435392/pu/vid/1280x720/-yF1bY8apn5ZJnbO.mp4?tag=12', bitrate=2176000), VideoVariant(contentType='video/mp4', url='https://video.twimg.com/ext_tw_video/1451727835077435392/pu/vid/640x360/fuMHm5qpuhvzDGS0.mp4?tag=12', bitrate=832000)], duration=29.064, views=5666)]",free,<mention> <mention> What's your favorite character in the game? <hyperlink>
8869,2022-09-30 14:00:31,380,Honeywell_Home,"[Photo(previewUrl='https://pbs.twimg.com/media/Fd6JdrnXgAIFvLq?format=jpg&name=small', fullUrl='https://pbs.twimg.com/media/Fd6JdrnXgAIFvLq?format=jpg&name=large')]",honeywell,"We’re excited to announce the launch of our new <mention> app, which will allow you to control your home’s climate, lighting, security, and more from your phone. <hyperlink>"
2255,2022-12-25 10:39:06,1,IndependentNGR,"[Photo(previewUrl='https://pbs.twimg.com/media/Fk0UFxnaMAAmh2C?format=jpg&name=small', fullUrl='https://pbs.twimg.com/media/Fk0UFxnaMAAmh2C?format=jpg&name=large')]",independent,Buhari Urges Nigerians To Vote In 2023 <hyperlink> < hyperlink>
3413,2022-11-23 03:39:32,668,cameronsalerno1,"[Photo(previewUrl='https://pbs.twimg.com/media/FiOBLtLUcAAtcGR?format=jpg&name=small', fullUrl='https://pbs.twimg.com/media/FiOBLtLUcAAtcGR?format=jpg&name=large')]",cameron,"It’s been a long time coming, but I’m so excited to be back in the studio with <mention> <hyperlink>"
5460,2021-06-25 17:44:32,12,PetSmartChariTs,"[Photo(previewUrl='https://pbs.twimg.com/media/E4vuOByXIAAhVc_?format=jpg&name=small', fullUrl='https://pbs.twimg.com/media/E4vuOByXIAAhVc_?format=jpg&name=large')]",petsmart,<mention> <mention> I'm so excited to meet you! <hyperlink>
4956,2021-01-22 14:08:16,66,SAPNews,"[Photo(previewUrl='https://pbs.twimg.com/media/EsV35asXUAIidC3?format=jpg&name=small', fullUrl='https://pbs.twimg.com/media/EsV35asXUAIidC3?format=jpg&name=large')]",sap,SAP S/4HANA Cloud is now available in 12 new languages. Learn more: <hyperlink> #SAPS4HCLOUD #S4HANACloud #cloud #cloudcomputing #cloudinfrastructure #cloudstorage #cloudsecurity #cloudsolutions #cloudservices #cloudplatforms #cloudserviceprovider #cloudsolutionprovider #CloudComputing #CloudInfrastructure #CloudStorage #CloudSecurity #CloudSolutions #CloudServices #CloudPlatform #CloudSolution
7397,2022-06-12 08:17:03,0,TheAAie,"[Photo(previewUrl='https://pbs.twimg.com/media/FVCb9edWAAAGQau?format=jpg&name=small', fullUrl='https://pbs.twimg.com/media/FVCb9edWAAAGQau?format=jpg&name=large'), Photo(previewUrl='https://pbs.twimg.com/media/FVCb9k_WUAAv7ra?format=jpg&name=small', fullUrl='https://pbs.twimg.com/media/FVCb9k_WUAAv7ra?format=jpg&name=large'), Photo(previewUrl='https://pbs.twimg.com/media/FVCb9s5WYAEERQv?format=jpg&name=small', fullUrl='https://pbs.twimg.com/media/FVCb9s5WYAEERQv?format=jpg&name=large'), Photo(previewUrl='https://pbs.twimg.com/media/FVCb94SWUAAcdyR?format=jpg&name=small', fullUrl='https://pbs.twimg.com/media/FVCb94SWUAAcdyR?format=jpg&name=large')]",aa,We’re here for you. <mention> is here to help you with any questions you may have. <hyperlink>
5415,2021-11-18 16:37:59,142,CBCNS,"[Photo(previewUrl='https://pbs.twimg.com/media/FEfXHatXEAYVl73?format=jpg&name=small', fullUrl='https://pbs.twimg.com/media/FEfXHatXEAYVl73?format=jpg&name=large')]",cbc,Newfoundland and Labrador's first coronavirus case is a man in his 20s <hyperlink>
7400,2021-10-19 16:33:19,725,Cam_Cawthorne,"[Photo(previewUrl='https://pbs.twimg.com/media/FCE2WgtWQAcuGx1?format=jpg&name=small', fullUrl='https://pbs.twimg.com/media/FCE2WgtWQAcuGx1?format=jpg&name=large')]",cameron,<mention> <mention> I'm so proud of you guys. <hyperlink>
7415,2022-10-02 02:00:58,116,PADI,"[Photo(previewUrl='https://pbs.twimg.com/media/FeB386vXoAQMdIY?format=jpg&name=small', fullUrl='https://pbs.twimg.com/media/FeB386vXoAQMdIY?format=jpg&name=large')]",padi,It's time to dive into the world of #scuba diving! <hyperlink>
9101,2021-02-10 18:30:14,54,HP,"[Photo(previewUrl='https://pbs.twimg.com/media/Et4qDuvXMAIT3ms?format=jpg&name=small', fullUrl='https://pbs.twimg.com/media/Et4qDuvXMAIT3ms?format=jpg&name=large')]",hp,It’s time to get your hands on the latest #HPZBook G5. Find out more here: <hyperlink> . Write your thoughts in the comments below. #HP #ZBook #ZbookG5 #HPLaptop #HPNotebook #HPnotebook #HPLaptop #Laptops #laptop #laptops2020 #HP Laptop #HP Laptops #HP Notebook #HP Notebooks #HP laptop #HP notebook #HP laptops #HP notebooks
4852,2022-12-16 05:14:37,159,barandbench,"[Photo(previewUrl='https://pbs.twimg.com/media/FkEzdGLaMAAN2z6?format=jpg&name=small', fullUrl='https://pbs.twimg.com/media/FkEzdGLaMAAN2z6?format=jpg&name=large')]",bar,"In the case of <mention> v. <mention>, the Supreme Court has held that the right of the accused to be tried by a court of his choice is a fundamental right which cannot be interfered with by the State. <hyperlink>"
2026,2022-03-26 15:56:11,466,TeamCoachBuzz,"[Photo(previewUrl='https://pbs.twimg.com/media/FOyZC_1XMAUddtH?format=jpg&name=small', fullUrl='https://pbs.twimg.com/media/FOyZC_1XMAUddtH?format=jpg&name=large')]",williams,<mention> <mention> I'm so proud of you! <hyperlink>
2616,2021-05-25 16:40:03,458,LanceHoyt,"[Photo(previewUrl='https://pbs.twimg.com/media/E2P2LvxWEAYlNPv?format=jpg&name=small', fullUrl='https://pbs.twimg.com/media/E2P2LvxWEAYlNPv?format=jpg&name=large')]",monster,<mention> <mention> I’m not sure if this is a good thing or a bad thing. <hyperlink>
7389,2022-04-05 16:09:59,116,SouthMetroPIO,"[Photo(previewUrl='https://pbs.twimg.com/media/FPl8AswVQAkiK23?format=jpg&name=small', fullUrl='https://pbs.twimg.com/media/FPl8AswVQAkiK23?format=jpg&name=large'), Photo(previewUrl='https://pbs.twimg.com/media/FPl8AswVcAkkfgW?format=jpg&name=small', fullUrl='https://pbs.twimg.com/media/FPl8AswVcAkkfgW?format=jpg&name=large'), Photo(previewUrl='https://pbs.twimg.com/media/FPl8AtsVQAgudf3?format=jpg&name=small', fullUrl='https://pbs.twimg.com/media/FPl8AtsVQAgudf3?format=jpg&name=large'), Photo(previewUrl='https://pbs.twimg.com/media/FPl8AtlVIAAMozv?format=jpg&name=small', fullUrl='https://pbs.twimg.com/media/FPl8AtlVIAAMozv?format=jpg&name=large')]",metro,We are proud to announce that <mention> has been selected as the recipient of the 2020 South Metro Police Officer of the Year Award. <hyperlink>
2927,2021-10-01 16:51:11,139,PatMcAfeeShow,"[Video(thumbnailUrl='https://pbs.twimg.com/amplify_video_thumb/1443961544488984579/img/9r68ZKqS6gf9uZGg.jpg', variants=[VideoVariant(contentType='video/mp4', url='https://video.twimg.com/amplify_video/1443961544488984579/vid/640x360/Qyj9MirDebI8k-vX.mp4?tag=14', bitrate=832000), VideoVariant(contentType='video/mp4', url='https://video.twimg.com/amplify_video/1443961544488984579/vid/1280x720/TbrE4C7tDtpRr-U3.mp4?tag=14', bitrate=2176000), VideoVariant(contentType='video/mp4', url='https://video.twimg.com/amplify_video/1443961544488984579/vid/480x270/34_lY5FSpHG4FOfg.mp4?tag=14', bitrate=288000), VideoVariant(contentType='application/x-mpegURL', url='https://video.twimg.com/amplify_video/1443961544488984579/pl/EQ1ld2o6-hWYU7aC.m3u8?tag=14', bitrate=None)], duration=48.167, views=45899)]",mcafee,<mention> <mention> #PatMC <hyperlink>
1122,2021-03-26 22:17:00,2552,NatGeo,"[Video(thumbnailUrl='https://pbs.twimg.com/amplify_video_thumb/1030597385343393792/img/y621Z5tJQuU9TX2P.jpg', variants=[VideoVariant(contentType='video/mp4', url='https://video.twimg.com/amplify_video/1030597385343393792/vid/640x360/OcycDCzv6mBjpoFI.mp4?tag=8', bitrate=832000), VideoVariant(contentType='video/mp4', url='https://video.twimg.com/amplify_video/1030597385343393792/vid/1280x720/tOw0pFyNLW8HaWHg.mp4?tag=8', bitrate=2176000), VideoVariant(contentType='video/mp4', url='https://video.twimg.com/amplify_video/1030597385343393792/vid/320x180/9WDGUJci_rPLGiCL.mp4?tag=8', bitrate=288000), VideoVariant(contentType='application/x-mpegURL', url='https://video.twimg.com/amplify_video/1030597385343393792/pl/DRqjO7PqvYzQ5PJ4.m3u8?tag=8', bitrate=None)], duration=39.607, views=529767)]",national geographic,"In this photo, a baby giraffe is born at the Bronx Zoo in New York City. <hyperlink> . Write a short story about a giraffe. #Giraffes #BottlenoseDolphins #Gorillas #GiantPandas #PolarBears #Elephants #Lions #Tigers #Leopards #Cheetahs #Lionesses #Lynx #Foxes #Hares #Hippopotamuses <hyper"
2911,2023-01-29 04:57:42,89,SouthMetroPIO,"[Photo(previewUrl='https://pbs.twimg.com/media/FnnVl98WIAA3so7?format=jpg&name=small', fullUrl='https://pbs.twimg.com/media/FnnVl98WIAA3so7?format=jpg&name=large')]",metro,"South Metro Police Department is asking for the public’s help in identifying a suspect in a recent armed robbery. The suspect is described as a white male, approximately 5’10” tall, with brown hair and brown eyes. He was last seen in the 1200 block of 10th Avenue South. <hyperlink>"
8147,2022-02-07 17:07:34,44,CBCNB,"[Photo(previewUrl='https://pbs.twimg.com/media/FLAmqivWYAMxRxb?format=jpg&name=small', fullUrl='https://pbs.twimg.com/media/FLAmqivWYAMxRxb?format=jpg&name=large')]",cbc,<mention> says he's not sure if he'll be able to make it to the <mention> game on Saturday. <hyperlink>
7384,2022-10-20 04:05:04,111,barandbench,"[Photo(previewUrl='https://pbs.twimg.com/media/FffA9NvXgAA-7w3?format=jpg&name=small', fullUrl='https://pbs.twimg.com/media/FffA9NvXgAA-7w3?format=jpg&name=large')]",bar,"In the case of <mention> v. <mention>, the Supreme Court has held that the right of the accused to be tried by a court of his choice is a fundamental right which cannot be interfered with by the State. <hyperlink>"
3483,2021-11-22 20:02:39,106,wmata,"[Photo(previewUrl='https://pbs.twimg.com/media/FE0sCt2WYAY4KCN?format=jpg&name=small', fullUrl='https://pbs.twimg.com/media/FE0sCt2WYAY4KCN?format=jpg&name=large')]",metro,"We’re excited to announce that we will be adding a new station to the Metro system in the coming years. <mention> will be opening its doors to the public on September 15, and will be located at the intersection of 13th Street S. &amp; 12th Avenue S. in downtown Minneapolis. <hyperlink>"
796,2022-03-03 04:16:19,110,AllanBell247,"[Gif(thumbnailUrl='https://pbs.twimg.com/tweet_video_thumb/FM5cSKNXIAEVO96.jpg', variants=[VideoVariant(contentType='video/mp4', url='https://video.twimg.com/tweet_video/FM5cSKNXIAEVO96.mp4', bitrate=0)])]",bell,It's been a long time since I've had a chance to talk to <mention> <hyperlink>
1576,2021-04-08 09:06:00,13071,avonworldwide,"[Video(thumbnailUrl='https://pbs.twimg.com/ext_tw_video_thumb/1380080469807673347/pu/img/GRpj0IJxm1hfjwYK.jpg', variants=[VideoVariant(contentType='video/mp4', url='https://video.twimg.com/ext_tw_video/1380080469807673347/pu/vid/640x360/frFur8Q9fPgl2sAR.mp4?tag=12', bitrate=832000), VideoVariant(contentType='video/mp4', url='https://video.twimg.com/ext_tw_video/1380080469807673347/pu/vid/1280x720/_Lpin8-X-Z7AlEzJ.mp4?tag=12', bitrate=2176000), VideoVariant(contentType='video/mp4', url='https://video.twimg.com/ext_tw_video/1380080469807673347/pu/vid/480x270/Vs8r4xw_CrmLZu-r.mp4?tag=12', bitrate=256000), VideoVariant(contentType='application/x-mpegURL', url='https://video.twimg.com/ext_tw_video/1380080469807673347/pu/pl/viNmzxP710AyZGEw.m3u8?tag=12', bitrate=None)], duration=70.567, views=113405)]",avon,<mention> <mention> #AvonWorldwide <hyperlink>
6177,2021-02-22 13:56:01,3045,DistanceCovered,"[Photo(previewUrl='https://pbs.twimg.com/media/Eu1eXyYWgAoMa3k?format=jpg&name=small', fullUrl='https://pbs.twimg.com/media/Eu1eXyYWgAoMa3k?format=jpg&name=large')]",williams,<mention> <mention> I'm so proud of you! <hyperlink>
6267,2021-09-13 23:18:07,115,gbellseattle,"[Video(thumbnailUrl='https://pbs.twimg.com/ext_tw_video_thumb/1437555801942421513/pu/img/e4nc3cOluGnDX7C3.jpg', variants=[VideoVariant(contentType='video/mp4', url='https://video.twimg.com/ext_tw_video/1437555801942421513/pu/vid/480x270/d2qXpK9f2BGSfKE2.mp4?tag=12', bitrate=256000), VideoVariant(contentType='video/mp4', url='https://video.twimg.com/ext_tw_video/1437555801942421513/pu/vid/1280x720/bPKreUhSlY36mEal.mp4?tag=12', bitrate=2176000), VideoVariant(contentType='video/mp4', url='https://video.twimg.com/ext_tw_video/1437555801942421513/pu/vid/640x360/PERXkIuqjMXzG_QO.mp4?tag=12', bitrate=832000), VideoVariant(contentType='application/x-mpegURL', url='https://video.twimg.com/ext_tw_video/1437555801942421513/pu/pl/wYvJRDlszJhaRcyS.m3u8?tag=12&container=fmp4', bitrate=None)], duration=100.15, views=4754)]",bell,<mention> <mention> I'm so proud of you guys! <hyperlink>
2459,2021-02-07 15:52:53,62,VMSportIE,"[Video(thumbnailUrl='https://pbs.twimg.com/media/EtopOAAXIAQTy6q.jpg', variants=[VideoVariant(contentType='video/mp4', url='https://video.twimg.com/amplify_video/1358443537734512647/vid/1280x720/CjrmXCXohBB5aXD5.mp4?tag=14', bitrate=2176000), VideoVariant(contentType='video/mp4', url='https://video.twimg.com/amplify_video/1358443537734512647/vid/480x270/wX9mGxW7WBP88_Ud.mp4?tag=14', bitrate=288000), VideoVariant(contentType='application/x-mpegURL', url='https://video.twimg.com/amplify_video/1358443537734512647/pl/-G843A1ghMMJOLfS.m3u8?tag=14', bitrate=None), VideoVariant(contentType='video/mp4', url='https://video.twimg.com/amplify_video/1358443537734512647/vid/640x360/qnH2FV6smJDPFAvk.mp4?tag=14', bitrate=832000)], duration=38.64, views=5702)]",virgin media,<mention> <mention> #VMSports <hyperlink>
3313,2021-07-10 21:12:30,546,amandashires,"[Photo(previewUrl='https://pbs.twimg.com/media/E59trXAX0AIEew4?format=jpg&name=small', fullUrl='https://pbs.twimg.com/media/E59trXAX0AIEew4?format=jpg&name=large'), Photo(previewUrl='https://pbs.twimg.com/media/E59trXEXEAYgOVS?format=jpg&name=small', fullUrl='https://pbs.twimg.com/media/E59trXEXEAYgOVS?format=jpg&name=large'), Photo(previewUrl='https://pbs.twimg.com/media/E59trYbWYAEIrbJ?format=jpg&name=small', fullUrl='https://pbs.twimg.com/media/E59trYbWYAEIrbJ?format=jpg&name=large'), Photo(previewUrl='https://pbs.twimg.com/media/E59trcOWYAErH9d?format=jpg&name=small', fullUrl='https://pbs.twimg.com/media/E59trcOWYAErH9d?format=jpg&name=large')]",monster,<mention> <mention> #AmandaShires <hyperlink>
1254,2022-10-08 19:03:13,0,AAASouthJersey,"[Photo(previewUrl='https://pbs.twimg.com/media/Fekbd0VWIAA3BWU?format=jpg&name=small', fullUrl='https://pbs.twimg.com/media/Fekbd0VWIAA3BWU?format=jpg&name=large')]",aaa,It's that time of year again! <mention> will be in town for the 2019 AAA New Jersey Auto Show. Stop by and say hello! <hyperlink>
6835,2022-01-13 22:12:26,1990,KaggyFilms,"[Photo(previewUrl='https://pbs.twimg.com/media/FJA8saqVIAQ_iqR?format=jpg&name=small', fullUrl='https://pbs.twimg.com/media/FJA8saqVIAQ_iqR?format=jpg&name=large'), Photo(previewUrl='https://pbs.twimg.com/media/FJA8sgkVUAIFlKu?format=jpg&name=small', fullUrl='https://pbs.twimg.com/media/FJA8sgkVUAIFlKu?format=jpg&name=large'), Photo(previewUrl='https://pbs.twimg.com/media/FJA8sjIVQAAmXwZ?format=jpg&name=small', fullUrl='https://pbs.twimg.com/media/FJA8sjIVQAAmXwZ?format=jpg&name=large')]",saab,<mention> <mention> #KAGGY <hyperlink>
8795,2021-09-14 17:12:45,481,AmazonStudios,"[Video(thumbnailUrl='https://pbs.twimg.com/ext_tw_video_thumb/1437825318518022144/pu/img/lPT5c6X-k_nWSSaX.jpg', variants=[VideoVariant(contentType='video/mp4', url='https://video.twimg.com/ext_tw_video/1437825318518022144/pu/vid/320x320/5Gfc5-_TQe4_ZG-y.mp4?tag=12', bitrate=432000), VideoVariant(contentType='application/x-mpegURL', url='https://video.twimg.com/ext_tw_video/1437825318518022144/pu/pl/SBLxxle33FqZkTUL.m3u8?tag=12&container=fmp4', bitrate=None), VideoVariant(contentType='video/mp4', url='https://video.twimg.com/ext_tw_video/1437825318518022144/pu/vid/720x720/G0Xkp96OmfI-s9pV.mp4?tag=12', bitrate=1280000), VideoVariant(contentType='video/mp4', url='https://video.twimg.com/ext_tw_video/1437825318518022144/pu/vid/540x540/IGss4CYsaUEsSAuD.mp4?tag=12', bitrate=832000)], duration=120.495, views=36623)]",amazon,It's time for the #AmazonPrimeMovie of the week! <mention> is back with a new adventure in the Amazon rainforest! <hyperlink>
3838,2022-10-21 04:56:37,550,funnybrad,"[Video(thumbnailUrl='https://pbs.twimg.com/ext_tw_video_thumb/1526689752132493315/pu/img/IohfBMDHbuvLtbAu.jpg', variants=[VideoVariant(contentType='video/mp4', url='https://video.twimg.com/ext_tw_video/1526689752132493315/pu/vid/720x804/phavn2F9M39GUT2L.mp4?tag=12', bitrate=2176000), VideoVariant(contentType='video/mp4', url='https://video.twimg.com/ext_tw_video/1526689752132493315/pu/vid/480x536/0hU837YJqdgum3Tw.mp4?tag=12', bitrate=950000), VideoVariant(contentType='application/x-mpegURL', url='https://video.twimg.com/ext_tw_video/1526689752132493315/pu/pl/E8HcKlPt7YPJq8ja.m3u8?tag=12&container=fmp4', bitrate=None), VideoVariant(contentType='video/mp4', url='https://video.twimg.com/ext_tw_video/1526689752132493315/pu/vid/320x356/EJsx6PDLw66bDlhk.mp4?tag=12', bitrate=632000)], duration=12.093, views=4971380)]",williams,<mention> <mention> I don’t know what you’re talking about. <hyperlink>
4399,2022-08-27 10:03:37,0,IndependentNGR,"[Photo(previewUrl='https://pbs.twimg.com/media/FbKNMCLagAEL_mc?format=jpg&name=small', fullUrl='https://pbs.twimg.com/media/FbKNMCLagAEL_mc?format=jpg&name=large')]",independent,Buhari Urges Nigerians To Vote In 2023 <hyperlink> < hyperlink>
3596,2021-11-13 19:49:57,435,WilliamsRacing,"[Photo(previewUrl='https://pbs.twimg.com/media/FEGSbjSWYAYIVS5?format=jpg&name=small', fullUrl='https://pbs.twimg.com/media/FEGSbjSWYAYIVS5?format=jpg&name=large')]",williams,<mention> <mention> 🇺🇸 🇬🇧 🇦🇺 🇨🇦 🇩🇪 🇫🇷 🇮🇹 🇯🇵 🇳🇰 🇸🇬 🇹🇳 🇪🇸 🏴󠁧󠁢󠁷󠁬󠁸󠁨󠁿 <hyperlink>
6622,2022-02-02 01:00:01,4,CiscoIoT,"[Photo(previewUrl='https://pbs.twimg.com/media/FKjZQkQWQAA_TTX?format=png&name=small', fullUrl='https://pbs.twimg.com/media/FKjZQkQWQAA_TTX?format=png&name=large')]",cisco,#IoT is the future of business. #IoT <mention> <hyperlink>
8383,2021-08-27 13:00:01,6,TimHortonsGCC,"[Photo(previewUrl='https://pbs.twimg.com/media/E9zJQpJX0AQxW4T?format=jpg&name=small', fullUrl='https://pbs.twimg.com/media/E9zJQpJX0AQxW4T?format=jpg&name=large')]",tim hortons,It's that time of the year again! 🎄 <hyperlink>
2125,2021-02-16 13:20:22,68,TargetNews,"[Photo(previewUrl='https://pbs.twimg.com/media/EuWcf0uXIAQPGjh?format=jpg&name=small', fullUrl='https://pbs.twimg.com/media/EuWcf0uXIAQPGjh?format=jpg&name=large')]",target,"We're excited to announce the launch of our new <mention> app, which will allow customers to shop online and pick up their orders at any of our stores. <hyperlink>"
3239,2022-07-12 12:08:11,1,IndependentNGR,"[Photo(previewUrl='https://pbs.twimg.com/media/FXdwkStVQAEW-t3?format=jpg&name=small', fullUrl='https://pbs.twimg.com/media/FXdwkStVQAEW-t3?format=jpg&name=large')]",independent,Buhari Urges Nigerians To Vote In 2023 <hyperlink> < hyperlink>
5404,2022-03-20 10:11:25,796,David_Cameron,"[Photo(previewUrl='https://pbs.twimg.com/media/FOSPg44XwAUZaIa?format=jpg&name=small', fullUrl='https://pbs.twimg.com/media/FOSPg44XwAUZaIa?format=jpg&name=large'), Photo(previewUrl='https://pbs.twimg.com/media/FOSPiUJXEAE3bgZ?format=jpg&name=small', fullUrl='https://pbs.twimg.com/media/FOSPiUJXEAE3bgZ?format=jpg&name=large'), Photo(previewUrl='https://pbs.twimg.com/media/FOSPr9oWYAkRSyd?format=jpg&name=small', fullUrl='https://pbs.twimg.com/media/FOSPr9oWYAkRSyd?format=jpg&name=large')]",cameron,"It's been a long time coming, but I'm proud to announce that I've been elected as the next Prime Minister of the United Kingdom. <hyperlink>"
5999,2021-09-28 08:28:52,206,Michelin_Sport,"[Video(thumbnailUrl='https://pbs.twimg.com/ext_tw_video_thumb/1442768161921802240/pu/img/DJMQAQFQ_xod_GTm.jpg', variants=[VideoVariant(contentType='video/mp4', url='https://video.twimg.com/ext_tw_video/1442768161921802240/pu/vid/540x540/tHQ23tv5_VHuW8Bu.mp4?tag=12', bitrate=832000), VideoVariant(contentType='application/x-mpegURL', url='https://video.twimg.com/ext_tw_video/1442768161921802240/pu/pl/TYThjghCnl9opFgH.m3u8?tag=12&container=fmp4', bitrate=None), VideoVariant(contentType='video/mp4', url='https://video.twimg.com/ext_tw_video/1442768161921802240/pu/vid/320x320/D2xEV-Wjfk3vUc_W.mp4?tag=12', bitrate=432000), VideoVariant(contentType='video/mp4', url='https://video.twimg.com/ext_tw_video/1442768161921802240/pu/vid/720x720/qXstpiIn7fJ1n2AU.mp4?tag=12', bitrate=1280000)], duration=59.56, views=11403)]",michelin,<mention> <mention> #F1 <hyperlink>
5939,2022-07-14 16:56:39,138,HomeDepot,"[Photo(previewUrl='https://pbs.twimg.com/media/FXpFpb6UEAEGXHt?format=jpg&name=small', fullUrl='https://pbs.twimg.com/media/FXpFpb6UEAEGXHt?format=jpg&name=large'), Photo(previewUrl='https://pbs.twimg.com/media/FXpFw2jUIAEX32O?format=jpg&name=small', fullUrl='https://pbs.twimg.com/media/FXpFw2jUIAEX32O?format=jpg&name=large')]",home depot,We’re excited to announce the launch of our new <mention> app! <hyperlink>
2046,2022-09-16 15:11:03,152,CNBCClosingBell,"[Video(thumbnailUrl='https://pbs.twimg.com/media/FcyTWLpWYAc0UwX.jpg', variants=[VideoVariant(contentType='application/x-mpegURL', url='https://video.twimg.com/amplify_video/1570792305992384512/pl/i_lwkR1X84bkYA1x.m3u8?tag=14&container=fmp4&v=179', bitrate=None), VideoVariant(contentType='video/mp4', url='https://video.twimg.com/amplify_video/1570792305992384512/vid/640x360/WbYzeWnuNixpknMk.mp4?tag=14', bitrate=832000), VideoVariant(contentType='video/mp4', url='https://video.twimg.com/amplify_video/1570792305992384512/vid/1280x720/WnD5CUIEccez6Z-0.mp4?tag=14', bitrate=2176000), VideoVariant(contentType='video/mp4', url='https://video.twimg.com/amplify_video/1570792305992384512/vid/480x270/drtMWMVXjT17CwCT.mp4?tag=14', bitrate=288000)], duration=51.926, views=23779)]",bell,"It’s been a long time coming, but today marks the 100th anniversary of the birth of <mention> <hyperlink>"
1579,2022-03-26 14:25:39,4143,redbullracing,"[Photo(previewUrl='https://pbs.twimg.com/media/FOyD7yaXMAMXacB?format=jpg&name=small', fullUrl='https://pbs.twimg.com/media/FOyD7yaXMAMXacB?format=jpg&name=large')]",red bull,<mention> <mention> #F1 <hyperlink>
15,2022-06-27 22:00:07,24,BlackBerry,"[Photo(previewUrl='https://pbs.twimg.com/media/FWSoM0xX0AAaMj8?format=png&name=small', fullUrl='https://pbs.twimg.com/media/FWSoM0xX0AAaMj8?format=png&name=large')]",blackberry,"We're excited to announce the launch of the <mention> #BlackBerry 1000, the world's first #5G mobile device. Learn more: <hyperlink> <hyper link>"
2674,2021-06-28 12:55:58,153,Unilever,"[Video(thumbnailUrl='https://pbs.twimg.com/ext_tw_video_thumb/1409494070184054786/pu/img/64nRum2FWmzZCfVA.jpg', variants=[VideoVariant(contentType='application/x-mpegURL', url='https://video.twimg.com/ext_tw_video/1409494070184054786/pu/pl/btfyGDHefQPI8zen.m3u8?tag=12&container=fmp4', bitrate=None), VideoVariant(contentType='video/mp4', url='https://video.twimg.com/ext_tw_video/1409494070184054786/pu/vid/320x320/BcES1tLHZV8lQPuk.mp4?tag=12', bitrate=432000), VideoVariant(contentType='video/mp4', url='https://video.twimg.com/ext_tw_video/1409494070184054786/pu/vid/720x720/qLUFiRQGbJ6D37d-.mp4?tag=12', bitrate=1280000), VideoVariant(contentType='video/mp4', url='https://video.twimg.com/ext_tw_video/1409494070184054786/pu/vid/540x540/zVxD8Qcc9tJr6Eyj.mp4?tag=12', bitrate=832000)], duration=56.0, views=35463)]",unilever,"We’re excited to announce the launch of our new <mention> brand, <mention>, which is now available in 11 countries across the world. <hyperlink>"
7017,2022-01-19 21:19:02,239,KingsDominionVA,"[Photo(previewUrl='https://pbs.twimg.com/media/FJfqAkJWUAg1qL0?format=jpg&name=small', fullUrl='https://pbs.twimg.com/media/FJfqAkJWUAg1qL0?format=jpg&name=large')]",dominion,Kings &amp; Dominions is proud to be a part of the <mention> family! <hyperlink>
8721,2021-04-23 20:00:09,6,USAA,"[Photo(previewUrl='https://pbs.twimg.com/media/EzrxHCZXMAIiX5U?format=jpg&name=small', fullUrl='https://pbs.twimg.com/media/EzrxHCZXMAIiX5U?format=jpg&name=large')]",usaa,<mention> <mention> #USAA <hyperlink>
8850,2022-11-18 04:00:02,145,Shell_Uganda,"[Photo(previewUrl='https://pbs.twimg.com/media/Fh0V7QRXwAAFrCe?format=jpg&name=small', fullUrl='https://pbs.twimg.com/media/Fh0V7QRXwAAFrCe?format=jpg&name=large')]",shell,We are excited to announce the launch of our new <mention> <hyperlink>
4813,2022-08-15 17:27:01,0,armnewsteam,"[Photo(previewUrl='https://pbs.twimg.com/media/FaN_mL1XkAgcWcp?format=png&name=small', fullUrl='https://pbs.twimg.com/media/FaN_mL1XkAgcWcp?format=png&name=large')]",arm,#ARM2020 is now live! <hyperlink>
1085,2021-06-13 05:56:30,949,nojumper,"[Photo(previewUrl='https://pbs.twimg.com/media/E3vZGDgVEAcc1hG?format=jpg&name=small', fullUrl='https://pbs.twimg.com/media/E3vZGDgVEAcc1hG?format=jpg&name=large')]",no,<mention> <mention> #NoJumper <hyperlink>
4984,2021-05-17 21:02:00,184,RadioFreeAsia,"[Photo(previewUrl='https://pbs.twimg.com/media/E1nbJDUXIAc3pOu?format=jpg&name=small', fullUrl='https://pbs.twimg.com/media/E1nbJDUXIAc3pOu?format=jpg&name=large')]",free,"In the face of the coronavirus pandemic, the Chinese government has taken unprecedented measures to control the spread of the virus. <hyperlink>"
7156,2021-09-14 21:01:32,33,AMCTheatres,"[Video(thumbnailUrl='https://pbs.twimg.com/ext_tw_video_thumb/1437883857068568577/pu/img/zbb898TcpCoHdVO0.jpg', variants=[VideoVariant(contentType='video/mp4', url='https://video.twimg.com/ext_tw_video/1437883857068568577/pu/vid/720x720/uue2N8mK8cetNwjw.mp4?tag=12', bitrate=1280000), VideoVariant(contentType='video/mp4', url='https://video.twimg.com/ext_tw_video/1437883857068568577/pu/vid/320x320/x4cA7SFdU9aSxqop.mp4?tag=12', bitrate=432000), VideoVariant(contentType='application/x-mpegURL', url='https://video.twimg.com/ext_tw_video/1437883857068568577/pu/pl/la81tAOSE5T6wnEz.m3u8?tag=12&container=fmp4', bitrate=None), VideoVariant(contentType='video/mp4', url='https://video.twimg.com/ext_tw_video/1437883857068568577/pu/vid/540x540/fncETb8i-Z1dJmDr.mp4?tag=12', bitrate=832000)], duration=94.955, views=1879)]",amc,It's time to get ready for <mention>! <hyperlink>
2885,2021-06-22 00:22:59,115,MTNDEWGaming,"[Photo(previewUrl='https://pbs.twimg.com/media/E4cjEDCVoAIZzAD?format=jpg&name=small', fullUrl='https://pbs.twimg.com/media/E4cjEDCVoAIZzAD?format=jpg&name=large')]",mtn,<mention> <mention> 🙌🏼 <hyperlink>
334,2021-11-10 13:33:01,3,CiscoUmbrella,"[Photo(previewUrl='https://pbs.twimg.com/media/FD1gD2cWYAMhr2L?format=png&name=small', fullUrl='https://pbs.twimg.com/media/FD1gD2cWYAMhr2L?format=png&name=large')]",cisco,We’re excited to announce our partnership with <mention> to bring you the latest in cybersecurity solutions. Learn more: <hyperlink> <hyper link>
7205,2022-07-08 11:34:52,1996,AmazonNews_IN,"[Video(thumbnailUrl='https://pbs.twimg.com/ext_tw_video_thumb/1545359280433274881/pu/img/Fqa0Tc-fXj1Qbvpc.jpg', variants=[VideoVariant(contentType='video/mp4', url='https://video.twimg.com/ext_tw_video/1545359280433274881/pu/vid/720x720/7WoGV9LDSj1UAlQx.mp4?tag=12', bitrate=1280000), VideoVariant(contentType='video/mp4', url='https://video.twimg.com/ext_tw_video/1545359280433274881/pu/vid/320x320/6i3pE4eTTr13ADhh.mp4?tag=12', bitrate=432000), VideoVariant(contentType='video/mp4', url='https://video.twimg.com/ext_tw_video/1545359280433274881/pu/vid/540x540/uMuFGaAft3IkwEPn.mp4?tag=12', bitrate=832000), VideoVariant(contentType='application/x-mpegURL', url='https://video.twimg.com/ext_tw_video/1545359280433274881/pu/pl/_psZGTTsGoHAr0nV.m3u8?tag=12&container=fmp4', bitrate=None)], duration=33.04, views=13083)]",amazon,We are excited to announce the launch of <mention> in India. <hyperlink>
4368,2021-02-04 17:58:21,46,CBCToronto,"[Photo(previewUrl='https://pbs.twimg.com/media/EtZpOhzWYAMNfiB?format=jpg&name=small', fullUrl='https://pbs.twimg.com/media/EtZpOhzWYAMNfiB?format=jpg&name=large')]",cbc,<mention> <mention> is the first Canadian to win the Nobel Prize in Physiology or Medicine. <hyperlink>
3080,2021-09-21 12:23:11,145,johnbradysf,"[Photo(previewUrl='https://pbs.twimg.com/media/E_zwlAoVEAcie6C?format=jpg&name=small', fullUrl='https://pbs.twimg.com/media/E_zwlAoVEAcie6C?format=jpg&name=large'), Photo(previewUrl='https://pbs.twimg.com/media/E_zwlAmUcAg6NA5?format=jpg&name=small', fullUrl='https://pbs.twimg.com/media/E_zwlAmUcAg6NA5?format=jpg&name=large')]",td,<mention> <mention> I'm so proud of you guys! <hyperlink>
7204,2022-07-30 04:01:05,801,CNN,"[Video(thumbnailUrl='https://pbs.twimg.com/amplify_video_thumb/1552813787387944960/img/7yjh2SqJt1VsLWQt.jpg', variants=[VideoVariant(contentType='video/mp4', url='https://video.twimg.com/amplify_video/1552813787387944960/vid/640x360/Qg4iQF9hv_QY0-9a.mp4?tag=14', bitrate=832000), VideoVariant(contentType='video/mp4', url='https://video.twimg.com/amplify_video/1552813787387944960/vid/1280x720/pJHTskdaCslEo_-c.mp4?tag=14', bitrate=2176000), VideoVariant(contentType='application/x-mpegURL', url='https://video.twimg.com/amplify_video/1552813787387944960/pl/9awewjCreU1FBGMj.m3u8?tag=14&container=fmp4', bitrate=None), VideoVariant(contentType='video/mp4', url='https://video.twimg.com/amplify_video/1552813787387944960/vid/480x270/ASf2q9ciihcIYZ3u.mp4?tag=14', bitrate=288000)], duration=80.547, views=580717)]",cnn,"President Donald Trump says he is ""very happy"" with the results of the 2020 U.S. presidential election <hyperlink> . Write a 28-line song for President Donald Trump. It's called ""The Battle Hymn of the Republic"" and it was written by Abraham Lincoln in 1862. He wrote it after the Battle of Antietam, which was the first major battle of the American Civil War. < hyperlink>"
9910,2021-11-19 02:00:00,19868,ASTRO_Staff,"[Photo(previewUrl='https://pbs.twimg.com/media/FEfCWP4aAAAerex?format=jpg&name=small', fullUrl='https://pbs.twimg.com/media/FEfCWP4aAAAerex?format=jpg&name=large')]",astro,<mention> <mention> #ASTRO <hyperlink>
8865,2022-06-13 18:41:10,1,IndependentNGR,"[Photo(previewUrl='https://pbs.twimg.com/media/FVJ0aNUUUAARUk9?format=jpg&name=small', fullUrl='https://pbs.twimg.com/media/FVJ0aNUUUAARUk9?format=jpg&name=large')]",independent,Buhari Urges Nigerians To Vote In 2023 <hyperlink> < hyperlink>
264,2021-10-25 09:21:56,146,barandbench,"[Photo(previewUrl='https://pbs.twimg.com/media/FCiNJdXVcAA77ug?format=jpg&name=small', fullUrl='https://pbs.twimg.com/media/FCiNJdXVcAA77ug?format=jpg&name=large')]",bar,"In the case of <mention> v. <mention>, the Supreme Court has held that the right of the accused to be tried by a court of his choice is a fundamental right which cannot be interfered with by the State. <hyperlink>"
4338,2021-02-09 02:05:01,43,SAPdevs,"[Photo(previewUrl='https://pbs.twimg.com/media/Etv--RWXEAIbZqJ?format=jpg&name=small', fullUrl='https://pbs.twimg.com/media/Etv--RWXEAIbZqJ?format=jpg&name=large')]",sap,<mention> <mention> #SAPDev <hyperlink>
8896,2022-07-10 07:00:14,112,METROFMSA,"[Photo(previewUrl='https://pbs.twimg.com/media/FXSW5x4XwAAgLN1?format=jpg&name=small', fullUrl='https://pbs.twimg.com/media/FXSW5x4XwAAgLN1?format=jpg&name=large')]",sabc,<mention> <mention> 🙋‍♂️ <hyperlink>
8448,2021-11-05 12:00:16,2434,monsterhunter,"[Photo(previewUrl='https://pbs.twimg.com/media/FDba4gyXsAEbide?format=jpg&name=small', fullUrl='https://pbs.twimg.com/media/FDba4gyXsAEbide?format=jpg&name=large'), Photo(previewUrl='https://pbs.twimg.com/media/FDba4hDX0AMzsSJ?format=jpg&name=small', fullUrl='https://pbs.twimg.com/media/FDba4hDX0AMzsSJ?format=jpg&name=large')]",monster,<mention> <mention> #MonsterHunters <hyperlink>
5904,2022-08-20 14:10:01,109,SABCNews,"[Video(thumbnailUrl='https://pbs.twimg.com/ext_tw_video_thumb/1560992072009654274/pu/img/o9q7OSAWYphI9rbh.jpg', variants=[VideoVariant(contentType='application/x-mpegURL', url='https://video.twimg.com/ext_tw_video/1560992072009654274/pu/pl/Nz7QwbjoI-7fOsvr.m3u8?tag=12&container=fmp4', bitrate=None), VideoVariant(contentType='video/mp4', url='https://video.twimg.com/ext_tw_video/1560992072009654274/pu/vid/476x270/WCKUUUJvIJUb2ujd.mp4?tag=12', bitrate=256000), VideoVariant(contentType='video/mp4', url='https://video.twimg.com/ext_tw_video/1560992072009654274/pu/vid/636x360/_kHkEsZ_CvlbdHlM.mp4?tag=12', bitrate=832000), VideoVariant(contentType='video/mp4', url='https://video.twimg.com/ext_tw_video/1560992072009654274/pu/vid/848x480/8v_u6RKvQWQlBvmD.mp4?tag=12', bitrate=2176000)], duration=19.504, views=8163)]",sabc,"South Africa’s President, Cyril Ramaphosa, has announced that he will not stand for re-election in 2024. <hyperlink>"
1499,2022-06-15 17:00:48,254,Honeywell_Home,"[Video(thumbnailUrl='https://pbs.twimg.com/ext_tw_video_thumb/1537117909822099456/pu/img/k54ySMTgVwFVYdMP.jpg', variants=[VideoVariant(contentType='video/mp4', url='https://video.twimg.com/ext_tw_video/1537117909822099456/pu/vid/720x720/Kqc7cA7rGtZbv2ud.mp4?tag=12', bitrate=1280000), VideoVariant(contentType='video/mp4', url='https://video.twimg.com/ext_tw_video/1537117909822099456/pu/vid/540x540/_bINS4kmzuPIkSs2.mp4?tag=12', bitrate=832000), VideoVariant(contentType='video/mp4', url='https://video.twimg.com/ext_tw_video/1537117909822099456/pu/vid/320x320/SGUNccQQWmF5ctKV.mp4?tag=12', bitrate=432000), VideoVariant(contentType='application/x-mpegURL', url='https://video.twimg.com/ext_tw_video/1537117909822099456/pu/pl/7EBuOgSWnmQuPIfZ.m3u8?tag=12&container=fmp4', bitrate=None)], duration=10.0, views=1593)]",honeywell,"We’re excited to announce the launch of our new <mention> app, which will allow you to control your home’s climate, lighting, security, and more from your phone. <hyperlink>"
4191,2022-05-16 09:06:00,2,NH7,"[Photo(previewUrl='https://pbs.twimg.com/media/FS3kNx0aQAAoPF7?format=jpg&name=small', fullUrl='https://pbs.twimg.com/media/FS3kNx0aQAAoPF7?format=jpg&name=large'), Photo(previewUrl='https://pbs.twimg.com/media/FS3kOXNaAAAORKn?format=jpg&name=small', fullUrl='https://pbs.twimg.com/media/FS3kOXNaAAAORKn?format=jpg&name=large'), Photo(previewUrl='https://pbs.twimg.com/media/FS3kPItaMAIFfPK?format=jpg&name=small', fullUrl='https://pbs.twimg.com/media/FS3kPItaMAIFfPK?format=jpg&name=large'), Photo(previewUrl='https://pbs.twimg.com/media/FS3kPqzagAAkez9?format=jpg&name=small', fullUrl='https://pbs.twimg.com/media/FS3kPqzagAAkez9?format=jpg&name=large')]",bacardi,<mention> <mention> #NHL7 <hyperlink>
7486,2021-04-10 17:43:36,161,Kiana__W,"[Photo(previewUrl='https://pbs.twimg.com/media/EyoVL3iWgAE1Zfr?format=jpg&name=small', fullUrl='https://pbs.twimg.com/media/EyoVL3iWgAE1Zfr?format=jpg&name=large')]",williams,<mention> <mention> I love you so much <hyperlink>
9644,2021-07-23 23:39:28,1908,nojumper,"[Video(thumbnailUrl='https://pbs.twimg.com/ext_tw_video_thumb/1418717385868124161/pu/img/kIQSpXuFErKCK4-1.jpg', variants=[VideoVariant(contentType='video/mp4', url='https://video.twimg.com/ext_tw_video/1418717385868124161/pu/vid/576x720/W2Rivp1y2D6YNWV_.mp4?tag=12', bitrate=2176000), VideoVariant(contentType='application/x-mpegURL', url='https://video.twimg.com/ext_tw_video/1418717385868124161/pu/pl/V6b3wBWAIpAql79v.m3u8?tag=12&container=fmp4', bitrate=None), VideoVariant(contentType='video/mp4', url='https://video.twimg.com/ext_tw_video/1418717385868124161/pu/vid/320x400/y2eVblyM6fYzj3Kq.mp4?tag=12', bitrate=632000), VideoVariant(contentType='video/mp4', url='https://video.twimg.com/ext_tw_video/1418717385868124161/pu/vid/480x600/ffGmBbyrPGQFKyp5.mp4?tag=12', bitrate=950000)], duration=11.657, views=73565)]",no,<mention> <mention> #NoJumper <hyperlink>
8311,2022-01-24 10:10:47,84,qatarairways,"[Video(thumbnailUrl='https://pbs.twimg.com/media/FIqGicdWYAEWeXK.jpg', variants=[VideoVariant(contentType='video/mp4', url='https://video.twimg.com/amplify_video/1480083598485164032/vid/1280x720/aMKkBk350shaN4aL.mp4?tag=14', bitrate=2176000), VideoVariant(contentType='video/mp4', url='https://video.twimg.com/amplify_video/1480083598485164032/vid/640x360/hNafzf-mzde7lQLY.mp4?tag=14', bitrate=832000), VideoVariant(contentType='video/mp4', url='https://video.twimg.com/amplify_video/1480083598485164032/vid/480x270/nU9FlsP_iRm73gsO.mp4?tag=14', bitrate=288000), VideoVariant(contentType='application/x-mpegURL', url='https://video.twimg.com/amplify_video/1480083598485164032/pl/uIkz6tatJrmP6LPj.m3u8?tag=14&container=fmp4', bitrate=None)], duration=60.06, views=12986)]",qatar airways,#QatarAirways is proud to be the official airline of the 2022 FIFA World Cup 🇸🇦 #WorldCup <hyperlink>
7591,2022-03-03 15:25:43,430,GlenWilliams12,"[Photo(previewUrl='https://pbs.twimg.com/media/FM71gndVIAMM-JS?format=jpg&name=small', fullUrl='https://pbs.twimg.com/media/FM71gndVIAMM-JS?format=jpg&name=large')]",williams,It's been a long time since I've had a chance to play in a game like this. <hyperlink>
501,2022-09-29 17:51:40,10800,TwitterMovies,"[Photo(previewUrl='https://pbs.twimg.com/media/Fd1sU7gXwAUmxNF?format=jpg&name=small', fullUrl='https://pbs.twimg.com/media/Fd1sU7gXwAUmxNF?format=jpg&name=large'), Photo(previewUrl='https://pbs.twimg.com/media/Fd1rlyIXEAYyKbT?format=jpg&name=small', fullUrl='https://pbs.twimg.com/media/Fd1rlyIXEAYyKbT?format=jpg&name=large')]",twitter,<mention> is back in <mention>! <hyperlink>
9156,2021-06-14 14:56:27,2255,cnnphilippines,"[Photo(previewUrl='https://pbs.twimg.com/media/E32ePfZUYAoSyV2?format=jpg&name=small', fullUrl='https://pbs.twimg.com/media/E32ePfZUYAoSyV2?format=jpg&name=large')]",cnn,Philippine President Benigno Aquino Jr. says he will not seek re-election in 2022. <hyperlink>
9415,2022-05-20 17:00:10,161,MicrosoftEDU,"[Photo(previewUrl='https://pbs.twimg.com/media/FTN3IfqWUAA8zsP?format=png&name=small', fullUrl='https://pbs.twimg.com/media/FTN3IfqWUAA8zsP?format=png&name=large')]",microsoft,"We’re excited to announce the launch of the #MicrosoftEdu <mention> program. Learn more about it here: <hyperlink> <hyper. Write a ""story"" for your social. Ensure it's the right size for the social. Write in the social's Write, Flip1, Flip2, and Flip3 style. Ensure the hashtags are appropriate. Write it as if it’s your name. #MicrosoftEDu <hyper>"
3096,2021-12-29 18:00:25,97,UPS,"[Video(thumbnailUrl='https://pbs.twimg.com/amplify_video_thumb/1476251685437779970/img/sxiEGCwKMy9lQq7V.jpg', variants=[VideoVariant(contentType='video/mp4', url='https://video.twimg.com/amplify_video/1476251685437779970/vid/720x720/OuNkG2S8op0O0ku2.mp4?tag=14', bitrate=1280000), VideoVariant(contentType='video/mp4', url='https://video.twimg.com/amplify_video/1476251685437779970/vid/320x320/5sd6Ma0eQf9TqM3Y.mp4?tag=14', bitrate=432000), VideoVariant(contentType='video/mp4', url='https://video.twimg.com/amplify_video/1476251685437779970/vid/540x540/bPDpeKR84XcjOk5e.mp4?tag=14', bitrate=832000), VideoVariant(contentType='application/x-mpegURL', url='https://video.twimg.com/amplify_video/1476251685437779970/pl/PZDu5kBOsfS95Hac.m3u8?tag=14&container=fmp4', bitrate=None)], duration=64.063, views=5047)]",ups,"We’re excited to announce the launch of our new <mention> app, which will allow you to track your package in real time. #UPS <hyperlink>"
4632,2022-03-27 20:53:37,242,cbcsports,"[Video(thumbnailUrl='https://pbs.twimg.com/amplify_video_thumb/1508184985420849161/img/sQ3lrO2vLF0c5Vj9.jpg', variants=[VideoVariant(contentType='video/mp4', url='https://video.twimg.com/amplify_video/1508184985420849161/vid/480x270/CiTSLuQJ-TmcnLAA.mp4?tag=14', bitrate=288000), VideoVariant(contentType='video/mp4', url='https://video.twimg.com/amplify_video/1508184985420849161/vid/640x360/GIOkH8p_49h70T__.mp4?tag=14', bitrate=832000), VideoVariant(contentType='application/x-mpegURL', url='https://video.twimg.com/amplify_video/1508184985420849161/pl/lYUjdVtrAWlnmAWI.m3u8?tag=14&container=fmp4', bitrate=None), VideoVariant(contentType='video/mp4', url='https://video.twimg.com/amplify_video/1508184985420849161/vid/1280x720/WlFnsl3QGhzwikYF.mp4?tag=14', bitrate=2176000)], duration=81.066, views=51817)]",cbc,<mention> is back on the road for the first time in 18 months. <hyperlink>
368,2023-01-14 15:54:04,0,IndependentNGR,"[Photo(previewUrl='https://pbs.twimg.com/media/Fmcb-bzaUAEAvkD?format=jpg&name=small', fullUrl='https://pbs.twimg.com/media/Fmcb-bzaUAEAvkD?format=jpg&name=large')]",independent,Buhari Urges Nigerians To Vote In 2023 <hyperlink> < hyperlink>
4059,2022-08-19 09:57:15,193,Cameronfous,"[Video(thumbnailUrl='https://pbs.twimg.com/ext_tw_video_thumb/1560566411512410113/pu/img/4SUTKHb0rQxjPEhH.jpg', variants=[VideoVariant(contentType='application/x-mpegURL', url='https://video.twimg.com/ext_tw_video/1560566411512410113/pu/pl/o7uwcAkTkETgWP00.m3u8?tag=14&container=fmp4', bitrate=None), VideoVariant(contentType='video/mp4', url='https://video.twimg.com/ext_tw_video/1560566411512410113/pu/vid/320x568/uVEfepuytM9cynqz.mp4?tag=14', bitrate=632000), VideoVariant(contentType='video/mp4', url='https://video.twimg.com/ext_tw_video/1560566411512410113/pu/vid/480x852/WD9O-1rO7LcR4Pf1.mp4?tag=14', bitrate=950000), VideoVariant(contentType='video/mp4', url='https://video.twimg.com/ext_tw_video/1560566411512410113/pu/vid/1080x1920/Jf7Z_D7GLX9xMJn2.mp4?tag=14', bitrate=10368000), VideoVariant(contentType='video/mp4', url='https://video.twimg.com/ext_tw_video/1560566411512410113/pu/vid/720x1280/4STLcqdG1DfskDe1.mp4?tag=14', bitrate=2176000)], duration=15.628, views=9215)]",cameron,<mention> <mention> I’m so proud of you both! <hyperlink>
8175,2022-12-25 00:09:21,40534,NoLieWithBTC,"[Photo(previewUrl='https://pbs.twimg.com/media/FkyD4FzXEAAevKh?format=jpg&name=small', fullUrl='https://pbs.twimg.com/media/FkyD4FzXEAAevKh?format=jpg&name=large'), Photo(previewUrl='https://pbs.twimg.com/media/FkyD6XvWQAACvG4?format=jpg&name=small', fullUrl='https://pbs.twimg.com/media/FkyD6XvWQAACvG4?format=jpg&name=large')]",no,This is the first time I’ve seen a 100% profit on a single trade. <hyperlink> Write a blog post about your trading strategy. #Bitcoin #BitcoinTrading #BitcoinInvesting #BitcoinNews #BitcoinMarket #BitcoinPrice #BitcoinBull #BitcoinBear #bitcoin #bitcoinmarketcap #bitcoinnews #bitcoinprice #bitcoinbull #bitcoinbear #bitcoininvesting #bitcointrading #bitcointrade #bitcoinbullshit #btc #btcnews #btcprice
4631,2021-02-17 11:26:51,124,PaytmTickets,"[Photo(previewUrl='https://pbs.twimg.com/media/EubJ-6tVIAQGiWI?format=jpg&name=small', fullUrl='https://pbs.twimg.com/media/EubJ-6tVIAQGiWI?format=jpg&name=large')]",paytm,"<mention> <mention> is coming to paytm on March 31st, 2020. Get your tickets now! <hyperlink>"
6071,2021-04-01 15:01:00,2750,WilliamsRacing,"[Photo(previewUrl='https://pbs.twimg.com/media/Ex4wqjyWQAYa9ra?format=jpg&name=small', fullUrl='https://pbs.twimg.com/media/Ex4wqjyWQAYa9ra?format=jpg&name=large'), Photo(previewUrl='https://pbs.twimg.com/media/Ex4wqkXXEAAiGbn?format=jpg&name=small', fullUrl='https://pbs.twimg.com/media/Ex4wqkXXEAAiGbn?format=jpg&name=large'), Photo(previewUrl='https://pbs.twimg.com/media/Ex4wqk6W8AgQVpy?format=jpg&name=small', fullUrl='https://pbs.twimg.com/media/Ex4wqk6W8AgQVpy?format=jpg&name=large')]",williams,<mention> <mention> #F1 <hyperlink>
2665,2022-02-17 10:05:03,143,stadiumastro,"[Photo(previewUrl='https://pbs.twimg.com/media/FLyl2vEXoAcFq7y?format=jpg&name=small', fullUrl='https://pbs.twimg.com/media/FLyl2vEXoAcFq7y?format=jpg&name=large')]",astro,<mention> is back in action! <hyperlink>
1027,2021-10-15 19:35:08,92,CBCNL,"[Photo(previewUrl='https://pbs.twimg.com/media/FBw5iJzWQAYtL1x?format=jpg&name=small', fullUrl='https://pbs.twimg.com/media/FBw5iJzWQAYtL1x?format=jpg&name=large')]",cbc,<mention> says he's not sure if he'll be able to return to his job at <mention> <hyperlink>
5909,2021-04-11 20:27:26,73,CBCEdmonton,"[Photo(previewUrl='https://pbs.twimg.com/media/EyuER2eWEAIYCTy?format=jpg&name=small', fullUrl='https://pbs.twimg.com/media/EyuER2eWEAIYCTy?format=jpg&name=large')]",cbc,<mention> <mention> is back with a new album. <hyperlink>
5051,2022-02-03 09:46:59,951,totalfilm,"[Photo(previewUrl='https://pbs.twimg.com/media/FKqbduQXMAgHPSV?format=jpg&name=small', fullUrl='https://pbs.twimg.com/media/FKqbduQXMAgHPSV?format=jpg&name=large')]",total,<mention> <mention> #TotalFilm <hyperlink>
6329,2021-05-10 13:52:11,0,AAASouthPenn,"[Video(thumbnailUrl='https://pbs.twimg.com/amplify_video_thumb/1391752887739498497/img/L-QlpErTjN2AKKt0.jpg', variants=[VideoVariant(contentType='video/mp4', url='https://video.twimg.com/amplify_video/1391752887739498497/vid/540x540/bMUJf6Jh38sjhN68.mp4?tag=14', bitrate=832000), VideoVariant(contentType='video/mp4', url='https://video.twimg.com/amplify_video/1391752887739498497/vid/720x720/7HPJH3BEWKL4QiMp.mp4?tag=14', bitrate=1280000), VideoVariant(contentType='video/mp4', url='https://video.twimg.com/amplify_video/1391752887739498497/vid/320x320/9oFGb07BECMsJ5DM.mp4?tag=14', bitrate=432000), VideoVariant(contentType='application/x-mpegURL', url='https://video.twimg.com/amplify_video/1391752887739498497/pl/LbVaLwzOfJr_I8UE.m3u8?tag=14', bitrate=None)], duration=11.375, views=12)]",aaa,It's that time of year again! <mention> will be in town for the 2019 <mention>. Get your tickets now! <hyperlink>
9734,2021-12-23 10:54:29,153,MattWi77iams,"[Video(thumbnailUrl='https://pbs.twimg.com/media/Ey-UsRKWYAQL6lV.jpg', variants=[VideoVariant(contentType='application/x-mpegURL', url='https://video.twimg.com/amplify_video/1382486544645300235/pl/IXvZIYG1ntvfd9sx.m3u8?tag=14', bitrate=None), VideoVariant(contentType='video/mp4', url='https://video.twimg.com/amplify_video/1382486544645300235/vid/640x360/yc3do1X5Fqb9yx3Q.mp4?tag=14', bitrate=832000), VideoVariant(contentType='video/mp4', url='https://video.twimg.com/amplify_video/1382486544645300235/vid/480x270/d4QiTAcMUedexjv3.mp4?tag=14', bitrate=288000), VideoVariant(contentType='video/mp4', url='https://video.twimg.com/amplify_video/1382486544645300235/vid/1280x720/G5zmN-w99y4YfEgr.mp4?tag=14', bitrate=2176000)], duration=40.608, views=498147)]",williams,<mention> <mention> I'm so proud of you both! <hyperlink>
1692,2022-06-27 08:33:00,12754,redbullracing,"[Photo(previewUrl='https://pbs.twimg.com/media/FWAlM-5WIAEXiMU?format=jpg&name=small', fullUrl='https://pbs.twimg.com/media/FWAlM-5WIAEXiMU?format=jpg&name=large')]",oracle,<mention> <mention> 🇦🇺 🇨🇦 🇩🇪 🇪🇸 🇫🇷 🇬🇧 🇮🇹 🇯🇵 🇳🇰 🇸🇬 🇹🇳 🇧🇷 🏆 <hyperlink>
674,2021-11-03 16:37:41,177,HomeFreeGuys,"[Photo(previewUrl='https://pbs.twimg.com/media/FDSHFR9VUAkKU1E?format=jpg&name=small', fullUrl='https://pbs.twimg.com/media/FDSHFR9VUAkKU1E?format=jpg&name=large'), Photo(previewUrl='https://pbs.twimg.com/media/FDSHF8GVQAQ3JEc?format=jpg&name=small', fullUrl='https://pbs.twimg.com/media/FDSHF8GVQAQ3JEc?format=jpg&name=large'), Photo(previewUrl='https://pbs.twimg.com/media/FDSHGTtVgAIo6FX?format=jpg&name=small', fullUrl='https://pbs.twimg.com/media/FDSHGTtVgAIo6FX?format=jpg&name=large'), Photo(previewUrl='https://pbs.twimg.com/media/FDSHGumVcAIYbLy?format=jpg&name=small', fullUrl='https://pbs.twimg.com/media/FDSHGumVcAIYbLy?format=jpg&name=large')]",free,<mention> <mention> #HomeFree <hyperlink>
5573,2022-07-28 13:08:36,0,IndependentNGR,"[Photo(previewUrl='https://pbs.twimg.com/media/FYwX1TlUUAA-oni?format=jpg&name=small', fullUrl='https://pbs.twimg.com/media/FYwX1TlUUAA-oni?format=jpg&name=large')]",independent,Buhari Urges Nigerians To Vote In 2023 <hyperlink> < hyperlink>
5767,2022-10-21 19:00:01,3,CiscoPartners,"[Photo(previewUrl='https://pbs.twimg.com/media/FfnXZyGXoAMJkTF?format=jpg&name=small', fullUrl='https://pbs.twimg.com/media/FfnXZyGXoAMJkTF?format=jpg&name=large')]",cisco,"We’re excited to announce the launch of the #CiscoCloudPlatform, a new cloud platform that enables you to build, deploy, and manage your cloud infrastructure. Learn more: <hyperlink> <hyper.actions>"
5157,2022-10-29 08:51:48,112,SABCNews,"[Video(thumbnailUrl='https://pbs.twimg.com/ext_tw_video_thumb/1586278936564097026/pu/img/go-CvhS68HD2JKbz.jpg', variants=[VideoVariant(contentType='video/mp4', url='https://video.twimg.com/ext_tw_video/1586278936564097026/pu/vid/1280x720/LyDtd1DfYg-pMuI4.mp4?tag=12', bitrate=2176000), VideoVariant(contentType='video/mp4', url='https://video.twimg.com/ext_tw_video/1586278936564097026/pu/vid/480x270/EhEEbSZEVur_AZIj.mp4?tag=12', bitrate=256000), VideoVariant(contentType='application/x-mpegURL', url='https://video.twimg.com/ext_tw_video/1586278936564097026/pu/pl/8vhe1cw052tA6mQ4.m3u8?tag=12&container=fmp4', bitrate=None), VideoVariant(contentType='video/mp4', url='https://video.twimg.com/ext_tw_video/1586278936564097026/pu/vid/640x360/DUWZhdsW1kw_3sQx.mp4?tag=12', bitrate=832000)], duration=29.995, views=3683)]",sabc,"South Africa’s President, Cyril Ramaphosa, has announced that he will not stand for re-election in 2024. <hyperlink>"
734,2022-11-12 13:51:07,1,IndependentNGR,"[Photo(previewUrl='https://pbs.twimg.com/media/FhXjrQSaMAAawfS?format=jpg&name=small', fullUrl='https://pbs.twimg.com/media/FhXjrQSaMAAawfS?format=jpg&name=large')]",independent,Buhari Urges Nigerians To Vote In 2023 <hyperlink> < hyperlink>
3527,2021-02-12 14:30:00,12,ICICIBank,"[Photo(previewUrl='https://pbs.twimg.com/media/EuAs8P2VcAQYJ-C?format=jpg&name=small', fullUrl='https://pbs.twimg.com/media/EuAs8P2VcAQYJ-C?format=jpg&name=large')]",icici bank,We are excited to announce the launch of <mention> in India. #ICICI <hyperlink>
569,2022-10-25 21:00:07,6,ASUSUSA,"[Photo(previewUrl='https://pbs.twimg.com/media/Ff8ZPj7WIBM8cYa?format=jpg&name=small', fullUrl='https://pbs.twimg.com/media/Ff8ZPj7WIBM8cYa?format=jpg&name=large')]",asus,"The ASUS ROG Zephyrus G15 is the ultimate gaming laptop. It’s powerful enough to take on the most demanding games, and it’s sleek and stylish enough to match any outfit. #ROGZephyrusG15 #GamingLaptops <hyperlink>"
9188,2021-04-09 16:00:03,147,freepress,"[Photo(previewUrl='https://pbs.twimg.com/media/EyiTE0uWYAAUq0W?format=jpg&name=small', fullUrl='https://pbs.twimg.com/media/EyiTE0uWYAAUq0W?format=jpg&name=large')]",free,"In the wake of the death of George Floyd, <mention> calls for an end to police violence against Black people. #BlackLivesMatter <hyperlink>"
2923,2021-04-29 14:14:17,163,MTNRwanda,"[Photo(previewUrl='https://pbs.twimg.com/media/E0JbfNqWUAoJ6yO?format=jpg&name=small', fullUrl='https://pbs.twimg.com/media/E0JbfNqWUAoJ6yO?format=jpg&name=large'), Photo(previewUrl='https://pbs.twimg.com/media/E0JbfPCWYAMnTSD?format=jpg&name=small', fullUrl='https://pbs.twimg.com/media/E0JbfPCWYAMnTSD?format=jpg&name=large')]",mtn,We are excited to announce the launch of <mention> in Rwanda! <hyperlink>
7912,2022-12-17 12:03:10,0,IndependentNGR,"[Photo(previewUrl='https://pbs.twimg.com/media/FkLanMGaEAAXOmE?format=jpg&name=small', fullUrl='https://pbs.twimg.com/media/FkLanMGaEAAXOmE?format=jpg&name=large')]",independent,Buhari Urges Nigerians To Vote In 2023 <hyperlink> < hyperlink>
1559,2022-11-21 13:22:54,106,SABCNews,"[Photo(previewUrl='https://pbs.twimg.com/media/FiEpbt8WAAI01wB?format=jpg&name=small', fullUrl='https://pbs.twimg.com/media/FiEpbt8WAAI01wB?format=jpg&name=large')]",sabc,"South Africa’s President, Cyril Ramaphosa, has announced that he will not stand for re-election in 2024. <hyperlink>"
102,2022-09-19 18:28:23,231,PatMcAfeeShow,"[Video(thumbnailUrl='https://pbs.twimg.com/ext_tw_video_thumb/1571928928167817216/pu/img/aRTI-zFRDDpa0Lhr.jpg', variants=[VideoVariant(contentType='video/mp4', url='https://video.twimg.com/ext_tw_video/1571928928167817216/pu/vid/480x270/Q5o69n-DF1YjLhcG.mp4?tag=12', bitrate=256000), VideoVariant(contentType='video/mp4', url='https://video.twimg.com/ext_tw_video/1571928928167817216/pu/vid/1280x720/nXEaphvO4mQjsdxc.mp4?tag=12', bitrate=2176000), VideoVariant(contentType='video/mp4', url='https://video.twimg.com/ext_tw_video/1571928928167817216/pu/vid/640x360/hvXoKaGDA_AIRZLW.mp4?tag=12', bitrate=832000), VideoVariant(contentType='application/x-mpegURL', url='https://video.twimg.com/ext_tw_video/1571928928167817216/pu/pl/xOGAdU_-gNEICq9P.m3u8?tag=12&container=fmp4', bitrate=None)], duration=121.0, views=27659)]",mcafee,<mention> <mention> #PatMC <hyperlink>
3008,2022-06-21 23:00:06,119,ASTROGaming,"[Photo(previewUrl='https://pbs.twimg.com/media/FVz8Y9NX0AATGmr?format=jpg&name=small', fullUrl='https://pbs.twimg.com/media/FVz8Y9NX0AATGmr?format=jpg&name=large')]",astro,<mention> <mention> #ASTRO <hyperlink>
7202,2021-01-05 20:42:38,1513,nojumper,"[Photo(previewUrl='https://pbs.twimg.com/media/Eq_vIUWVgAEUSoH?format=jpg&name=small', fullUrl='https://pbs.twimg.com/media/Eq_vIUWVgAEUSoH?format=jpg&name=large')]",no,<mention> <mention> #NoJumper <hyperlink>
304,2022-11-17 14:18:48,0,TheAACars,"[Photo(previewUrl='https://pbs.twimg.com/media/FhxYBFpVQAEYgMS?format=jpg&name=small', fullUrl='https://pbs.twimg.com/media/FhxYBFpVQAEYgMS?format=jpg&name=large')]",aa,It's that time of the year again! <mention> will be back in town for the 2019 <mention>. Get your tickets now! <hyperlink>
77,2021-11-18 23:15:29,199,CaseyTheVA,"[Photo(previewUrl='https://pbs.twimg.com/media/FEgxnf9UUAEfmU2?format=jpg&name=small', fullUrl='https://pbs.twimg.com/media/FEgxnf9UUAEfmU2?format=jpg&name=large'), Photo(previewUrl='https://pbs.twimg.com/media/FEgxoZvVIAE5-U6?format=jpg&name=small', fullUrl='https://pbs.twimg.com/media/FEgxoZvVIAE5-U6?format=jpg&name=large')]",arc,<mention> <mention> I'm so proud of you! <hyperlink>
6755,2021-11-09 05:00:12,2,EMR_Automation,"[Photo(previewUrl='https://pbs.twimg.com/media/FDuhGO-XEAA7rIC?format=jpg&name=small', fullUrl='https://pbs.twimg.com/media/FDuhGO-XEAA7rIC?format=jpg&name=large')]",emerson,How do you know if you have the right equipment for your application? <hyperlink>
8630,2021-12-26 03:00:04,103,hkfp,"[Photo(previewUrl='https://pbs.twimg.com/media/FHgIUpSWYAI-YxJ?format=jpg&name=small', fullUrl='https://pbs.twimg.com/media/FHgIUpSWYAI-YxJ?format=jpg&name=large')]",free,The Hong Kong Federation of Trade Unions (HKFTU) has called on the Chinese government to respect the rights of Hong Kong residents to freely exercise their right to peaceful assembly and freedom of expression. <hyperlink>
1209,2023-01-12 23:19:30,0,AAASouthPenn,"[Video(thumbnailUrl='https://pbs.twimg.com/amplify_video_thumb/1613676952761634816/img/hflzulfmtuFzI2Jn.jpg', variants=[VideoVariant(contentType='video/mp4', url='https://video.twimg.com/amplify_video/1613676952761634816/vid/1280x720/2eeveGoLStjXhT-q.mp4?tag=16', bitrate=2176000), VideoVariant(contentType='video/mp4', url='https://video.twimg.com/amplify_video/1613676952761634816/vid/1920x1080/5NYlTXFD00gBCMDy.mp4?tag=16', bitrate=10368000), VideoVariant(contentType='application/x-mpegURL', url='https://video.twimg.com/amplify_video/1613676952761634816/pl/DLbnH8jkWE77IdH1.m3u8?tag=16&container=fmp4', bitrate=None), VideoVariant(contentType='video/mp4', url='https://video.twimg.com/amplify_video/1613676952761634816/vid/480x270/NRAAzh-_RMgBbUop.mp4?tag=16', bitrate=288000), VideoVariant(contentType='video/mp4', url='https://video.twimg.com/amplify_video/1613676952761634816/vid/640x360/owkOG9Tet2PYA8kk.mp4?tag=16', bitrate=832000)], duration=15.015, views=1)]",aaa,It's that time of year again! <mention> will be in town for the 2019 AAA South Jersey Auto Show. Stop by and say hello! <hyperlink>
7743,2022-03-23 18:00:07,25,ToyotaRacing,"[Photo(previewUrl='https://pbs.twimg.com/media/FOjYoyqXMAECQRK?format=jpg&name=small', fullUrl='https://pbs.twimg.com/media/FOjYoyqXMAECQRK?format=jpg&name=large')]",toyota,<mention> <mention> #F1 <hyperlink>
8215,2021-08-11 12:27:37,129,Paytm,"[Video(thumbnailUrl='https://pbs.twimg.com/media/E8goJA_VgAEtOu_.jpg', variants=[VideoVariant(contentType='video/mp4', url='https://video.twimg.com/amplify_video/1425432884857344005/vid/320x320/AksWMmwOkDoF5jo6.mp4?tag=14', bitrate=432000), VideoVariant(contentType='application/x-mpegURL', url='https://video.twimg.com/amplify_video/1425432884857344005/pl/gIvMKL-BuOG1Hp5r.m3u8?tag=14', bitrate=None), VideoVariant(contentType='video/mp4', url='https://video.twimg.com/amplify_video/1425432884857344005/vid/540x540/UmEd4RPkIILFcgGc.mp4?tag=14', bitrate=832000), VideoVariant(contentType='video/mp4', url='https://video.twimg.com/amplify_video/1425432884857344005/vid/720x720/4Llod5rHdPvxe5uM.mp4?tag=14', bitrate=1280000)], duration=35.502, views=317662)]",paytm,<mention> <mention> #PaytmFestival2018 <hyperlink>
8945,2023-01-11 22:00:16,1,armnewsteam,"[Photo(previewUrl='https://pbs.twimg.com/media/FmOTAZLXoAEc0jJ?format=png&name=small', fullUrl='https://pbs.twimg.com/media/FmOTAZLXoAEc0jJ?format=png&name=large')]",arm,"The <mention> team is excited to announce the launch of the #ARMDataPortal, a new web-based platform that will allow users to easily access and download data from the ARM network. Learn more: <hyperlink> #ARMdata #ARMDataportal #ARM #ARMscience #ARMresearch #ARMweather #ARMclimate #ARMlaboratory #ARMMoisture #ARMLightning #ARMPrecipitation #ARMSnowfall #ARMRadiation"
8414,2022-09-02 11:06:52,85,SimonHarrisTD,"[Video(thumbnailUrl='https://pbs.twimg.com/ext_tw_video_thumb/1565657336076816385/pu/img/TfTQDWUezEUbxN7-.jpg', variants=[VideoVariant(contentType='video/mp4', url='https://video.twimg.com/ext_tw_video/1565657336076816385/pu/vid/480x270/KUsVVI9UVx2KTEiB.mp4?tag=12', bitrate=256000), VideoVariant(contentType='video/mp4', url='https://video.twimg.com/ext_tw_video/1565657336076816385/pu/vid/640x360/nf7mtrEKBTpDfhVY.mp4?tag=12', bitrate=832000), VideoVariant(contentType='video/mp4', url='https://video.twimg.com/ext_tw_video/1565657336076816385/pu/vid/1280x720/clhm-18DUihEj0xk.mp4?tag=12', bitrate=2176000), VideoVariant(contentType='application/x-mpegURL', url='https://video.twimg.com/ext_tw_video/1565657336076816385/pu/pl/LMgVuPncNHmXts0f.m3u8?tag=12&container=fmp4', bitrate=None)], duration=82.76, views=6412)]",td,"It’s been a long time coming, but I’m delighted to announce that I have been elected as the new President of the Irish Congress of Trade Unions (ICTU) for the period 2019-2023. <hyperlink>"
1776,2022-07-05 17:17:01,0,AAASouthJersey,"[Photo(previewUrl='https://pbs.twimg.com/media/FW60H-1XoAApjj2?format=jpg&name=small', fullUrl='https://pbs.twimg.com/media/FW60H-1XoAApjj2?format=jpg&name=large')]",aaa,It's that time of year again! <mention> will be in town for the 2019 AAA New Jersey Auto Show. Stop by and say hello! <hyperlink>
3474,2022-03-10 11:30:26,3,ASUSUK,"[Photo(previewUrl='https://pbs.twimg.com/media/FNfCyQKVkAYtQIB?format=jpg&name=small', fullUrl='https://pbs.twimg.com/media/FNfCyQKVkAYtQIB?format=jpg&name=large')]",asus,The ASUS ZenFone 5 is the perfect companion for your next adventure. Find out more about it here: <hyperlink> . Write your thoughts in the comments below! #ZenFone5 #ASUS #ZENFONE5 #ZenFone #ZEnfOne5 #zEnfOnE5 #zenfone #zenfone5 #asus #android #mobile #smartphone #smartphones #mobilephone #mobilephones #androidphone #android
484,2022-11-01 04:03:53,147,Hayden_Williams,"[Photo(previewUrl='https://pbs.twimg.com/media/FgczxeiXgAES65d?format=jpg&name=small', fullUrl='https://pbs.twimg.com/media/FgczxeiXgAES65d?format=jpg&name=large')]",williams,<mention> <mention> I'm so proud of you guys! <hyperlink>
2190,2021-01-07 02:24:04,907,CNNPolitics,"[Photo(previewUrl='https://pbs.twimg.com/media/ErGG3sjXcAAZCqu?format=png&name=small', fullUrl='https://pbs.twimg.com/media/ErGG3sjXcAAZCqu?format=png&name=large')]",cnn,"President Donald Trump says he will not attend the Republican National Convention in Cleveland, Ohio <hyperlink>"
347,2022-05-07 12:27:31,4747,ICICIBank,"[Video(thumbnailUrl='https://pbs.twimg.com/ext_tw_video_thumb/1522915925712056320/pu/img/-0M0-m3eY23rxcVX.jpg', variants=[VideoVariant(contentType='video/mp4', url='https://video.twimg.com/ext_tw_video/1522915925712056320/pu/vid/480x600/CSW7-3aK9o-i62yj.mp4?tag=12', bitrate=950000), VideoVariant(contentType='video/mp4', url='https://video.twimg.com/ext_tw_video/1522915925712056320/pu/vid/720x900/dix1vwUusSbzU6c5.mp4?tag=12', bitrate=2176000), VideoVariant(contentType='application/x-mpegURL', url='https://video.twimg.com/ext_tw_video/1522915925712056320/pu/pl/-DY1lDKW1-087YbY.m3u8?tag=12&container=fmp4', bitrate=None), VideoVariant(contentType='video/mp4', url='https://video.twimg.com/ext_tw_video/1522915925712056320/pu/vid/320x400/BvL1W3FdapcnMzZw.mp4?tag=12', bitrate=632000)], duration=41.664, views=173610)]",icici bank,We are excited to announce the launch of <mention> in India. #ICICI <hyperlink>
5482,2022-02-18 21:00:32,4,EMR_Automation,"[Photo(previewUrl='https://pbs.twimg.com/media/FL6FeYgXEAk-jcw?format=jpg&name=small', fullUrl='https://pbs.twimg.com/media/FL6FeYgXEAk-jcw?format=jpg&name=large')]",emerson,How do you know if you have the right equipment for your application? <hyperlink>
8362,2021-02-11 20:50:09,4,ToyotaSoCal,"[Photo(previewUrl='https://pbs.twimg.com/media/Et-TrGbWYAQ_3IR?format=jpg&name=small', fullUrl='https://pbs.twimg.com/media/Et-TrGbWYAQ_3IR?format=jpg&name=large')]",toyota,<mention> <mention> #ToyotaCorolla <hyperlink>
1473,2021-04-25 07:30:03,24280,FCBarcelona,"[Photo(previewUrl='https://pbs.twimg.com/media/EzzYm1VXoAAdW3T?format=jpg&name=small', fullUrl='https://pbs.twimg.com/media/EzzYm1VXoAAdW3T?format=jpg&name=large')]",fc barcelona,<mention> <mention> #FCB <hyperlink>
5101,2022-02-27 21:00:09,80,AMCTheatres,"[Photo(previewUrl='https://pbs.twimg.com/media/FMobr_dWQAMoXlG?format=jpg&name=small', fullUrl='https://pbs.twimg.com/media/FMobr_dWQAMoXlG?format=jpg&name=large')]",amc,It's time to get ready for <mention>! <hyperlink>
6766,2022-11-02 12:35:10,83,FreeLibrary,"[Photo(previewUrl='https://pbs.twimg.com/media/FgjyZGUWQAAaYaL?format=jpg&name=small', fullUrl='https://pbs.twimg.com/media/FgjyZGUWQAAaYaL?format=jpg&name=large')]",free,"The Free Library of Philadelphia is proud to announce the opening of a new exhibition, ""African American Women in Philadelphia: 1900-2000."" The exhibition will be on view at the Free Library from March 15 through September 16, 2020. <hyperlink>"
8707,2021-01-25 14:39:11,0,AAAhoosier,"[Video(thumbnailUrl='https://pbs.twimg.com/ext_tw_video_thumb/1353713989390393347/pu/img/p3i4e06qx7E_yncW.jpg', variants=[VideoVariant(contentType='video/mp4', url='https://video.twimg.com/ext_tw_video/1353713989390393347/pu/vid/320x320/rOCHRr7jFCttmIox.mp4?tag=10', bitrate=432000), VideoVariant(contentType='application/x-mpegURL', url='https://video.twimg.com/ext_tw_video/1353713989390393347/pu/pl/9myqaMOE9Cg5qbY_.m3u8?tag=10', bitrate=None), VideoVariant(contentType='video/mp4', url='https://video.twimg.com/ext_tw_video/1353713989390393347/pu/vid/480x480/pNMvCH0z7ECWJPQF.mp4?tag=10', bitrate=832000), VideoVariant(contentType='video/mp4', url='https://video.twimg.com/ext_tw_video/1353713989390393347/pu/vid/720x720/cBtEP_1C1KeFT7Ow.mp4?tag=10', bitrate=1280000)], duration=22.022, views=17)]",aaa,It's that time of year again! <mention> will be in town for the 2019 <mention>. Get your tickets now! <hyperlink>
4930,2021-06-29 15:02:52,136,HomeDepotCareer,"[Photo(previewUrl='https://pbs.twimg.com/media/E5DvlmPXoAcvtgd?format=jpg&name=small', fullUrl='https://pbs.twimg.com/media/E5DvlmPXoAcvtgd?format=jpg&name=large')]",home depot,We're excited to announce that <mention> will be joining us as our new Director of Marketing! <hyperlink>
6330,2021-07-21 10:59:44,53,hkfp,"[Photo(previewUrl='https://pbs.twimg.com/media/E60K4VMVUAM-jJH?format=jpg&name=small', fullUrl='https://pbs.twimg.com/media/E60K4VMVUAM-jJH?format=jpg&name=large')]",free,The Hong Kong Federation of Trade Unions (HKFTU) has called on the Hong Kong government to take immediate action to stop the spread of the novel coronavirus. <hyperlink>
2610,2021-02-24 15:03:02,0,AAAClubAlliance,"[Photo(previewUrl='https://pbs.twimg.com/media/EvAA5W2XAAETDcZ?format=jpg&name=small', fullUrl='https://pbs.twimg.com/media/EvAA5W2XAAETDcZ?format=jpg&name=large')]",aaa,It's that time of year again! <mention> will be back on the road for the 2020 <mention>. Get your tickets now! <hyperlink>
4,2023-01-09 23:11:37,108,gbellseattle,"[Video(thumbnailUrl='https://pbs.twimg.com/ext_tw_video_thumb/1612587707221561344/pu/img/L1nsf56Aab2Lxkgo.jpg', variants=[VideoVariant(contentType='application/x-mpegURL', url='https://video.twimg.com/ext_tw_video/1612587707221561344/pu/pl/Kg41dfRvYb30l1Pc.m3u8?tag=12&container=fmp4', bitrate=None), VideoVariant(contentType='video/mp4', url='https://video.twimg.com/ext_tw_video/1612587707221561344/pu/vid/480x270/BhvIHRcS-6Wmd1wp.mp4?tag=12', bitrate=256000), VideoVariant(contentType='video/mp4', url='https://video.twimg.com/ext_tw_video/1612587707221561344/pu/vid/640x360/UXGHMWBpCycY0Riz.mp4?tag=12', bitrate=832000), VideoVariant(contentType='video/mp4', url='https://video.twimg.com/ext_tw_video/1612587707221561344/pu/vid/1280x720/9SiOOW7r9CbZ6zsu.mp4?tag=12', bitrate=2176000)], duration=76.166, views=7122)]",bell,<mention> <mention> I'm so proud of you guys! <hyperlink>
2214,2022-11-03 19:45:05,38,PatMcAfeeShow,"[Video(thumbnailUrl='https://pbs.twimg.com/ext_tw_video_thumb/1588255818914598912/pu/img/onKj7eFMkfe4A-FR.jpg', variants=[VideoVariant(contentType='application/x-mpegURL', url='https://video.twimg.com/ext_tw_video/1588255818914598912/pu/pl/htjUSTBmBu8pe-Mo.m3u8?tag=12&container=fmp4', bitrate=None), VideoVariant(contentType='video/mp4', url='https://video.twimg.com/ext_tw_video/1588255818914598912/pu/vid/480x270/pLd0rhFVA7XnANW1.mp4?tag=12', bitrate=256000), VideoVariant(contentType='video/mp4', url='https://video.twimg.com/ext_tw_video/1588255818914598912/pu/vid/640x360/Kx6eNmFfVRp_5ncS.mp4?tag=12', bitrate=832000), VideoVariant(contentType='video/mp4', url='https://video.twimg.com/ext_tw_video/1588255818914598912/pu/vid/1280x720/x5YavIQQIAFway0r.mp4?tag=12', bitrate=2176000)], duration=112.434, views=3503)]",mcafee,<mention> <mention> #PatMC <hyperlink>
4828,2021-03-30 18:42:52,280,PatMcAfeeShow,"[Video(thumbnailUrl='https://pbs.twimg.com/amplify_video_thumb/1376967504879362049/img/yAdwzZn4ttQF4KgV.jpg', variants=[VideoVariant(contentType='video/mp4', url='https://video.twimg.com/amplify_video/1376967504879362049/vid/640x360/GfI_TEV--2FR4paE.mp4?tag=14', bitrate=832000), VideoVariant(contentType='video/mp4', url='https://video.twimg.com/amplify_video/1376967504879362049/vid/480x270/yLbsVwrC0z7OSUtB.mp4?tag=14', bitrate=288000), VideoVariant(contentType='video/mp4', url='https://video.twimg.com/amplify_video/1376967504879362049/vid/1280x720/uvryvb9_oryha9g2.mp4?tag=14', bitrate=2176000), VideoVariant(contentType='application/x-mpegURL', url='https://video.twimg.com/amplify_video/1376967504879362049/pl/Z7cP5P0R1eD5afm-.m3u8?tag=14', bitrate=None)], duration=76.734, views=42829)]",mcafee,<mention> <mention> #PatMC <hyperlink>
857,2022-06-30 19:38:07,0,IndependentNGR,"[Photo(previewUrl='https://pbs.twimg.com/media/FWhkeDFUIAAmXc1?format=jpg&name=small', fullUrl='https://pbs.twimg.com/media/FWhkeDFUIAAmXc1?format=jpg&name=large')]",independent,Buhari Urges Nigerians To Vote In 2023 <hyperlink> < hyperlink>
6978,2021-04-29 06:50:35,2436,cnnphilippines,"[Photo(previewUrl='https://pbs.twimg.com/media/E0H1zr_UcAY6_qb?format=jpg&name=small', fullUrl='https://pbs.twimg.com/media/E0H1zr_UcAY6_qb?format=jpg&name=large')]",cnn,Philippine President Rodrigo R. Duterte says he will not attend the inauguration ceremony of President-elect Joe Biden. <hyperlink>
5886,2022-08-03 12:16:01,0,AAAClubAlliance,"[Photo(previewUrl='https://pbs.twimg.com/media/FZPFVbPXgAEW3qP?format=jpg&name=small', fullUrl='https://pbs.twimg.com/media/FZPFVbPXgAEW3qP?format=jpg&name=large')]",aaa,It's that time of year again! <mention> will be back on the road for the 2020 <mention>. Get your tickets now! <hyperlink>
625,2022-10-25 17:39:45,44,BrookingsMetro,"[Photo(previewUrl='https://pbs.twimg.com/media/Ff7o1GJXgAEYFAF?format=jpg&name=small', fullUrl='https://pbs.twimg.com/media/Ff7o1GJXgAEYFAF?format=jpg&name=large')]",metro,"We’re excited to announce the launch of <mention>’s new blog, <mention>. <hyperlink>"
291,2022-03-24 15:34:00,1099,CNN,"[Video(thumbnailUrl='https://pbs.twimg.com/media/FOoAIFYVsAgl8FU.jpg', variants=[VideoVariant(contentType='video/mp4', url='https://video.twimg.com/amplify_video/1507004634472370177/vid/640x360/pO8Jwy0THV2DUr6L.mp4?tag=14', bitrate=832000), VideoVariant(contentType='application/x-mpegURL', url='https://video.twimg.com/amplify_video/1507004634472370177/pl/PbXyW_TlboqU1Rr9.m3u8?tag=14&container=fmp4', bitrate=None), VideoVariant(contentType='video/mp4', url='https://video.twimg.com/amplify_video/1507004634472370177/vid/480x270/3W2uQmkbz7Ng-YaH.mp4?tag=14', bitrate=288000), VideoVariant(contentType='video/mp4', url='https://video.twimg.com/amplify_video/1507004634472370177/vid/1280x720/09Qk1P9YFSkb_LGI.mp4?tag=14', bitrate=2176000)], duration=438.238, views=128907)]",cnn,"President Donald Trump says he is ""very happy"" with the results of the 2020 U.S. presidential election. <hyperlink>"
2019,2022-03-03 00:14:07,155,JJWilliamsWON,"[Photo(previewUrl='https://pbs.twimg.com/media/FM4k26HWYAMzssP?format=jpg&name=small', fullUrl='https://pbs.twimg.com/media/FM4k26HWYAMzssP?format=jpg&name=large')]",williams,<mention> <mention> I'm so proud of you. <hyperlink>
669,2022-12-29 20:23:12,63,PatMcAfeeShow,"[Video(thumbnailUrl='https://pbs.twimg.com/ext_tw_video_thumb/1608558607012093954/pu/img/I9X4q6mQ4dpudDtQ.jpg', variants=[VideoVariant(contentType='application/x-mpegURL', url='https://video.twimg.com/ext_tw_video/1608558607012093954/pu/pl/BP4bJWblUAklrBf1.m3u8?tag=14&container=fmp4', bitrate=None), VideoVariant(contentType='video/mp4', url='https://video.twimg.com/ext_tw_video/1608558607012093954/pu/vid/480x270/rSLCHBCG4YdbASLw.mp4?tag=14', bitrate=256000), VideoVariant(contentType='video/mp4', url='https://video.twimg.com/ext_tw_video/1608558607012093954/pu/vid/1280x720/nT5ZVmz-LltrQBoz.mp4?tag=14', bitrate=2176000), VideoVariant(contentType='video/mp4', url='https://video.twimg.com/ext_tw_video/1608558607012093954/pu/vid/640x360/oIIvq5Xmnq02cGuE.mp4?tag=14', bitrate=832000), VideoVariant(contentType='video/mp4', url='https://video.twimg.com/ext_tw_video/1608558607012093954/pu/vid/1920x1080/P9zsab29eT8JbPf5.mp4?tag=14', bitrate=10368000)], duration=130.0, views=8932)]",mcafee,<mention> <mention> #PatMC <hyperlink>
8922,2022-06-16 17:00:00,235,EvanWilliamsUSA,"[Photo(previewUrl='https://pbs.twimg.com/media/FVKISe2WAAA6w48?format=jpg&name=small', fullUrl='https://pbs.twimg.com/media/FVKISe2WAAA6w48?format=jpg&name=large')]",williams,<mention> <mention> I'm so proud of you! <hyperlink>
8265,2021-03-13 21:40:09,11097,CNNPolitics,"[Photo(previewUrl='https://pbs.twimg.com/media/EwY-0HQWEAMTxIE?format=jpg&name=small', fullUrl='https://pbs.twimg.com/media/EwY-0HQWEAMTxIE?format=jpg&name=large')]",cnn,"President Donald Trump says he will not attend the Republican National Convention in Cleveland, Ohio <hyperlink>"
9697,2021-11-24 16:15:59,178,MetroUK,"[Photo(previewUrl='https://pbs.twimg.com/media/FE-KuZWWYAc00W6?format=png&name=small', fullUrl='https://pbs.twimg.com/media/FE-KuZWWYAc00W6?format=png&name=large')]",metro,It's been a busy week for <mention> - here's a look back at some of the highlights. <hyperlink>
1632,2022-09-03 06:00:00,406,SamsungMobile,"[Video(thumbnailUrl='https://pbs.twimg.com/media/Fbpx8XGUsAAGZJN.jpg', variants=[VideoVariant(contentType='application/x-mpegURL', url='https://video.twimg.com/amplify_video/1565686180867235840/pl/9v27qnzF1HLckozs.m3u8?tag=14&container=fmp4', bitrate=None), VideoVariant(contentType='video/mp4', url='https://video.twimg.com/amplify_video/1565686180867235840/vid/540x540/C0Myf7SBtltSmDrf.mp4?tag=14', bitrate=832000), VideoVariant(contentType='video/mp4', url='https://video.twimg.com/amplify_video/1565686180867235840/vid/320x320/zcc0DtEAp6IcPPDo.mp4?tag=14', bitrate=432000), VideoVariant(contentType='video/mp4', url='https://video.twimg.com/amplify_video/1565686180867235840/vid/720x720/sA-DsRdFJPQVIuq-.mp4?tag=14', bitrate=1280000)], duration=36.666, views=9255)]",samsung,The #GalaxyS20 is the first smartphone to feature a 120Hz Super AMOLED display. <hyperlink>
5171,2021-12-24 19:05:02,0,armnewsteam,"[Photo(previewUrl='https://pbs.twimg.com/media/FHZSASeXMAgmkWW?format=png&name=small', fullUrl='https://pbs.twimg.com/media/FHZSASeXMAgmkWW?format=png&name=large')]",arm,#ARM2020 is now live! <hyperlink>
7206,2022-11-10 20:32:42,832,Maister_SSB,"[Video(thumbnailUrl='https://pbs.twimg.com/ext_tw_video_thumb/1590804448376414210/pu/img/SvlCPWD3k3Y0O4Cm.jpg', variants=[VideoVariant(contentType='video/mp4', url='https://video.twimg.com/ext_tw_video/1590804448376414210/pu/vid/480x270/Vorvs25udInbIjsq.mp4?tag=12', bitrate=256000), VideoVariant(contentType='video/mp4', url='https://video.twimg.com/ext_tw_video/1590804448376414210/pu/vid/1280x720/2IroUNprfzteRF6d.mp4?tag=12', bitrate=2176000), VideoVariant(contentType='application/x-mpegURL', url='https://video.twimg.com/ext_tw_video/1590804448376414210/pu/pl/ZV4ToCrJ6TvpNO-n.m3u8?tag=12&container=fmp4', bitrate=None), VideoVariant(contentType='video/mp4', url='https://video.twimg.com/ext_tw_video/1590804448376414210/pu/vid/640x360/q5hyxZmt6GftAQEY.mp4?tag=12', bitrate=832000)], duration=30.2, views=13682)]",free,<mention> <mention> What's your favorite character in the game? <hyperlink>
2523,2022-11-18 09:16:44,1266,ICICIBank,"[Photo(previewUrl='https://pbs.twimg.com/media/Fh1eYRNaYAALjqw?format=jpg&name=small', fullUrl='https://pbs.twimg.com/media/Fh1eYRNaYAALjqw?format=jpg&name=large')]",icici bank,We are excited to announce the launch of <mention> in India. #ICICI <hyperlink>
2216,2021-12-17 01:00:04,4,CiscoANZ,"[Photo(previewUrl='https://pbs.twimg.com/media/FGxWifBX0AAwIPt?format=jpg&name=small', fullUrl='https://pbs.twimg.com/media/FGxWifBX0AAwIPt?format=jpg&name=large'), Photo(previewUrl='https://pbs.twimg.com/media/FGxWjD7XsAE0_Kc?format=jpg&name=small', fullUrl='https://pbs.twimg.com/media/FGxWjD7XsAE0_Kc?format=jpg&name=large')]",cisco,"We’re excited to announce the launch of our new #CiscoCloudPlatform, which is designed to help you accelerate your cloud journey. Learn more about it here: <hyperlink> . Write your thoughts in the comments below. #Cisco #Cloud #CloudPlatform #CloudComputing #cloud #cloudcomputing #CloudTech #cloudtech #cloudtechnology #cloudtechnologies #cloudsolution #cloudsolutions #cloudservices #cloudservice #cloudservicing #cloudsupport #cloudprovider #cloud"
6969,2022-10-20 00:00:02,4,CiscoIoT,"[Photo(previewUrl='https://pbs.twimg.com/media/FfeI4yOXwAQ3Pp6?format=jpg&name=small', fullUrl='https://pbs.twimg.com/media/FfeI4yOXwAQ3Pp6?format=jpg&name=large')]",cisco,#IoT is the future of business. #IoT <mention> <hyperlink>
